,Caudal afluente médio diário (m3/s),FLAG,Caudal afluente médio diário mensal (m3/s),FLAG,Caudal bombeado médio diário (m3/s),FLAG,Caudal descarregado médio diário (m3/s),FLAG,Caudal efluente médio diário (m3/s),FLAG,Caudal transferido horário (m3/s),FLAG,Caudal turbinado médio diário (m3/s),FLAG,Consumo para producão de energia mensal (dam3),FLAG,Consumo para usos diversos mensal (dam3),FLAG,Cota da albufeira (m),FLAG,Cota da albufeira na última hora (m),FLAG,Descarga de fundo mensal (dam3),FLAG,Descarga de superficie mensal (dam3),FLAG,Volume afluente Mensal (dam3),FLAG,Volume armazenado (convencional) (dam3),FLAG,Volume armazenado mensal (final do mês) (dam3),FLAG,Volume armazenado na última hora (dam3),FLAG,
01/01/2023 00:00,222.28,(vau),123.18,(vc),,,168.97,(vau),230.96,(vc),0,,61.99,(vau),,,,,157.31,(vau),,,,,,,329925.31,(vc),,,,,,,
01/01/2023 01:00,,,,,,,,,,,0,,,,,,,,157.12,(vau),,,,,,,,,,,,,,,
01/01/2023 02:00,,,,,,,,,,,0,,,,,,,,156.99,(vau),,,,,,,,,,,,,,,
01/01/2023 03:00,,,,,,,,,,,0,,,,,,,,156.77,(vau),,,,,,,,,,,,,,,
01/01/2023 04:00,,,,,,,,,,,0,,,,,,,,156.62,(vau),,,,,,,,,,,,,,,
01/01/2023 05:00,,,,,,,,,,,0,,,,,,,,156.32,(vau),,,,,,,,,,,,,,,
01/01/2023 06:00,,,,,,,,,,,0,,,,,,,,156.02,(vau),,,,,,,,,,,,,,,
01/01/2023 07:00,,,,,,,,,,,0,,,,,,,,155.79,(vau),,,,,,,,,,,,,,,
01/01/2023 08:00,,,,,,,,,,,0,,,,,,,,155.63,(vau),,,,,,,,,,,,,,,
01/01/2023 09:00,,,,,,,,,,,0,,,,,,,,155.62,(vau),,,,,,,,,,,,,,,
01/01/2023 10:00,,,,,,,,,,,0,,,,,,,,155.65,(vau),,,,,,,,,,,,,,,
01/01/2023 11:00,,,,,,,,,,,0,,,,,,,,155.64,(vau),,,,,,,,,,,,,,,
01/01/2023 12:00,,,,,,,,,,,0,,,,,,,,155.87,(vau),,,,,,,,,,,,,,,
01/01/2023 13:00,,,,,,,,,,,0,,,,,,,,156.05,(vau),,,,,,,,,,,,,,,
01/01/2023 14:00,,,,,,,,,,,0,,,,,,,,156.19,(vau),,,,,,,,,,,,,,,
01/01/2023 15:00,,,,,,,,,,,0,,,,,,,,156.36,(vau),,,,,,,,,,,,,,,
01/01/2023 16:00,,,,,,,,,,,0,,,,,,,,156.6,(vau),,,,,,,,,,,,,,,
01/01/2023 17:00,,,,,,,,,,,0,,,,,,,,156.8,(vau),,,,,,,,,,,,,,,
01/01/2023 18:00,,,,,,,,,,,0,,,,,,,,156.85,(vau),,,,,,,,,,,,,,,
01/01/2023 19:00,,,,,,,,,,,0,,,,,,,,156.82,(vau),,,,,,,,,,,,,,,
01/01/2023 20:00,,,,,,,,,,,0,,,,,,,,156.82,(vau),,,,,,,,,,,,,,,
01/01/2023 21:00,,,,,,,,,,,0,,,,,,,,156.84,(vau),,,,,,,,,,,,,,,
01/01/2023 22:00,,,,,,,,,,,0,,,,,,,,156.85,(vau),,,,,,,,,,,,,,,
01/01/2023 23:00,,,,,,,,,,,0,,,,,,,,156.84,(vau),156.84,,,,,,,,,,,,129410,,
02/01/2023 00:00,245.86,(vau),,,,,114.21,(vau),182.21,(vc),0,,68,(vau),,,,,156.79,(vau),,,,,,,,,,,,,,,
02/01/2023 01:00,,,,,,,,,,,0,,,,,,,,156.65,(vau),,,,,,,,,,,,,,,
02/01/2023 02:00,,,,,,,,,,,0,,,,,,,,156.58,(vau),,,,,,,,,,,,,,,
02/01/2023 03:00,,,,,,,,,,,0,,,,,,,,156.58,(vau),,,,,,,,,,,,,,,
02/01/2023 04:00,,,,,,,,,,,0,,,,,,,,156.51,(vau),,,,,,,,,,,,,,,
02/01/2023 05:00,,,,,,,,,,,0,,,,,,,,156.41,(vau),,,,,,,,,,,,,,,
02/01/2023 06:00,,,,,,,,,,,0,,,,,,,,156.44,(vau),,,,,,,,,,,,,,,
02/01/2023 07:00,,,,,,,,,,,0,,,,,,,,156.38,(vau),,,,,,,,,,,,,,,
02/01/2023 08:00,,,,,,,,,,,0,,,,,,,,156.3,(vau),,,,,,,,,,,,,,,
02/01/2023 09:00,,,,,,,,,,,0,,,,,,,,156.3,(vau),,,,,,,,,,,,,,,
02/01/2023 10:00,,,,,,,,,,,0,,,,,,,,156.33,(vau),,,,,,,,,,,,,,,
02/01/2023 11:00,,,,,,,,,,,0,,,,,,,,156.36,(vau),,,,,,,,,,,,,,,
02/01/2023 12:00,,,,,,,,,,,0,,,,,,,,156.51,(vau),,,,,,,,,,,,,,,
02/01/2023 13:00,,,,,,,,,,,0,,,,,,,,156.69,(vau),,,,,,,,,,,,,,,
02/01/2023 14:00,,,,,,,,,,,0,,,,,,,,156.84,(vau),,,,,,,,,,,,,,,
02/01/2023 15:00,,,,,,,,,,,0,,,,,,,,156.99,(vau),,,,,,,,,,,,,,,
02/01/2023 16:00,,,,,,,,,,,0,,,,,,,,157.08,(vau),,,,,,,,,,,,,,,
02/01/2023 17:00,,,,,,,,,,,0,,,,,,,,157.16,(vau),,,,,,,,,,,,,,,
02/01/2023 18:00,,,,,,,,,,,0,,,,,,,,157.24,(vau),,,,,,,,,,,,,,,
02/01/2023 19:00,,,,,,,,,,,0,,,,,,,,157.4,(vau),,,,,,,,,,,,,,,
02/01/2023 20:00,,,,,,,,,,,0,,,,,,,,157.57,(vau),,,,,,,,,,,,,,,
02/01/2023 21:00,,,,,,,,,,,0,,,,,,,,157.69,(vau),,,,,,,,,,,,,,,
02/01/2023 22:00,,,,,,,,,,,0,,,,,,,,157.83,(vau),,,,,,,,,,,,,,,
02/01/2023 23:00,,,,,,,,,,,0,,,,,,,,156.36,(vdd),156.36,(vdd),,,,,,,127030,,,,127030,,
03/01/2023 00:00,112.7,(vau),,,,,0,(vau),68,(vc),0,,68,(vau),,,,,157.88,(vau),,,,,,,,,,,,,,,
03/01/2023 01:00,,,,,,,,,,,0,,,,,,,,157.85,(vau),,,,,,,,,,,,,,,
03/01/2023 02:00,,,,,,,,,,,0,,,,,,,,157.87,(vau),,,,,,,,,,,,,,,
03/01/2023 03:00,,,,,,,,,,,0,,,,,,,,157.83,(vau),,,,,,,,,,,,,,,
03/01/2023 04:00,,,,,,,,,,,0,,,,,,,,157.84,(vau),,,,,,,,,,,,,,,
03/01/2023 05:00,,,,,,,,,,,0,,,,,,,,157.88,(vau),,,,,,,,,,,,,,,
03/01/2023 06:00,,,,,,,,,,,0,,,,,,,,157.87,(vau),,,,,,,,,,,,,,,
03/01/2023 07:00,,,,,,,,,,,0,,,,,,,,157.91,(vau),,,,,,,,,,,,,,,
03/01/2023 08:00,,,,,,,,,,,0,,,,,,,,158.1,(vau),,,,,,,,,,,,,,,
03/01/2023 09:00,,,,,,,,,,,0,,,,,,,,158.27,(vau),,,,,,,,,,,,,,,
03/01/2023 10:00,,,,,,,,,,,0,,,,,,,,158.28,(vau),,,,,,,,,,,,,,,
03/01/2023 11:00,,,,,,,,,,,0,,,,,,,,158.35,(vau),,,,,,,,,,,,,,,
03/01/2023 12:00,,,,,,,,,,,0,,,,,,,,158.35,(vau),,,,,,,,,,,,,,,
03/01/2023 13:00,,,,,,,,,,,0,,,,,,,,158.27,(vau),,,,,,,,,,,,,,,
03/01/2023 14:00,,,,,,,,,,,0,,,,,,,,158.27,(vau),,,,,,,,,,,,,,,
03/01/2023 15:00,,,,,,,,,,,0,,,,,,,,158.21,(vau),,,,,,,,,,,,,,,
03/01/2023 16:00,,,,,,,,,,,0,,,,,,,,158.19,(vau),,,,,,,,,,,,,,,
03/01/2023 17:00,,,,,,,,,,,0,,,,,,,,158.27,(vau),,,,,,,,,,,,,,,
03/01/2023 18:00,,,,,,,,,,,0,,,,,,,,158.43,(vau),,,,,,,,,,,,,,,
03/01/2023 19:00,,,,,,,,,,,0,,,,,,,,158.59,(vau),,,,,,,,,,,,,,,
03/01/2023 20:00,,,,,,,,,,,0,,,,,,,,158.68,(vau),,,,,,,,,,,,,,,
03/01/2023 21:00,,,,,,,,,,,0,,,,,,,,158.68,(vau),,,,,,,,,,,,,,,
03/01/2023 22:00,,,,,,,,,,,0,,,,,,,,158.66,(vau),,,,,,,,,,,,,,,
03/01/2023 23:00,,,,,,,,,,,0,,,,,,,,158.6,(vau),158.6,(vau),,,,,,,,,,,138320,,
04/01/2023 00:00,109.9,(vau),,,,,14.24,(vau),82.24,(vc),0,,68,(vau),,,,,158.6,(vau),,,,,,,,,,,,,,,
04/01/2023 01:00,,,,,,,,,,,0,,,,,,,,158.52,(vau),,,,,,,,,,,,,,,
04/01/2023 02:00,,,,,,,,,,,0,,,,,,,,158.52,(vau),,,,,,,,,,,,,,,
04/01/2023 03:00,,,,,,,,,,,0,,,,,,,,158.52,(vau),,,,,,,,,,,,,,,
04/01/2023 04:00,,,,,,,,,,,0,,,,,,,,158.44,(vau),,,,,,,,,,,,,,,
04/01/2023 05:00,,,,,,,,,,,0,,,,,,,,158.51,(vau),,,,,,,,,,,,,,,
04/01/2023 06:00,,,,,,,,,,,0,,,,,,,,158.44,(vau),,,,,,,,,,,,,,,
04/01/2023 07:00,,,,,,,,,,,0,,,,,,,,158.43,(vau),,,,,,,,,,,,,,,
04/01/2023 08:00,,,,,,,,,,,0,,,,,,,,158.52,(vau),,,,,,,,,,,,,,,
04/01/2023 09:00,,,,,,,,,,,0,,,,,,,,158.72,(vau),,,,,,,,,,,,,,,
04/01/2023 10:00,,,,,,,,,,,0,,,,,,,,158.72,(vau),,,,,,,,,,,,,,,
04/01/2023 11:00,,,,,,,,,,,0,,,,,,,,158.8,(vau),,,,,,,,,,,,,,,
04/01/2023 12:00,,,,,,,,,,,0,,,,,,,,158.83,(vau),,,,,,,,,,,,,,,
04/01/2023 13:00,,,,,,,,,,,0,,,,,,,,158.73,(vau),,,,,,,,,,,,,,,
04/01/2023 14:00,,,,,,,,,,,0,,,,,,,,158.69,(vau),,,,,,,,,,,,,,,
04/01/2023 15:00,,,,,,,,,,,0,,,,,,,,158.71,(vau),,,,,,,,,,,,,,,
04/01/2023 16:00,,,,,,,,,,,0,,,,,,,,158.6,(vau),,,,,,,,,,,,,,,
04/01/2023 17:00,,,,,,,,,,,0,,,,,,,,158.72,(vau),,,,,,,,,,,,,,,
04/01/2023 18:00,,,,,,,,,,,0,,,,,,,,158.87,(vau),,,,,,,,,,,,,,,
04/01/2023 19:00,,,,,,,,,,,0,,,,,,,,158.87,(vau),,,,,,,,,,,,,,,
04/01/2023 20:00,,,,,,,,,,,0,,,,,,,,159.02,(vau),,,,,,,,,,,,,,,
04/01/2023 21:00,,,,,,,,,,,0,,,,,,,,159.07,(vau),,,,,,,,,,,,,,,
04/01/2023 22:00,,,,,,,,,,,0,,,,,,,,158.95,(vau),,,,,,,,,,,,,,,
04/01/2023 23:00,,,,,,,,,,,0,,,,,,,,158.99,(vau),158.99,(vau),,,,,,,,,,,140440,,
05/01/2023 00:00,124.52,(vau),,,,,78.67,(vau),146.67,(vc),0,,68,(vau),,,,,158.91,(vau),,,,,,,,,,,,,,,
05/01/2023 01:00,,,,,,,,,,,0,,,,,,,,158.88,(vau),,,,,,,,,,,,,,,
05/01/2023 02:00,,,,,,,,,,,0,,,,,,,,158.88,(vau),,,,,,,,,,,,,,,
05/01/2023 03:00,,,,,,,,,,,0,,,,,,,,158.76,(vau),,,,,,,,,,,,,,,
05/01/2023 04:00,,,,,,,,,,,0,,,,,,,,158.76,(vau),,,,,,,,,,,,,,,
05/01/2023 05:00,,,,,,,,,,,0,,,,,,,,158.7,(vau),,,,,,,,,,,,,,,
05/01/2023 06:00,,,,,,,,,,,0,,,,,,,,158.6,(vau),,,,,,,,,,,,,,,
05/01/2023 07:00,,,,,,,,,,,0,,,,,,,,158.6,(vau),,,,,,,,,,,,,,,
05/01/2023 08:00,,,,,,,,,,,0,,,,,,,,158.7,(vau),,,,,,,,,,,,,,,
05/01/2023 09:00,,,,,,,,,,,0,,,,,,,,158.73,(vau),,,,,,,,,,,,,,,
05/01/2023 10:00,,,,,,,,,,,0,,,,,,,,158.74,(vau),,,,,,,,,,,,,,,
05/01/2023 11:00,,,,,,,,,,,0,,,,,,,,158.66,(vau),,,,,,,,,,,,,,,
05/01/2023 12:00,,,,,,,,,,,0,,,,,,,,158.55,(vau),,,,,,,,,,,,,,,
05/01/2023 13:00,,,,,,,,,,,0,,,,,,,,158.52,(vau),,,,,,,,,,,,,,,
05/01/2023 14:00,,,,,,,,,,,0,,,,,,,,158.36,(vau),,,,,,,,,,,,,,,
05/01/2023 15:00,,,,,,,,,,,0,,,,,,,,158.28,(vau),,,,,,,,,,,,,,,
05/01/2023 16:00,,,,,,,,,,,0,,,,,,,,158.26,(vau),,,,,,,,,,,,,,,
05/01/2023 17:00,,,,,,,,,,,0,,,,,,,,158.19,(vau),,,,,,,,,,,,,,,
05/01/2023 18:00,,,,,,,,,,,0,,,,,,,,158.29,(vau),,,,,,,,,,,,,,,
05/01/2023 19:00,,,,,,,,,,,0,,,,,,,,158.37,(vau),,,,,,,,,,,,,,,
05/01/2023 20:00,,,,,,,,,,,0,,,,,,,,158.43,(vau),,,,,,,,,,,,,,,
05/01/2023 21:00,,,,,,,,,,,0,,,,,,,,158.52,(vau),,,,,,,,,,,,,,,
05/01/2023 22:00,,,,,,,,,,,0,,,,,,,,158.6,(vau),,,,,,,,,,,,,,,
05/01/2023 23:00,,,,,,,,,,,0,,,,,,,,158.59,(vau),158.59,(vau),,,,,,,,,,,138270,,
06/01/2023 00:00,256.63,(vau),,,,,140.13,(vau),208.13,(vc),0,,68,(vau),,,,,158.59,(vau),,,,,,,,,,,,,,,
06/01/2023 01:00,,,,,,,,,,,0,,,,,,,,158.7,(vau),,,,,,,,,,,,,,,
06/01/2023 02:00,,,,,,,,,,,0,,,,,,,,158.76,(vau),,,,,,,,,,,,,,,
06/01/2023 03:00,,,,,,,,,,,0,,,,,,,,158.82,(vau),,,,,,,,,,,,,,,
06/01/2023 04:00,,,,,,,,,,,0,,,,,,,,158.9,(vau),,,,,,,,,,,,,,,
06/01/2023 05:00,,,,,,,,,,,0,,,,,,,,158.96,(vau),,,,,,,,,,,,,,,
06/01/2023 06:00,,,,,,,,,,,0,,,,,,,,159.05,(vau),,,,,,,,,,,,,,,
06/01/2023 07:00,,,,,,,,,,,0,,,,,,,,159.1,(vau),,,,,,,,,,,,,,,
06/01/2023 08:00,,,,,,,,,,,0,,,,,,,,159.18,(vau),,,,,,,,,,,,,,,
06/01/2023 09:00,,,,,,,,,,,0,,,,,,,,159.24,(vau),,,,,,,,,,,,,,,
06/01/2023 10:00,,,,,,,,,,,0,,,,,,,,159.27,(vau),,,,,,,,,,,,,,,
06/01/2023 11:00,,,,,,,,,,,0,,,,,,,,159.3,(vau),,,,,,,,,,,,,,,
06/01/2023 12:00,,,,,,,,,,,0,,,,,,,,159.34,(vau),,,,,,,,,,,,,,,
06/01/2023 13:00,,,,,,,,,,,0,,,,,,,,159.35,(vau),,,,,,,,,,,,,,,
06/01/2023 14:00,,,,,,,,,,,0,,,,,,,,159.38,(vau),,,,,,,,,,,,,,,
06/01/2023 15:00,,,,,,,,,,,0,,,,,,,,159.4,(vau),,,,,,,,,,,,,,,
06/01/2023 16:00,,,,,,,,,,,0,,,,,,,,159.41,(vau),,,,,,,,,,,,,,,
06/01/2023 17:00,,,,,,,,,,,0,,,,,,,,159.4,(vau),,,,,,,,,,,,,,,
06/01/2023 18:00,,,,,,,,,,,0,,,,,,,,159.41,(vau),,,,,,,,,,,,,,,
06/01/2023 19:00,,,,,,,,,,,0,,,,,,,,159.4,(vau),,,,,,,,,,,,,,,
06/01/2023 20:00,,,,,,,,,,,0,,,,,,,,159.38,(vau),,,,,,,,,,,,,,,
06/01/2023 21:00,,,,,,,,,,,0,,,,,,,,159.35,(vau),,,,,,,,,,,,,,,
06/01/2023 22:00,,,,,,,,,,,0,,,,,,,,159.33,(vau),,,,,,,,,,,,,,,
06/01/2023 23:00,,,,,,,,,,,0,,,,,,,,159.3,(vau),159.3,(vau),,,,,,,,,,,142190,,
07/01/2023 00:00,178.83,(vau),,,,,117.97,(vau),185.57,(vc),0,,67.6,(vau),,,,,159.28,(vau),,,,,,,,,,,,,,,
07/01/2023 01:00,,,,,,,,,,,0,,,,,,,,159.32,(vau),,,,,,,,,,,,,,,
07/01/2023 02:00,,,,,,,,,,,0,,,,,,,,159.2,(vau),,,,,,,,,,,,,,,
07/01/2023 03:00,,,,,,,,,,,0,,,,,,,,159.07,(vau),,,,,,,,,,,,,,,
07/01/2023 04:00,,,,,,,,,,,0,,,,,,,,159.08,(vau),,,,,,,,,,,,,,,
07/01/2023 05:00,,,,,,,,,,,0,,,,,,,,158.93,(vau),,,,,,,,,,,,,,,
07/01/2023 06:00,,,,,,,,,,,0,,,,,,,,158.82,(vau),,,,,,,,,,,,,,,
07/01/2023 07:00,,,,,,,,,,,0,,,,,,,,158.8,(vau),,,,,,,,,,,,,,,
07/01/2023 08:00,,,,,,,,,,,0,,,,,,,,158.71,(vau),,,,,,,,,,,,,,,
07/01/2023 09:00,,,,,,,,,,,0,,,,,,,,158.68,(vau),,,,,,,,,,,,,,,
07/01/2023 10:00,,,,,,,,,,,0,,,,,,,,158.74,(vau),,,,,,,,,,,,,,,
07/01/2023 11:00,,,,,,,,,,,0,,,,,,,,158.7,(vau),,,,,,,,,,,,,,,
07/01/2023 12:00,,,,,,,,,,,0,,,,,,,,158.74,(vau),,,,,,,,,,,,,,,
07/01/2023 13:00,,,,,,,,,,,0,,,,,,,,158.77,(vau),,,,,,,,,,,,,,,
07/01/2023 14:00,,,,,,,,,,,0,,,,,,,,158.79,(vau),,,,,,,,,,,,,,,
07/01/2023 15:00,,,,,,,,,,,0,,,,,,,,158.8,(vau),,,,,,,,,,,,,,,
07/01/2023 16:00,,,,,,,,,,,0,,,,,,,,158.7,(vau),,,,,,,,,,,,,,,
07/01/2023 17:00,,,,,,,,,,,0,,,,,,,,158.8,(vau),,,,,,,,,,,,,,,
07/01/2023 18:00,,,,,,,,,,,0,,,,,,,,158.82,(vau),,,,,,,,,,,,,,,
07/01/2023 19:00,,,,,,,,,,,0,,,,,,,,158.9,(vau),,,,,,,,,,,,,,,
07/01/2023 20:00,,,,,,,,,,,0,,,,,,,,159.01,(vau),,,,,,,,,,,,,,,
07/01/2023 21:00,,,,,,,,,,,0,,,,,,,,159.08,(vau),,,,,,,,,,,,,,,
07/01/2023 22:00,,,,,,,,,,,0,,,,,,,,159.1,(vau),,,,,,,,,,,,,,,
07/01/2023 23:00,,,,,,,,,,,0,,,,,,,,159.15,(vau),159.15,,,,,,,,,,,,141340,,
08/01/2023 00:00,104.35,(vau),,,,,32.83,(vau),100.83,(vc),0,,68,(vau),,,,,159.12,(vau),,,,,,,,,,,,,,,
08/01/2023 01:00,,,,,,,,,,,0,,,,,,,,159.04,(vau),,,,,,,,,,,,,,,
08/01/2023 02:00,,,,,,,,,,,0,,,,,,,,159.07,(vau),,,,,,,,,,,,,,,
08/01/2023 03:00,,,,,,,,,,,0,,,,,,,,159.07,(vau),,,,,,,,,,,,,,,
08/01/2023 04:00,,,,,,,,,,,0,,,,,,,,159.03,(vau),,,,,,,,,,,,,,,
08/01/2023 05:00,,,,,,,,,,,0,,,,,,,,159.07,(vau),,,,,,,,,,,,,,,
08/01/2023 06:00,,,,,,,,,,,0,,,,,,,,159.09,(vau),,,,,,,,,,,,,,,
08/01/2023 07:00,,,,,,,,,,,0,,,,,,,,159.16,(vau),,,,,,,,,,,,,,,
08/01/2023 08:00,,,,,,,,,,,0,,,,,,,,159.15,(vau),,,,,,,,,,,,,,,
08/01/2023 09:00,,,,,,,,,,,0,,,,,,,,159.08,(vau),,,,,,,,,,,,,,,
08/01/2023 10:00,,,,,,,,,,,0,,,,,,,,159.2,(vau),,,,,,,,,,,,,,,
08/01/2023 11:00,,,,,,,,,,,0,,,,,,,,159.23,(vau),,,,,,,,,,,,,,,
08/01/2023 12:00,,,,,,,,,,,0,,,,,,,,159.16,(vau),,,,,,,,,,,,,,,
08/01/2023 13:00,,,,,,,,,,,0,,,,,,,,159.15,(vau),,,,,,,,,,,,,,,
08/01/2023 14:00,,,,,,,,,,,0,,,,,,,,158.92,(vau),,,,,,,,,,,,,,,
08/01/2023 15:00,,,,,,,,,,,0,,,,,,,,158.99,(vau),,,,,,,,,,,,,,,
08/01/2023 16:00,,,,,,,,,,,0,,,,,,,,158.99,(vau),,,,,,,,,,,,,,,
08/01/2023 17:00,,,,,,,,,,,0,,,,,,,,158.9,(vau),,,,,,,,,,,,,,,
08/01/2023 18:00,,,,,,,,,,,0,,,,,,,,158.88,(vau),,,,,,,,,,,,,,,
08/01/2023 19:00,,,,,,,,,,,0,,,,,,,,158.91,(vau),,,,,,,,,,,,,,,
08/01/2023 20:00,,,,,,,,,,,0,,,,,,,,158.83,(vau),,,,,,,,,,,,,,,
08/01/2023 21:00,,,,,,,,,,,0,,,,,,,,159.07,(vau),,,,,,,,,,,,,,,
08/01/2023 22:00,,,,,,,,,,,0,,,,,,,,158.92,(vau),,,,,,,,,,,,,,,
08/01/2023 23:00,,,,,,,,,,,0,,,,,,,,161.29,(vdd),158.84,,,,,,,,154000,,,,154000,,
09/01/2023 00:00,155.65,(vau),,,,,32.4,(vau),100.04,(vc),0,,67.65,(vau),,,,,158.91,(vau),,,,,,,,,,,,,,,
09/01/2023 01:00,,,,,,,,,,,0,,,,,,,,158.82,(vau),,,,,,,,,,,,,,,
09/01/2023 02:00,,,,,,,,,,,0,,,,,,,,158.77,(vau),,,,,,,,,,,,,,,
09/01/2023 03:00,,,,,,,,,,,0,,,,,,,,158.79,(vau),,,,,,,,,,,,,,,
09/01/2023 04:00,,,,,,,,,,,0,,,,,,,,158.68,(vau),,,,,,,,,,,,,,,
09/01/2023 05:00,,,,,,,,,,,0,,,,,,,,158.82,(vau),,,,,,,,,,,,,,,
09/01/2023 06:00,,,,,,,,,,,0,,,,,,,,158.72,(vau),,,,,,,,,,,,,,,
09/01/2023 07:00,,,,,,,,,,,0,,,,,,,,158.74,(vau),,,,,,,,,,,,,,,
09/01/2023 08:00,,,,,,,,,,,0,,,,,,,,158.94,(vau),,,,,,,,,,,,,,,
09/01/2023 09:00,,,,,,,,,,,0,,,,,,,,158.98,(vau),,,,,,,,,,,,,,,
09/01/2023 10:00,,,,,,,,,,,0,,,,,,,,158.99,(vau),,,,,,,,,,,,,,,
09/01/2023 11:00,,,,,,,,,,,0,,,,,,,,159.19,(vau),,,,,,,,,,,,,,,
09/01/2023 12:00,,,,,,,,,,,0,,,,,,,,159.16,(vau),,,,,,,,,,,,,,,
09/01/2023 13:00,,,,,,,,,,,0,,,,,,,,159.16,(vau),,,,,,,,,,,,,,,
09/01/2023 14:00,,,,,,,,,,,0,,,,,,,,159.16,(vau),,,,,,,,,,,,,,,
09/01/2023 15:00,,,,,,,,,,,0,,,,,,,,159.08,(vau),,,,,,,,,,,,,,,
09/01/2023 16:00,,,,,,,,,,,0,,,,,,,,159.16,(vau),,,,,,,,,,,,,,,
09/01/2023 17:00,,,,,,,,,,,0,,,,,,,,159.24,(vau),,,,,,,,,,,,,,,
09/01/2023 18:00,,,,,,,,,,,0,,,,,,,,159.21,(vau),,,,,,,,,,,,,,,
09/01/2023 19:00,,,,,,,,,,,0,,,,,,,,159.29,(vau),,,,,,,,,,,,,,,
09/01/2023 20:00,,,,,,,,,,,0,,,,,,,,159.35,(vau),,,,,,,,,,,,,,,
09/01/2023 21:00,,,,,,,,,,,0,,,,,,,,159.46,(vau),,,,,,,,,,,,,,,
09/01/2023 22:00,,,,,,,,,,,0,,,,,,,,159.63,(vau),,,,,,,,,,,,,,,
09/01/2023 23:00,,,,,,,,,,,0,,,,,,,,158.94,(vdd),159.64,,,,,,,,140000,,,,140000,,
10/01/2023 00:00,107.36,(vau),,,,,36.2,(vau),104.2,(vc),0,,68,(vau),,,,,159.73,(vau),,,,,,,,,,,,,,,
10/01/2023 01:00,,,,,,,,,,,0,,,,,,,,159.72,(vau),,,,,,,,,,,,,,,
10/01/2023 02:00,,,,,,,,,,,0,,,,,,,,159.62,(vau),,,,,,,,,,,,,,,
10/01/2023 03:00,,,,,,,,,,,0,,,,,,,,159.63,(vau),,,,,,,,,,,,,,,
10/01/2023 04:00,,,,,,,,,,,0,,,,,,,,159.54,(vau),,,,,,,,,,,,,,,
10/01/2023 05:00,,,,,,,,,,,0,,,,,,,,159.48,(vau),,,,,,,,,,,,,,,
10/01/2023 06:00,,,,,,,,,,,0,,,,,,,,159.47,(vau),,,,,,,,,,,,,,,
10/01/2023 07:00,,,,,,,,,,,0,,,,,,,,159.41,(vau),,,,,,,,,,,,,,,
10/01/2023 08:00,,,,,,,,,,,0,,,,,,,,159.49,(vau),,,,,,,,,,,,,,,
10/01/2023 09:00,,,,,,,,,,,0,,,,,,,,159.64,(vau),,,,,,,,,,,,,,,
10/01/2023 10:00,,,,,,,,,,,0,,,,,,,,159.64,(vau),,,,,,,,,,,,,,,
10/01/2023 11:00,,,,,,,,,,,0,,,,,,,,159.73,(vau),,,,,,,,,,,,,,,
10/01/2023 12:00,,,,,,,,,,,0,,,,,,,,159.79,(vau),,,,,,,,,,,,,,,
10/01/2023 13:00,,,,,,,,,,,0,,,,,,,,159.79,(vau),,,,,,,,,,,,,,,
10/01/2023 14:00,,,,,,,,,,,0,,,,,,,,159.8,(vau),,,,,,,,,,,,,,,
10/01/2023 15:00,,,,,,,,,,,0,,,,,,,,159.7,(vau),,,,,,,,,,,,,,,
10/01/2023 16:00,,,,,,,,,,,0,,,,,,,,159.73,(vau),,,,,,,,,,,,,,,
10/01/2023 17:00,,,,,,,,,,,0,,,,,,,,159.79,(vau),,,,,,,,,,,,,,,
10/01/2023 18:00,,,,,,,,,,,0,,,,,,,,159.8,(vau),,,,,,,,,,,,,,,
10/01/2023 19:00,,,,,,,,,,,0,,,,,,,,159.95,(vau),,,,,,,,,,,,,,,
10/01/2023 20:00,,,,,,,,,,,0,,,,,,,,159.87,(vau),,,,,,,,,,,,,,,
10/01/2023 21:00,,,,,,,,,,,0,,,,,,,,159.8,(vau),,,,,,,,,,,,,,,
10/01/2023 22:00,,,,,,,,,,,0,,,,,,,,159.72,(vau),,,,,,,,,,,,,,,
10/01/2023 23:00,,,,,,,,,,,0,,,,,,,,159.64,(vau),159.64,(vau),,,,,,,,,,,144150,,
11/01/2023 00:00,110.99,(vau),,,,,35.76,(vau),103.76,(vc),0,,68,(vau),,,,,159.63,(vau),,,,,,,,,,,,,,,
11/01/2023 01:00,,,,,,,,,,,0,,,,,,,,159.56,(vau),,,,,,,,,,,,,,,
11/01/2023 02:00,,,,,,,,,,,0,,,,,,,,159.48,(vau),,,,,,,,,,,,,,,
11/01/2023 03:00,,,,,,,,,,,0,,,,,,,,159.54,(vau),,,,,,,,,,,,,,,
11/01/2023 04:00,,,,,,,,,,,0,,,,,,,,159.49,(vau),,,,,,,,,,,,,,,
11/01/2023 05:00,,,,,,,,,,,0,,,,,,,,159.48,(vau),,,,,,,,,,,,,,,
11/01/2023 06:00,,,,,,,,,,,0,,,,,,,,159.46,(vau),,,,,,,,,,,,,,,
11/01/2023 07:00,,,,,,,,,,,0,,,,,,,,159.4,(vau),,,,,,,,,,,,,,,
11/01/2023 08:00,,,,,,,,,,,0,,,,,,,,159.48,(vau),,,,,,,,,,,,,,,
11/01/2023 09:00,,,,,,,,,,,0,,,,,,,,159.49,(vau),,,,,,,,,,,,,,,
11/01/2023 10:00,,,,,,,,,,,0,,,,,,,,159.63,(vau),,,,,,,,,,,,,,,
11/01/2023 11:00,,,,,,,,,,,0,,,,,,,,159.62,(vau),,,,,,,,,,,,,,,
11/01/2023 12:00,,,,,,,,,,,0,,,,,,,,159.55,(vau),,,,,,,,,,,,,,,
11/01/2023 13:00,,,,,,,,,,,0,,,,,,,,159.47,(vau),,,,,,,,,,,,,,,
11/01/2023 14:00,,,,,,,,,,,0,,,,,,,,159.47,(vau),,,,,,,,,,,,,,,
11/01/2023 15:00,,,,,,,,,,,0,,,,,,,,159.35,(vau),,,,,,,,,,,,,,,
11/01/2023 16:00,,,,,,,,,,,0,,,,,,,,159.32,(vau),,,,,,,,,,,,,,,
11/01/2023 17:00,,,,,,,,,,,0,,,,,,,,159.32,(vau),,,,,,,,,,,,,,,
11/01/2023 18:00,,,,,,,,,,,0,,,,,,,,159.4,(vau),,,,,,,,,,,,,,,
11/01/2023 19:00,,,,,,,,,,,0,,,,,,,,159.49,(vau),,,,,,,,,,,,,,,
11/01/2023 20:00,,,,,,,,,,,0,,,,,,,,159.57,(vau),,,,,,,,,,,,,,,
11/01/2023 21:00,,,,,,,,,,,0,,,,,,,,159.64,(vau),,,,,,,,,,,,,,,
11/01/2023 22:00,,,,,,,,,,,0,,,,,,,,159.7,(vau),,,,,,,,,,,,,,,
11/01/2023 23:00,,,,,,,,,,,0,,,,,,,,159.7,(vau),159.7,,,,,,,,,,,,144510,,
12/01/2023 00:00,119.51,(vau),,,,,35.97,(vau),103.97,(vc),0,,68,(vau),,,,,159.56,(vau),,,,,,,,,,,,,,,
12/01/2023 01:00,,,,,,,,,,,0,,,,,,,,159.54,(vau),,,,,,,,,,,,,,,
12/01/2023 02:00,,,,,,,,,,,0,,,,,,,,159.48,(vau),,,,,,,,,,,,,,,
12/01/2023 03:00,,,,,,,,,,,0,,,,,,,,159.41,(vau),,,,,,,,,,,,,,,
12/01/2023 04:00,,,,,,,,,,,0,,,,,,,,159.38,(vau),,,,,,,,,,,,,,,
12/01/2023 05:00,,,,,,,,,,,0,,,,,,,,159.34,(vau),,,,,,,,,,,,,,,
12/01/2023 06:00,,,,,,,,,,,0,,,,,,,,159.23,(vau),,,,,,,,,,,,,,,
12/01/2023 07:00,,,,,,,,,,,0,,,,,,,,159.35,(vau),,,,,,,,,,,,,,,
12/01/2023 08:00,,,,,,,,,,,0,,,,,,,,159.41,(vau),,,,,,,,,,,,,,,
12/01/2023 09:00,,,,,,,,,,,0,,,,,,,,159.54,(vau),,,,,,,,,,,,,,,
12/01/2023 10:00,,,,,,,,,,,0,,,,,,,,159.63,(vau),,,,,,,,,,,,,,,
12/01/2023 11:00,,,,,,,,,,,0,,,,,,,,159.62,(vau),,,,,,,,,,,,,,,
12/01/2023 12:00,,,,,,,,,,,0,,,,,,,,159.63,(vau),,,,,,,,,,,,,,,
12/01/2023 13:00,,,,,,,,,,,0,,,,,,,,159.56,(vau),,,,,,,,,,,,,,,
12/01/2023 14:00,,,,,,,,,,,0,,,,,,,,159.46,(vau),,,,,,,,,,,,,,,
12/01/2023 15:00,,,,,,,,,,,0,,,,,,,,159.47,(vau),,,,,,,,,,,,,,,
12/01/2023 16:00,,,,,,,,,,,0,,,,,,,,159.46,(vau),,,,,,,,,,,,,,,
12/01/2023 17:00,,,,,,,,,,,0,,,,,,,,159.62,(vau),,,,,,,,,,,,,,,
12/01/2023 18:00,,,,,,,,,,,0,,,,,,,,159.7,(vau),,,,,,,,,,,,,,,
12/01/2023 19:00,,,,,,,,,,,0,,,,,,,,159.79,(vau),,,,,,,,,,,,,,,
12/01/2023 20:00,,,,,,,,,,,0,,,,,,,,159.88,(vau),,,,,,,,,,,,,,,
12/01/2023 21:00,,,,,,,,,,,0,,,,,,,,159.98,(vau),,,,,,,,,,,,,,,
12/01/2023 22:00,,,,,,,,,,,0,,,,,,,,159.96,(vau),,,,,,,,,,,,,,,
12/01/2023 23:00,,,,,,,,,,,0,,,,,,,,159.88,(vau),159.88,,,,,,,,,,,,145580,,
13/01/2023 00:00,107.84,(vau),,,,,35.53,(vau),103.53,(vc),0,,68,(vau),,,,,159.8,(vau),,,,,,,,,,,,,,,
13/01/2023 01:00,,,,,,,,,,,0,,,,,,,,159.8,(vau),,,,,,,,,,,,,,,
13/01/2023 02:00,,,,,,,,,,,0,,,,,,,,159.72,(vau),,,,,,,,,,,,,,,
13/01/2023 03:00,,,,,,,,,,,0,,,,,,,,159.71,(vau),,,,,,,,,,,,,,,
13/01/2023 04:00,,,,,,,,,,,0,,,,,,,,159.49,(vau),,,,,,,,,,,,,,,
13/01/2023 05:00,,,,,,,,,,,0,,,,,,,,159.38,(vau),,,,,,,,,,,,,,,
13/01/2023 06:00,,,,,,,,,,,0,,,,,,,,159.41,(vau),,,,,,,,,,,,,,,
13/01/2023 07:00,,,,,,,,,,,0,,,,,,,,159.3,(vau),,,,,,,,,,,,,,,
13/01/2023 08:00,,,,,,,,,,,0,,,,,,,,159.21,(vau),,,,,,,,,,,,,,,
13/01/2023 09:00,,,,,,,,,,,0,,,,,,,,159.33,(vau),,,,,,,,,,,,,,,
13/01/2023 10:00,,,,,,,,,,,0,,,,,,,,159.35,(vau),,,,,,,,,,,,,,,
13/01/2023 11:00,,,,,,,,,,,0,,,,,,,,159.38,(vau),,,,,,,,,,,,,,,
13/01/2023 12:00,,,,,,,,,,,0,,,,,,,,159.38,(vau),,,,,,,,,,,,,,,
13/01/2023 13:00,,,,,,,,,,,0,,,,,,,,159.3,(vau),,,,,,,,,,,,,,,
13/01/2023 14:00,,,,,,,,,,,0,,,,,,,,159.24,(vau),,,,,,,,,,,,,,,
13/01/2023 15:00,,,,,,,,,,,0,,,,,,,,159.21,(vau),,,,,,,,,,,,,,,
13/01/2023 16:00,,,,,,,,,,,0,,,,,,,,159.13,(vau),,,,,,,,,,,,,,,
13/01/2023 17:00,,,,,,,,,,,0,,,,,,,,159.15,(vau),,,,,,,,,,,,,,,
13/01/2023 18:00,,,,,,,,,,,0,,,,,,,,159.3,(vau),,,,,,,,,,,,,,,
13/01/2023 19:00,,,,,,,,,,,0,,,,,,,,159.32,(vau),,,,,,,,,,,,,,,
13/01/2023 20:00,,,,,,,,,,,0,,,,,,,,159.47,(vau),,,,,,,,,,,,,,,
13/01/2023 21:00,,,,,,,,,,,0,,,,,,,,159.62,(vau),,,,,,,,,,,,,,,
13/01/2023 22:00,,,,,,,,,,,0,,,,,,,,159.64,(vau),,,,,,,,,,,,,,,
13/01/2023 23:00,,,,,,,,,,,0,,,,,,,,159.79,(vau),159.79,(vau),,,,,,,,,,,145040,,
14/01/2023 00:00,182.27,(vau),,,,,38.46,(vau),106.46,(vc),0,,68,(vau),,,,,159.8,(vau),,,,,,,,,,,,,,,
14/01/2023 01:00,,,,,,,,,,,0,,,,,,,,159.96,(vau),,,,,,,,,,,,,,,
14/01/2023 02:00,,,,,,,,,,,0,,,,,,,,160.08,(vau),,,,,,,,,,,,,,,
14/01/2023 03:00,,,,,,,,,,,0,,,,,,,,160.12,(vau),,,,,,,,,,,,,,,
14/01/2023 04:00,,,,,,,,,,,0,,,,,,,,160.19,(vau),,,,,,,,,,,,,,,
14/01/2023 05:00,,,,,,,,,,,0,,,,,,,,160.13,(vau),,,,,,,,,,,,,,,
14/01/2023 06:00,,,,,,,,,,,0,,,,,,,,160.19,(vau),,,,,,,,,,,,,,,
14/01/2023 07:00,,,,,,,,,,,0,,,,,,,,160.34,(vau),,,,,,,,,,,,,,,
14/01/2023 08:00,,,,,,,,,,,0,,,,,,,,160.29,(vau),,,,,,,,,,,,,,,
14/01/2023 09:00,,,,,,,,,,,0,,,,,,,,160.39,(vau),,,,,,,,,,,,,,,
14/01/2023 10:00,,,,,,,,,,,0,,,,,,,,160.45,(vau),,,,,,,,,,,,,,,
14/01/2023 11:00,,,,,,,,,,,0,,,,,,,,160.48,(vau),,,,,,,,,,,,,,,
14/01/2023 12:00,,,,,,,,,,,0,,,,,,,,160.59,(vau),,,,,,,,,,,,,,,
14/01/2023 13:00,,,,,,,,,,,0,,,,,,,,160.63,(vau),,,,,,,,,,,,,,,
14/01/2023 14:00,,,,,,,,,,,0,,,,,,,,160.63,(vau),,,,,,,,,,,,,,,
14/01/2023 15:00,,,,,,,,,,,0,,,,,,,,160.59,(vau),,,,,,,,,,,,,,,
14/01/2023 16:00,,,,,,,,,,,0,,,,,,,,160.52,(vau),,,,,,,,,,,,,,,
14/01/2023 17:00,,,,,,,,,,,0,,,,,,,,160.52,(vau),,,,,,,,,,,,,,,
14/01/2023 18:00,,,,,,,,,,,0,,,,,,,,160.51,(vau),,,,,,,,,,,,,,,
14/01/2023 19:00,,,,,,,,,,,0,,,,,,,,160.52,(vau),,,,,,,,,,,,,,,
14/01/2023 20:00,,,,,,,,,,,0,,,,,,,,160.69,(vau),,,,,,,,,,,,,,,
14/01/2023 21:00,,,,,,,,,,,0,,,,,,,,160.74,(vau),,,,,,,,,,,,,,,
14/01/2023 22:00,,,,,,,,,,,0,,,,,,,,160.83,(vau),,,,,,,,,,,,,,,
14/01/2023 23:00,,,,,,,,,,,0,,,,,,,,160.77,(vau),160.77,(vau),,,,,,,,,,,151310,,
15/01/2023 00:00,36.15,(vau),,,,,35.91,(vau),103.91,(vc),0,,68,(vau),,,,,160.6,(vau),,,,,,,,,,,,,,,
15/01/2023 01:00,,,,,,,,,,,0,,,,,,,,160.51,(vau),,,,,,,,,,,,,,,
15/01/2023 02:00,,,,,,,,,,,0,,,,,,,,160.32,(vau),,,,,,,,,,,,,,,
15/01/2023 03:00,,,,,,,,,,,0,,,,,,,,160.15,(vau),,,,,,,,,,,,,,,
15/01/2023 04:00,,,,,,,,,,,0,,,,,,,,160,(vau),,,,,,,,,,,,,,,
15/01/2023 05:00,,,,,,,,,,,0,,,,,,,,159.8,(vau),,,,,,,,,,,,,,,
15/01/2023 06:00,,,,,,,,,,,0,,,,,,,,159.72,(vau),,,,,,,,,,,,,,,
15/01/2023 07:00,,,,,,,,,,,0,,,,,,,,159.63,(vau),,,,,,,,,,,,,,,
15/01/2023 08:00,,,,,,,,,,,0,,,,,,,,159.56,(vau),,,,,,,,,,,,,,,
15/01/2023 09:00,,,,,,,,,,,0,,,,,,,,159.55,(vau),,,,,,,,,,,,,,,
15/01/2023 10:00,,,,,,,,,,,0,,,,,,,,159.55,(vau),,,,,,,,,,,,,,,
15/01/2023 11:00,,,,,,,,,,,0,,,,,,,,159.49,(vau),,,,,,,,,,,,,,,
15/01/2023 12:00,,,,,,,,,,,0,,,,,,,,159.41,(vau),,,,,,,,,,,,,,,
15/01/2023 13:00,,,,,,,,,,,0,,,,,,,,159.38,(vau),,,,,,,,,,,,,,,
15/01/2023 14:00,,,,,,,,,,,0,,,,,,,,159.3,(vau),,,,,,,,,,,,,,,
15/01/2023 15:00,,,,,,,,,,,0,,,,,,,,159.18,(vau),,,,,,,,,,,,,,,
15/01/2023 16:00,,,,,,,,,,,0,,,,,,,,158.99,(vau),,,,,,,,,,,,,,,
15/01/2023 17:00,,,,,,,,,,,0,,,,,,,,158.98,(vau),,,,,,,,,,,,,,,
15/01/2023 18:00,,,,,,,,,,,0,,,,,,,,158.95,(vau),,,,,,,,,,,,,,,
15/01/2023 19:00,,,,,,,,,,,0,,,,,,,,159.1,(vau),,,,,,,,,,,,,,,
15/01/2023 20:00,,,,,,,,,,,0,,,,,,,,159.16,(vau),,,,,,,,,,,,,,,
15/01/2023 21:00,,,,,,,,,,,0,,,,,,,,159.21,(vau),,,,,,,,,,,,,,,
15/01/2023 22:00,,,,,,,,,,,0,,,,,,,,159.18,(vau),,,,,,,,,,,,,,,
15/01/2023 23:00,,,,,,,,,,,0,,,,,,,,158.99,(vau),158.99,,,,,,,,,,,,140440,,
16/01/2023 00:00,69.77,(vau),,,,,12.85,(vau),80.85,(vc),0,,68,(vau),,,,,158.96,(vau),,,,,,,,,,,,,,,
16/01/2023 01:00,,,,,,,,,,,0,,,,,,,,158.77,(vau),,,,,,,,,,,,,,,
16/01/2023 02:00,,,,,,,,,,,0,,,,,,,,158.52,(vau),,,,,,,,,,,,,,,
16/01/2023 03:00,,,,,,,,,,,0,,,,,,,,158.44,(vau),,,,,,,,,,,,,,,
16/01/2023 04:00,,,,,,,,,,,0,,,,,,,,158.21,(vau),,,,,,,,,,,,,,,
16/01/2023 05:00,,,,,,,,,,,0,,,,,,,,158.07,(vau),,,,,,,,,,,,,,,
16/01/2023 06:00,,,,,,,,,,,0,,,,,,,,157.95,(vau),,,,,,,,,,,,,,,
16/01/2023 07:00,,,,,,,,,,,0,,,,,,,,157.88,(vau),,,,,,,,,,,,,,,
16/01/2023 08:00,,,,,,,,,,,0,,,,,,,,157.88,(vau),,,,,,,,,,,,,,,
16/01/2023 09:00,,,,,,,,,,,0,,,,,,,,157.88,(vau),,,,,,,,,,,,,,,
16/01/2023 10:00,,,,,,,,,,,0,,,,,,,,157.87,(vau),,,,,,,,,,,,,,,
16/01/2023 11:00,,,,,,,,,,,0,,,,,,,,157.87,(vau),,,,,,,,,,,,,,,
16/01/2023 12:00,,,,,,,,,,,0,,,,,,,,157.79,(vau),,,,,,,,,,,,,,,
16/01/2023 13:00,,,,,,,,,,,0,,,,,,,,157.62,(vau),,,,,,,,,,,,,,,
16/01/2023 14:00,,,,,,,,,,,0,,,,,,,,157.51,(vau),,,,,,,,,,,,,,,
16/01/2023 15:00,,,,,,,,,,,0,,,,,,,,157.54,(vau),,,,,,,,,,,,,,,
16/01/2023 16:00,,,,,,,,,,,0,,,,,,,,157.51,(vau),,,,,,,,,,,,,,,
16/01/2023 17:00,,,,,,,,,,,0,,,,,,,,157.52,(vau),,,,,,,,,,,,,,,
16/01/2023 18:00,,,,,,,,,,,0,,,,,,,,157.55,(vau),,,,,,,,,,,,,,,
16/01/2023 19:00,,,,,,,,,,,0,,,,,,,,157.54,(vau),,,,,,,,,,,,,,,
16/01/2023 20:00,,,,,,,,,,,0,,,,,,,,157.57,(vau),,,,,,,,,,,,,,,
16/01/2023 21:00,,,,,,,,,,,0,,,,,,,,157.57,(vau),,,,,,,,,,,,,,,
16/01/2023 22:00,,,,,,,,,,,0,,,,,,,,157.62,(vau),,,,,,,,,,,,,,,
16/01/2023 23:00,,,,,,,,,,,0,,,,,,,,157.68,(vau),157.68,,,,,,,,,,,,133600,,
17/01/2023 00:00,249.81,(vau),,,,,78.05,(vau),146.05,(vc),0,,68,(vau),,,,,157.73,(vau),,,,,,,,,,,,,,,
17/01/2023 01:00,,,,,,,,,,,0,,,,,,,,157.75,(vau),,,,,,,,,,,,,,,
17/01/2023 02:00,,,,,,,,,,,0,,,,,,,,157.88,(vau),,,,,,,,,,,,,,,
17/01/2023 03:00,,,,,,,,,,,0,,,,,,,,158.07,(vau),,,,,,,,,,,,,,,
17/01/2023 04:00,,,,,,,,,,,0,,,,,,,,158.07,(vau),,,,,,,,,,,,,,,
17/01/2023 05:00,,,,,,,,,,,0,,,,,,,,158.05,(vau),,,,,,,,,,,,,,,
17/01/2023 06:00,,,,,,,,,,,0,,,,,,,,158.19,(vau),,,,,,,,,,,,,,,
17/01/2023 07:00,,,,,,,,,,,0,,,,,,,,158.21,(vau),,,,,,,,,,,,,,,
17/01/2023 08:00,,,,,,,,,,,0,,,,,,,,158.34,(vau),,,,,,,,,,,,,,,
17/01/2023 09:00,,,,,,,,,,,0,,,,,,,,158.52,(vau),,,,,,,,,,,,,,,
17/01/2023 10:00,,,,,,,,,,,0,,,,,,,,158.66,(vau),,,,,,,,,,,,,,,
17/01/2023 11:00,,,,,,,,,,,0,,,,,,,,158.74,(vau),,,,,,,,,,,,,,,
17/01/2023 12:00,,,,,,,,,,,0,,,,,,,,158.82,(vau),,,,,,,,,,,,,,,
17/01/2023 13:00,,,,,,,,,,,0,,,,,,,,158.85,(vau),,,,,,,,,,,,,,,
17/01/2023 14:00,,,,,,,,,,,0,,,,,,,,158.91,(vau),,,,,,,,,,,,,,,
17/01/2023 15:00,,,,,,,,,,,0,,,,,,,,158.92,(vau),,,,,,,,,,,,,,,
17/01/2023 16:00,,,,,,,,,,,0,,,,,,,,158.91,(vau),,,,,,,,,,,,,,,
17/01/2023 17:00,,,,,,,,,,,0,,,,,,,,158.98,(vau),,,,,,,,,,,,,,,
17/01/2023 18:00,,,,,,,,,,,0,,,,,,,,159.1,(vau),,,,,,,,,,,,,,,
17/01/2023 19:00,,,,,,,,,,,0,,,,,,,,159.13,(vau),,,,,,,,,,,,,,,
17/01/2023 20:00,,,,,,,,,,,0,,,,,,,,159.19,(vau),,,,,,,,,,,,,,,
17/01/2023 21:00,,,,,,,,,,,0,,,,,,,,159.26,(vau),,,,,,,,,,,,,,,
17/01/2023 22:00,,,,,,,,,,,0,,,,,,,,159.3,(vau),,,,,,,,,,,,,,,
17/01/2023 23:00,,,,,,,,,,,0,,,,,,,,159.32,(vau),159.32,,,,,,,,,,,,142300,,
18/01/2023 00:00,220.8,(vau),,,,,111.72,(vau),179.72,(vc),0,,68,(vau),,,,,159.38,(vau),,,,,,,,,,,,,,,
18/01/2023 01:00,,,,,,,,,,,0,,,,,,,,159.38,(vau),,,,,,,,,,,,,,,
18/01/2023 02:00,,,,,,,,,,,0,,,,,,,,159.4,(vau),,,,,,,,,,,,,,,
18/01/2023 03:00,,,,,,,,,,,0,,,,,,,,159.38,(vau),,,,,,,,,,,,,,,
18/01/2023 04:00,,,,,,,,,,,0,,,,,,,,159.4,(vau),,,,,,,,,,,,,,,
18/01/2023 05:00,,,,,,,,,,,0,,,,,,,,159.41,(vau),,,,,,,,,,,,,,,
18/01/2023 06:00,,,,,,,,,,,0,,,,,,,,159.41,(vau),,,,,,,,,,,,,,,
18/01/2023 07:00,,,,,,,,,,,0,,,,,,,,159.47,(vau),,,,,,,,,,,,,,,
18/01/2023 08:00,,,,,,,,,,,0,,,,,,,,159.49,(vau),,,,,,,,,,,,,,,
18/01/2023 09:00,,,,,,,,,,,0,,,,,,,,159.57,(vau),,,,,,,,,,,,,,,
18/01/2023 10:00,,,,,,,,,,,0,,,,,,,,159.62,(vau),,,,,,,,,,,,,,,
18/01/2023 11:00,,,,,,,,,,,0,,,,,,,,159.63,(vau),,,,,,,,,,,,,,,
18/01/2023 12:00,,,,,,,,,,,0,,,,,,,,159.64,(vau),,,,,,,,,,,,,,,
18/01/2023 13:00,,,,,,,,,,,0,,,,,,,,159.7,(vau),,,,,,,,,,,,,,,
18/01/2023 14:00,,,,,,,,,,,0,,,,,,,,159.73,(vau),,,,,,,,,,,,,,,
18/01/2023 15:00,,,,,,,,,,,0,,,,,,,,159.72,(vau),,,,,,,,,,,,,,,
18/01/2023 16:00,,,,,,,,,,,0,,,,,,,,159.8,(vau),,,,,,,,,,,,,,,
18/01/2023 17:00,,,,,,,,,,,0,,,,,,,,159.95,(vau),,,,,,,,,,,,,,,
18/01/2023 18:00,,,,,,,,,,,0,,,,,,,,159.95,(vau),,,,,,,,,,,,,,,
18/01/2023 19:00,,,,,,,,,,,0,,,,,,,,160.02,(vau),,,,,,,,,,,,,,,
18/01/2023 20:00,,,,,,,,,,,0,,,,,,,,160.05,(vau),,,,,,,,,,,,,,,
18/01/2023 21:00,,,,,,,,,,,0,,,,,,,,160.04,(vau),,,,,,,,,,,,,,,
18/01/2023 22:00,,,,,,,,,,,0,,,,,,,,160.04,(vau),,,,,,,,,,,,,,,
18/01/2023 23:00,,,,,,,,,,,0,,,,,,,,159.88,(vau),159.88,(vau),,,,,,,,,,,145580,,
19/01/2023 00:00,158.12,(vau),,,,,29.17,(vau),97.17,(vc),0,,68,(vau),,,,,159.95,(vau),,,,,,,,,,,,,,,
19/01/2023 01:00,,,,,,,,,,,0,,,,,,,,159.87,(vau),,,,,,,,,,,,,,,
19/01/2023 02:00,,,,,,,,,,,0,,,,,,,,159.79,(vau),,,,,,,,,,,,,,,
19/01/2023 03:00,,,,,,,,,,,0,,,,,,,,159.79,(vau),,,,,,,,,,,,,,,
19/01/2023 04:00,,,,,,,,,,,0,,,,,,,,159.7,(vau),,,,,,,,,,,,,,,
19/01/2023 05:00,,,,,,,,,,,0,,,,,,,,159.64,(vau),,,,,,,,,,,,,,,
19/01/2023 06:00,,,,,,,,,,,0,,,,,,,,159.63,(vau),,,,,,,,,,,,,,,
19/01/2023 07:00,,,,,,,,,,,0,,,,,,,,159.7,(vau),,,,,,,,,,,,,,,
19/01/2023 08:00,,,,,,,,,,,0,,,,,,,,159.8,(vau),,,,,,,,,,,,,,,
19/01/2023 09:00,,,,,,,,,,,0,,,,,,,,159.95,(vau),,,,,,,,,,,,,,,
19/01/2023 10:00,,,,,,,,,,,0,,,,,,,,160.02,(vau),,,,,,,,,,,,,,,
19/01/2023 11:00,,,,,,,,,,,0,,,,,,,,159.99,(vau),,,,,,,,,,,,,,,
19/01/2023 12:00,,,,,,,,,,,0,,,,,,,,159.95,(vau),,,,,,,,,,,,,,,
19/01/2023 13:00,,,,,,,,,,,0,,,,,,,,159.88,(vau),,,,,,,,,,,,,,,
19/01/2023 14:00,,,,,,,,,,,0,,,,,,,,159.95,(vau),,,,,,,,,,,,,,,
19/01/2023 15:00,,,,,,,,,,,0,,,,,,,,159.88,(vau),,,,,,,,,,,,,,,
19/01/2023 16:00,,,,,,,,,,,0,,,,,,,,159.88,(vau),,,,,,,,,,,,,,,
19/01/2023 17:00,,,,,,,,,,,0,,,,,,,,160.02,(vau),,,,,,,,,,,,,,,
19/01/2023 18:00,,,,,,,,,,,0,,,,,,,,160.18,(vau),,,,,,,,,,,,,,,
19/01/2023 19:00,,,,,,,,,,,0,,,,,,,,160.36,(vau),,,,,,,,,,,,,,,
19/01/2023 20:00,,,,,,,,,,,0,,,,,,,,160.49,(vau),,,,,,,,,,,,,,,
19/01/2023 21:00,,,,,,,,,,,0,,,,,,,,160.52,(vau),,,,,,,,,,,,,,,
19/01/2023 22:00,,,,,,,,,,,0,,,,,,,,160.54,(vau),,,,,,,,,,,,,,,
19/01/2023 23:00,,,,,,,,,,,0,,,,,,,,160.59,(vau),160.59,,,,,,,,,,,,150470,,
20/01/2023 00:00,111.76,(vau),,,,,37.63,(vau),105.15,(vc),0,,67.53,(vau),,,,,160.52,(vau),,,,,,,,,,,,,,,
20/01/2023 01:00,,,,,,,,,,,0,,,,,,,,160.47,(vau),,,,,,,,,,,,,,,
20/01/2023 02:00,,,,,,,,,,,0,,,,,,,,160.29,(vau),,,,,,,,,,,,,,,
20/01/2023 03:00,,,,,,,,,,,0,,,,,,,,160.19,(vau),,,,,,,,,,,,,,,
20/01/2023 04:00,,,,,,,,,,,0,,,,,,,,160.05,(vau),,,,,,,,,,,,,,,
20/01/2023 05:00,,,,,,,,,,,0,,,,,,,,160.02,(vau),,,,,,,,,,,,,,,
20/01/2023 06:00,,,,,,,,,,,0,,,,,,,,160.02,(vau),,,,,,,,,,,,,,,
20/01/2023 07:00,,,,,,,,,,,0,,,,,,,,159.96,(vau),,,,,,,,,,,,,,,
20/01/2023 08:00,,,,,,,,,,,0,,,,,,,,160.07,(vau),,,,,,,,,,,,,,,
20/01/2023 09:00,,,,,,,,,,,0,,,,,,,,160.12,(vau),,,,,,,,,,,,,,,
20/01/2023 10:00,,,,,,,,,,,0,,,,,,,,160.2,(vau),,,,,,,,,,,,,,,
20/01/2023 11:00,,,,,,,,,,,0,,,,,,,,160.21,(vau),,,,,,,,,,,,,,,
20/01/2023 12:00,,,,,,,,,,,0,,,,,,,,160.1,(vau),,,,,,,,,,,,,,,
20/01/2023 13:00,,,,,,,,,,,0,,,,,,,,160.12,(vau),,,,,,,,,,,,,,,
20/01/2023 14:00,,,,,,,,,,,0,,,,,,,,160.04,(vau),,,,,,,,,,,,,,,
20/01/2023 15:00,,,,,,,,,,,0,,,,,,,,159.87,(vau),,,,,,,,,,,,,,,
20/01/2023 16:00,,,,,,,,,,,0,,,,,,,,159.88,(vau),,,,,,,,,,,,,,,
20/01/2023 17:00,,,,,,,,,,,0,,,,,,,,159.87,(vau),,,,,,,,,,,,,,,
20/01/2023 18:00,,,,,,,,,,,0,,,,,,,,159.95,(vau),,,,,,,,,,,,,,,
20/01/2023 19:00,,,,,,,,,,,0,,,,,,,,160.05,(vau),,,,,,,,,,,,,,,
20/01/2023 20:00,,,,,,,,,,,0,,,,,,,,160.04,(vau),,,,,,,,,,,,,,,
20/01/2023 21:00,,,,,,,,,,,0,,,,,,,,160.18,(vau),,,,,,,,,,,,,,,
20/01/2023 22:00,,,,,,,,,,,0,,,,,,,,160.18,(vau),,,,,,,,,,,,,,,
20/01/2023 23:00,,,,,,,,,,,0,,,,,,,,160.21,(vau),160.21,,,,,,,,,,,,148130,,
21/01/2023 00:00,83.73,(vau),,,,,37.21,(vau),105.21,(vc),0,,68,(vau),,,,,160.35,(vau),,,,,,,,,,,,,,,
21/01/2023 01:00,,,,,,,,,,,0,,,,,,,,160.26,(vau),,,,,,,,,,,,,,,
21/01/2023 02:00,,,,,,,,,,,0,,,,,,,,160.24,(vau),,,,,,,,,,,,,,,
21/01/2023 03:00,,,,,,,,,,,0,,,,,,,,160.23,(vau),,,,,,,,,,,,,,,
21/01/2023 04:00,,,,,,,,,,,0,,,,,,,,160.15,(vau),,,,,,,,,,,,,,,
21/01/2023 05:00,,,,,,,,,,,0,,,,,,,,160.16,(vau),,,,,,,,,,,,,,,
21/01/2023 06:00,,,,,,,,,,,0,,,,,,,,160.1,(vau),,,,,,,,,,,,,,,
21/01/2023 07:00,,,,,,,,,,,0,,,,,,,,160.07,(vau),,,,,,,,,,,,,,,
21/01/2023 08:00,,,,,,,,,,,0,,,,,,,,160.07,(vau),,,,,,,,,,,,,,,
21/01/2023 09:00,,,,,,,,,,,0,,,,,,,,159.99,(vau),,,,,,,,,,,,,,,
21/01/2023 10:00,,,,,,,,,,,0,,,,,,,,160,(vau),,,,,,,,,,,,,,,
21/01/2023 11:00,,,,,,,,,,,0,,,,,,,,159.96,(vau),,,,,,,,,,,,,,,
21/01/2023 12:00,,,,,,,,,,,0,,,,,,,,159.88,(vau),,,,,,,,,,,,,,,
21/01/2023 13:00,,,,,,,,,,,0,,,,,,,,159.88,(vau),,,,,,,,,,,,,,,
21/01/2023 14:00,,,,,,,,,,,0,,,,,,,,159.8,(vau),,,,,,,,,,,,,,,
21/01/2023 15:00,,,,,,,,,,,0,,,,,,,,159.79,(vau),,,,,,,,,,,,,,,
21/01/2023 16:00,,,,,,,,,,,0,,,,,,,,159.72,(vau),,,,,,,,,,,,,,,
21/01/2023 17:00,,,,,,,,,,,0,,,,,,,,159.64,(vau),,,,,,,,,,,,,,,
21/01/2023 18:00,,,,,,,,,,,0,,,,,,,,159.73,(vau),,,,,,,,,,,,,,,
21/01/2023 19:00,,,,,,,,,,,0,,,,,,,,159.72,(vau),,,,,,,,,,,,,,,
21/01/2023 20:00,,,,,,,,,,,0,,,,,,,,159.72,(vau),,,,,,,,,,,,,,,
21/01/2023 21:00,,,,,,,,,,,0,,,,,,,,159.88,(vau),,,,,,,,,,,,,,,
21/01/2023 22:00,,,,,,,,,,,0,,,,,,,,159.88,(vau),,,,,,,,,,,,,,,
21/01/2023 23:00,,,,,,,,,,,0,,,,,,,,159.95,(vau),159.95,(vau),,,,,,,,,,,146000,,
22/01/2023 00:00,42.95,(vau),,,,,31.76,(vau),99.76,(vc),0,,68,(vau),,,,,159.88,(vau),,,,,,,,,,,,,,,
22/01/2023 01:00,,,,,,,,,,,0,,,,,,,,159.8,(vau),,,,,,,,,,,,,,,
22/01/2023 02:00,,,,,,,,,,,0,,,,,,,,159.7,(vau),,,,,,,,,,,,,,,
22/01/2023 03:00,,,,,,,,,,,0,,,,,,,,159.56,(vau),,,,,,,,,,,,,,,
22/01/2023 04:00,,,,,,,,,,,0,,,,,,,,159.34,(vau),,,,,,,,,,,,,,,
22/01/2023 05:00,,,,,,,,,,,0,,,,,,,,159.21,(vau),,,,,,,,,,,,,,,
22/01/2023 06:00,,,,,,,,,,,0,,,,,,,,159.07,(vau),,,,,,,,,,,,,,,
22/01/2023 07:00,,,,,,,,,,,0,,,,,,,,158.84,(vau),,,,,,,,,,,,,,,
22/01/2023 08:00,,,,,,,,,,,0,,,,,,,,158.71,(vau),,,,,,,,,,,,,,,
22/01/2023 09:00,,,,,,,,,,,0,,,,,,,,158.52,(vau),,,,,,,,,,,,,,,
22/01/2023 10:00,,,,,,,,,,,0,,,,,,,,158.34,(vau),,,,,,,,,,,,,,,
22/01/2023 11:00,,,,,,,,,,,0,,,,,,,,158.2,(vau),,,,,,,,,,,,,,,
22/01/2023 12:00,,,,,,,,,,,0,,,,,,,,158.04,(vau),,,,,,,,,,,,,,,
22/01/2023 13:00,,,,,,,,,,,0,,,,,,,,157.85,(vau),,,,,,,,,,,,,,,
22/01/2023 14:00,,,,,,,,,,,0,,,,,,,,157.71,(vau),,,,,,,,,,,,,,,
22/01/2023 15:00,,,,,,,,,,,0,,,,,,,,157.52,(vau),,,,,,,,,,,,,,,
22/01/2023 16:00,,,,,,,,,,,0,,,,,,,,157.41,(vau),,,,,,,,,,,,,,,
22/01/2023 17:00,,,,,,,,,,,0,,,,,,,,157.39,(vau),,,,,,,,,,,,,,,
22/01/2023 18:00,,,,,,,,,,,0,,,,,,,,157.3,(vau),,,,,,,,,,,,,,,
22/01/2023 19:00,,,,,,,,,,,0,,,,,,,,157.31,(vau),,,,,,,,,,,,,,,
22/01/2023 20:00,,,,,,,,,,,0,,,,,,,,157.39,(vau),,,,,,,,,,,,,,,
22/01/2023 21:00,,,,,,,,,,,0,,,,,,,,157.4,(vau),,,,,,,,,,,,,,,
22/01/2023 22:00,,,,,,,,,,,0,,,,,,,,157.45,(vau),,,,,,,,,,,,,,,
22/01/2023 23:00,,,,,,,,,,,0,,,,,,,,157.54,(vau),157.54,,,,,,,,,,,,132900,,
23/01/2023 00:00,75.85,(vau),,,,,7.7,(vau),75.7,(vc),0,,68,(vau),,,,,157.48,(vau),,,,,,,,,,,,,,,
23/01/2023 01:00,,,,,,,,,,,0,,,,,,,,157.44,(vau),,,,,,,,,,,,,,,
23/01/2023 02:00,,,,,,,,,,,0,,,,,,,,157.36,(vau),,,,,,,,,,,,,,,
23/01/2023 03:00,,,,,,,,,,,0,,,,,,,,157.32,(vau),,,,,,,,,,,,,,,
23/01/2023 04:00,,,,,,,,,,,0,,,,,,,,157.24,(vau),,,,,,,,,,,,,,,
23/01/2023 05:00,,,,,,,,,,,0,,,,,,,,157.23,(vau),,,,,,,,,,,,,,,
23/01/2023 06:00,,,,,,,,,,,0,,,,,,,,157.15,(vau),,,,,,,,,,,,,,,
23/01/2023 07:00,,,,,,,,,,,0,,,,,,,,157.15,(vau),,,,,,,,,,,,,,,
23/01/2023 08:00,,,,,,,,,,,0,,,,,,,,157.31,(vau),,,,,,,,,,,,,,,
23/01/2023 09:00,,,,,,,,,,,0,,,,,,,,157.51,(vau),,,,,,,,,,,,,,,
23/01/2023 10:00,,,,,,,,,,,0,,,,,,,,157.45,(vau),,,,,,,,,,,,,,,
23/01/2023 11:00,,,,,,,,,,,0,,,,,,,,157.33,(vau),,,,,,,,,,,,,,,
23/01/2023 12:00,,,,,,,,,,,0,,,,,,,,157.32,(vau),,,,,,,,,,,,,,,
23/01/2023 13:00,,,,,,,,,,,0,,,,,,,,157.08,(vau),,,,,,,,,,,,,,,
23/01/2023 14:00,,,,,,,,,,,0,,,,,,,,156.92,(vau),,,,,,,,,,,,,,,
23/01/2023 15:00,,,,,,,,,,,0,,,,,,,,156.83,(vau),,,,,,,,,,,,,,,
23/01/2023 16:00,,,,,,,,,,,0,,,,,,,,156.71,(vau),,,,,,,,,,,,,,,
23/01/2023 17:00,,,,,,,,,,,0,,,,,,,,156.68,(vau),,,,,,,,,,,,,,,
23/01/2023 18:00,,,,,,,,,,,0,,,,,,,,156.76,(vau),,,,,,,,,,,,,,,
23/01/2023 19:00,,,,,,,,,,,0,,,,,,,,156.91,(vau),,,,,,,,,,,,,,,
23/01/2023 20:00,,,,,,,,,,,0,,,,,,,,156.99,(vau),,,,,,,,,,,,,,,
23/01/2023 21:00,,,,,,,,,,,0,,,,,,,,157.07,(vau),,,,,,,,,,,,,,,
23/01/2023 22:00,,,,,,,,,,,0,,,,,,,,157.15,(vau),,,,,,,,,,,,,,,
23/01/2023 23:00,,,,,,,,,,,0,,,,,,,,157.51,(vdd),157,,,,,,,,133000,,,,133000,,
24/01/2023 00:00,100.89,(vau),,,,,0,(vau),66.25,(vc),0,,66.25,(vau),,,,,156.92,(vau),,,,,,,,,,,,,,,
24/01/2023 01:00,,,,,,,,,,,0,,,,,,,,157.08,(vau),,,,,,,,,,,,,,,
24/01/2023 02:00,,,,,,,,,,,0,,,,,,,,156.92,(vau),,,,,,,,,,,,,,,
24/01/2023 03:00,,,,,,,,,,,0,,,,,,,,156.84,(vau),,,,,,,,,,,,,,,
24/01/2023 04:00,,,,,,,,,,,0,,,,,,,,156.91,(vau),,,,,,,,,,,,,,,
24/01/2023 05:00,,,,,,,,,,,0,,,,,,,,156.84,(vau),,,,,,,,,,,,,,,
24/01/2023 06:00,,,,,,,,,,,0,,,,,,,,156.83,(vau),,,,,,,,,,,,,,,
24/01/2023 07:00,,,,,,,,,,,0,,,,,,,,156.84,(vau),,,,,,,,,,,,,,,
24/01/2023 08:00,,,,,,,,,,,0,,,,,,,,156.92,(vau),,,,,,,,,,,,,,,
24/01/2023 09:00,,,,,,,,,,,0,,,,,,,,157.08,(vau),,,,,,,,,,,,,,,
24/01/2023 10:00,,,,,,,,,,,0,,,,,,,,157.15,(vau),,,,,,,,,,,,,,,
24/01/2023 11:00,,,,,,,,,,,0,,,,,,,,157.07,(vau),,,,,,,,,,,,,,,
24/01/2023 12:00,,,,,,,,,,,0,,,,,,,,157.01,(vau),,,,,,,,,,,,,,,
24/01/2023 13:00,,,,,,,,,,,0,,,,,,,,156.99,(vau),,,,,,,,,,,,,,,
24/01/2023 14:00,,,,,,,,,,,0,,,,,,,,156.92,(vau),,,,,,,,,,,,,,,
24/01/2023 15:00,,,,,,,,,,,0,,,,,,,,156.85,(vau),,,,,,,,,,,,,,,
24/01/2023 16:00,,,,,,,,,,,0,,,,,,,,156.85,(vau),,,,,,,,,,,,,,,
24/01/2023 17:00,,,,,,,,,,,0,,,,,,,,156.8,(vau),,,,,,,,,,,,,,,
24/01/2023 18:00,,,,,,,,,,,0,,,,,,,,156.92,(vau),,,,,,,,,,,,,,,
24/01/2023 19:00,,,,,,,,,,,0,,,,,,,,157.09,(vau),,,,,,,,,,,,,,,
24/01/2023 20:00,,,,,,,,,,,0,,,,,,,,157.31,(vau),,,,,,,,,,,,,,,
24/01/2023 21:00,,,,,,,,,,,0,,,,,,,,157.39,(vau),,,,,,,,,,,,,,,
24/01/2023 22:00,,,,,,,,,,,0,,,,,,,,157.52,(vau),,,,,,,,,,,,,,,
24/01/2023 23:00,,,,,,,,,,,0,,,,,,,,157.55,(vau),157.55,,,,,,,,,,,,132950,,
25/01/2023 00:00,139.33,(vau),,,,,0,(vau),68,(vc),0,,68,(vau),,,,,157.68,(vau),,,,,,,,,,,,,,,
25/01/2023 01:00,,,,,,,,,,,0,,,,,,,,157.71,(vau),,,,,,,,,,,,,,,
25/01/2023 02:00,,,,,,,,,,,0,,,,,,,,157.66,(vau),,,,,,,,,,,,,,,
25/01/2023 03:00,,,,,,,,,,,0,,,,,,,,157.52,(vau),,,,,,,,,,,,,,,
25/01/2023 04:00,,,,,,,,,,,0,,,,,,,,157.51,(vau),,,,,,,,,,,,,,,
25/01/2023 05:00,,,,,,,,,,,0,,,,,,,,157.48,(vau),,,,,,,,,,,,,,,
25/01/2023 06:00,,,,,,,,,,,0,,,,,,,,157.35,(vau),,,,,,,,,,,,,,,
25/01/2023 07:00,,,,,,,,,,,0,,,,,,,,157.43,(vau),,,,,,,,,,,,,,,
25/01/2023 08:00,,,,,,,,,,,0,,,,,,,,157.57,(vau),,,,,,,,,,,,,,,
25/01/2023 09:00,,,,,,,,,,,0,,,,,,,,157.59,(vau),,,,,,,,,,,,,,,
25/01/2023 10:00,,,,,,,,,,,0,,,,,,,,157.62,(vau),,,,,,,,,,,,,,,
25/01/2023 11:00,,,,,,,,,,,0,,,,,,,,157.74,(vau),,,,,,,,,,,,,,,
25/01/2023 12:00,,,,,,,,,,,0,,,,,,,,157.65,(vau),,,,,,,,,,,,,,,
25/01/2023 13:00,,,,,,,,,,,0,,,,,,,,157.69,(vau),,,,,,,,,,,,,,,
25/01/2023 14:00,,,,,,,,,,,0,,,,,,,,157.85,(vau),,,,,,,,,,,,,,,
25/01/2023 15:00,,,,,,,,,,,0,,,,,,,,157.79,(vau),,,,,,,,,,,,,,,
25/01/2023 16:00,,,,,,,,,,,0,,,,,,,,157.88,(vau),,,,,,,,,,,,,,,
25/01/2023 17:00,,,,,,,,,,,0,,,,,,,,158.02,(vau),,,,,,,,,,,,,,,
25/01/2023 18:00,,,,,,,,,,,0,,,,,,,,158.07,(vau),,,,,,,,,,,,,,,
25/01/2023 19:00,,,,,,,,,,,0,,,,,,,,158.24,(vau),,,,,,,,,,,,,,,
25/01/2023 20:00,,,,,,,,,,,0,,,,,,,,158.43,(vau),,,,,,,,,,,,,,,
25/01/2023 21:00,,,,,,,,,,,0,,,,,,,,158.51,(vau),,,,,,,,,,,,,,,
25/01/2023 22:00,,,,,,,,,,,0,,,,,,,,158.67,(vau),,,,,,,,,,,,,,,
25/01/2023 23:00,,,,,,,,,,,0,,,,,,,,158.7,(vau),158.7,(vau),,,,,,,,,,,138860,,
26/01/2023 00:00,146.53,(vau),,,,,0,(vau),66.35,(vc),0,,66.35,(vau),,,,,158.74,(vau),,,,,,,,,,,,,,,
26/01/2023 01:00,,,,,,,,,,,0,,,,,,,,158.7,(vau),,,,,,,,,,,,,,,
26/01/2023 02:00,,,,,,,,,,,0,,,,,,,,158.6,(vau),,,,,,,,,,,,,,,
26/01/2023 03:00,,,,,,,,,,,0,,,,,,,,158.6,(vau),,,,,,,,,,,,,,,
26/01/2023 04:00,,,,,,,,,,,0,,,,,,,,158.59,(vau),,,,,,,,,,,,,,,
26/01/2023 05:00,,,,,,,,,,,0,,,,,,,,158.52,(vau),,,,,,,,,,,,,,,
26/01/2023 06:00,,,,,,,,,,,0,,,,,,,,158.44,(vau),,,,,,,,,,,,,,,
26/01/2023 07:00,,,,,,,,,,,0,,,,,,,,158.43,(vau),,,,,,,,,,,,,,,
26/01/2023 08:00,,,,,,,,,,,0,,,,,,,,158.59,(vau),,,,,,,,,,,,,,,
26/01/2023 09:00,,,,,,,,,,,0,,,,,,,,158.69,(vau),,,,,,,,,,,,,,,
26/01/2023 10:00,,,,,,,,,,,0,,,,,,,,158.67,(vau),,,,,,,,,,,,,,,
26/01/2023 11:00,,,,,,,,,,,0,,,,,,,,158.82,(vau),,,,,,,,,,,,,,,
26/01/2023 12:00,,,,,,,,,,,0,,,,,,,,158.88,(vau),,,,,,,,,,,,,,,
26/01/2023 13:00,,,,,,,,,,,0,,,,,,,,158.98,(vau),,,,,,,,,,,,,,,
26/01/2023 14:00,,,,,,,,,,,0,,,,,,,,159.1,(vau),,,,,,,,,,,,,,,
26/01/2023 15:00,,,,,,,,,,,0,,,,,,,,159.15,(vau),,,,,,,,,,,,,,,
26/01/2023 16:00,,,,,,,,,,,0,,,,,,,,159.19,(vau),,,,,,,,,,,,,,,
26/01/2023 17:00,,,,,,,,,,,0,,,,,,,,159.33,(vau),,,,,,,,,,,,,,,
26/01/2023 18:00,,,,,,,,,,,0,,,,,,,,159.41,(vau),,,,,,,,,,,,,,,
26/01/2023 19:00,,,,,,,,,,,0,,,,,,,,159.49,(vau),,,,,,,,,,,,,,,
26/01/2023 20:00,,,,,,,,,,,0,,,,,,,,159.63,(vau),,,,,,,,,,,,,,,
26/01/2023 21:00,,,,,,,,,,,0,,,,,,,,159.73,(vau),,,,,,,,,,,,,,,
26/01/2023 22:00,,,,,,,,,,,0,,,,,,,,159.87,(vau),,,,,,,,,,,,,,,
26/01/2023 23:00,,,,,,,,,,,0,,,,,,,,159.87,(vau),159.87,(vau),,,,,,,,,,,145520,,
27/01/2023 00:00,32.25,(vau),,,,,0,(vau),68,(vc),0,,68,(vau),,,,,159.8,(vau),,,,,,,,,,,,,,,
27/01/2023 01:00,,,,,,,,,,,0,,,,,,,,159.8,(vau),,,,,,,,,,,,,,,
27/01/2023 02:00,,,,,,,,,,,0,,,,,,,,159.7,(vau),,,,,,,,,,,,,,,
27/01/2023 03:00,,,,,,,,,,,0,,,,,,,,159.71,(vau),,,,,,,,,,,,,,,
27/01/2023 04:00,,,,,,,,,,,0,,,,,,,,159.55,(vau),,,,,,,,,,,,,,,
27/01/2023 05:00,,,,,,,,,,,0,,,,,,,,159.4,(vau),,,,,,,,,,,,,,,
27/01/2023 06:00,,,,,,,,,,,0,,,,,,,,159.39,(vau),,,,,,,,,,,,,,,
27/01/2023 07:00,,,,,,,,,,,0,,,,,,,,159.3,(vau),,,,,,,,,,,,,,,
27/01/2023 08:00,,,,,,,,,,,0,,,,,,,,159.27,(vau),,,,,,,,,,,,,,,
27/01/2023 09:00,,,,,,,,,,,0,,,,,,,,159.21,(vau),,,,,,,,,,,,,,,
27/01/2023 10:00,,,,,,,,,,,0,,,,,,,,159.16,(vau),,,,,,,,,,,,,,,
27/01/2023 11:00,,,,,,,,,,,0,,,,,,,,159.15,(vau),,,,,,,,,,,,,,,
27/01/2023 12:00,,,,,,,,,,,0,,,,,,,,159.01,(vau),,,,,,,,,,,,,,,
27/01/2023 13:00,,,,,,,,,,,0,,,,,,,,158.83,(vau),,,,,,,,,,,,,,,
27/01/2023 14:00,,,,,,,,,,,0,,,,,,,,158.7,(vau),,,,,,,,,,,,,,,
27/01/2023 15:00,,,,,,,,,,,0,,,,,,,,158.52,(vau),,,,,,,,,,,,,,,
27/01/2023 16:00,,,,,,,,,,,0,,,,,,,,158.35,(vau),,,,,,,,,,,,,,,
27/01/2023 17:00,,,,,,,,,,,0,,,,,,,,158.29,(vau),,,,,,,,,,,,,,,
27/01/2023 18:00,,,,,,,,,,,0,,,,,,,,158.34,(vau),,,,,,,,,,,,,,,
27/01/2023 19:00,,,,,,,,,,,0,,,,,,,,158.44,(vau),,,,,,,,,,,,,,,
27/01/2023 20:00,,,,,,,,,,,0,,,,,,,,158.51,(vau),,,,,,,,,,,,,,,
27/01/2023 21:00,,,,,,,,,,,0,,,,,,,,158.52,(vau),,,,,,,,,,,,,,,
27/01/2023 22:00,,,,,,,,,,,0,,,,,,,,158.67,(vau),,,,,,,,,,,,,,,
27/01/2023 23:00,,,,,,,,,,,0,,,,,,,,158.6,(vau),158.6,(vau),,,,,,,,,,,138320,,
28/01/2023 00:00,57.51,(vau),,,,,0,(vau),64.9,(vc),0,,64.9,(vau),,,,,158.74,(vau),,,,,,,,,,,,,,,
28/01/2023 01:00,,,,,,,,,,,0,,,,,,,,158.69,(vau),,,,,,,,,,,,,,,
28/01/2023 02:00,,,,,,,,,,,0,,,,,,,,158.59,(vau),,,,,,,,,,,,,,,
28/01/2023 03:00,,,,,,,,,,,0,,,,,,,,158.6,(vau),,,,,,,,,,,,,,,
28/01/2023 04:00,,,,,,,,,,,0,,,,,,,,158.56,(vau),,,,,,,,,,,,,,,
28/01/2023 05:00,,,,,,,,,,,0,,,,,,,,158.44,(vau),,,,,,,,,,,,,,,
28/01/2023 06:00,,,,,,,,,,,0,,,,,,,,158.44,(vau),,,,,,,,,,,,,,,
28/01/2023 07:00,,,,,,,,,,,0,,,,,,,,158.36,(vau),,,,,,,,,,,,,,,
28/01/2023 08:00,,,,,,,,,,,0,,,,,,,,158.28,(vau),,,,,,,,,,,,,,,
28/01/2023 09:00,,,,,,,,,,,0,,,,,,,,158.28,(vau),,,,,,,,,,,,,,,
28/01/2023 10:00,,,,,,,,,,,0,,,,,,,,158.29,(vau),,,,,,,,,,,,,,,
28/01/2023 11:00,,,,,,,,,,,0,,,,,,,,158.12,(vau),,,,,,,,,,,,,,,
28/01/2023 12:00,,,,,,,,,,,0,,,,,,,,157.96,(vau),,,,,,,,,,,,,,,
28/01/2023 13:00,,,,,,,,,,,0,,,,,,,,157.84,(vau),,,,,,,,,,,,,,,
28/01/2023 14:00,,,,,,,,,,,0,,,,,,,,157.65,(vau),,,,,,,,,,,,,,,
28/01/2023 15:00,,,,,,,,,,,0,,,,,,,,157.49,(vau),,,,,,,,,,,,,,,
28/01/2023 16:00,,,,,,,,,,,0,,,,,,,,157.39,(vau),,,,,,,,,,,,,,,
28/01/2023 17:00,,,,,,,,,,,0,,,,,,,,157.24,(vau),,,,,,,,,,,,,,,
28/01/2023 18:00,,,,,,,,,,,0,,,,,,,,157.39,(vau),,,,,,,,,,,,,,,
28/01/2023 19:00,,,,,,,,,,,0,,,,,,,,157.55,(vau),,,,,,,,,,,,,,,
28/01/2023 20:00,,,,,,,,,,,0,,,,,,,,157.57,(vau),,,,,,,,,,,,,,,
28/01/2023 21:00,,,,,,,,,,,0,,,,,,,,157.63,(vau),,,,,,,,,,,,,,,
28/01/2023 22:00,,,,,,,,,,,0,,,,,,,,157.68,(vau),,,,,,,,,,,,,,,
28/01/2023 23:00,,,,,,,,,,,0,,,,,,,,157.7,(vau),157.7,(vau),,,,,,,,,,,133700,,
29/01/2023 00:00,29.36,(vau),,,,,0,(vau),67.53,(vc),0,,67.53,(vau),,,,,157.8,(vau),,,,,,,,,,,,,,,
29/01/2023 01:00,,,,,,,,,,,0,,,,,,,,157.8,(vau),,,,,,,,,,,,,,,
29/01/2023 02:00,,,,,,,,,,,0,,,,,,,,157.59,(vau),,,,,,,,,,,,,,,
29/01/2023 03:00,,,,,,,,,,,0,,,,,,,,157.43,(vau),,,,,,,,,,,,,,,
29/01/2023 04:00,,,,,,,,,,,0,,,,,,,,157.27,(vau),,,,,,,,,,,,,,,
29/01/2023 05:00,,,,,,,,,,,0,,,,,,,,157.08,(vau),,,,,,,,,,,,,,,
29/01/2023 06:00,,,,,,,,,,,0,,,,,,,,156.92,(vau),,,,,,,,,,,,,,,
29/01/2023 07:00,,,,,,,,,,,0,,,,,,,,156.79,(vau),,,,,,,,,,,,,,,
29/01/2023 08:00,,,,,,,,,,,0,,,,,,,,156.62,(vau),,,,,,,,,,,,,,,
29/01/2023 09:00,,,,,,,,,,,0,,,,,,,,156.45,(vau),,,,,,,,,,,,,,,
29/01/2023 10:00,,,,,,,,,,,0,,,,,,,,156.3,(vau),,,,,,,,,,,,,,,
29/01/2023 11:00,,,,,,,,,,,0,,,,,,,,156.12,(vau),,,,,,,,,,,,,,,
29/01/2023 12:00,,,,,,,,,,,0,,,,,,,,155.96,(vau),,,,,,,,,,,,,,,
29/01/2023 13:00,,,,,,,,,,,0,,,,,,,,155.79,(vau),,,,,,,,,,,,,,,
29/01/2023 14:00,,,,,,,,,,,0,,,,,,,,155.62,(vau),,,,,,,,,,,,,,,
29/01/2023 15:00,,,,,,,,,,,0,,,,,,,,155.43,(vau),,,,,,,,,,,,,,,
29/01/2023 16:00,,,,,,,,,,,0,,,,,,,,155.44,(vau),,,,,,,,,,,,,,,
29/01/2023 17:00,,,,,,,,,,,0,,,,,,,,155.37,(vau),,,,,,,,,,,,,,,
29/01/2023 18:00,,,,,,,,,,,0,,,,,,,,155.32,(vau),,,,,,,,,,,,,,,
29/01/2023 19:00,,,,,,,,,,,0,,,,,,,,155.35,(vau),,,,,,,,,,,,,,,
29/01/2023 20:00,,,,,,,,,,,0,,,,,,,,155.34,(vau),,,,,,,,,,,,,,,
29/01/2023 21:00,,,,,,,,,,,0,,,,,,,,155.35,(vau),,,,,,,,,,,,,,,
29/01/2023 22:00,,,,,,,,,,,0,,,,,,,,155.32,(vau),,,,,,,,,,,,,,,
29/01/2023 23:00,,,,,,,,,,,0,,,,,,,,155.32,(vau),155.32,(vau),,,,,,,,,,,121900,,
30/01/2023 00:00,61.85,(vau),,,,,0,(vau),68,(vc),0,,68,(vau),,,,,155.23,(vau),,,,,,,,,,,,,,,
30/01/2023 01:00,,,,,,,,,,,0,,,,,,,,155.2,(vau),,,,,,,,,,,,,,,
30/01/2023 02:00,,,,,,,,,,,0,,,,,,,,155.19,(vau),,,,,,,,,,,,,,,
30/01/2023 03:00,,,,,,,,,,,0,,,,,,,,155.15,(vau),,,,,,,,,,,,,,,
30/01/2023 04:00,,,,,,,,,,,0,,,,,,,,155.1,(vau),,,,,,,,,,,,,,,
30/01/2023 05:00,,,,,,,,,,,0,,,,,,,,155.07,(vau),,,,,,,,,,,,,,,
30/01/2023 06:00,,,,,,,,,,,0,,,,,,,,154.99,(vau),,,,,,,,,,,,,,,
30/01/2023 07:00,,,,,,,,,,,0,,,,,,,,154.93,(vau),,,,,,,,,,,,,,,
30/01/2023 08:00,,,,,,,,,,,0,,,,,,,,154.94,(vau),,,,,,,,,,,,,,,
30/01/2023 09:00,,,,,,,,,,,0,,,,,,,,155.02,(vau),,,,,,,,,,,,,,,
30/01/2023 10:00,,,,,,,,,,,0,,,,,,,,154.93,(vau),,,,,,,,,,,,,,,
30/01/2023 11:00,,,,,,,,,,,0,,,,,,,,154.88,(vau),,,,,,,,,,,,,,,
30/01/2023 12:00,,,,,,,,,,,0,,,,,,,,154.87,(vau),,,,,,,,,,,,,,,
30/01/2023 13:00,,,,,,,,,,,0,,,,,,,,154.84,(vau),,,,,,,,,,,,,,,
30/01/2023 14:00,,,,,,,,,,,0,,,,,,,,154.73,(vau),,,,,,,,,,,,,,,
30/01/2023 15:00,,,,,,,,,,,0,,,,,,,,154.75,(vau),,,,,,,,,,,,,,,
30/01/2023 16:00,,,,,,,,,,,0,,,,,,,,154.68,(vau),,,,,,,,,,,,,,,
30/01/2023 17:00,,,,,,,,,,,0,,,,,,,,154.59,(vau),,,,,,,,,,,,,,,
30/01/2023 18:00,,,,,,,,,,,0,,,,,,,,154.67,(vau),,,,,,,,,,,,,,,
30/01/2023 19:00,,,,,,,,,,,0,,,,,,,,154.88,(vau),,,,,,,,,,,,,,,
30/01/2023 20:00,,,,,,,,,,,0,,,,,,,,154.95,(vau),,,,,,,,,,,,,,,
30/01/2023 21:00,,,,,,,,,,,0,,,,,,,,155.04,(vau),,,,,,,,,,,,,,,
30/01/2023 22:00,,,,,,,,,,,0,,,,,,,,155.13,(vau),,,,,,,,,,,,,,,
30/01/2023 23:00,,,,,,,,,,,0,,,,,,,,154.94,(vdd),154.94,(vdd),,,,,,,120000,,,,120000,,
31/01/2023 00:00,63.29,(vau),,,,,0,(vau),59.51,(vc),0,,59.51,(vau),,,,,155.13,(vau),,,,,,,,,,,,,,,
31/01/2023 01:00,,,,,,,,,,,0,,,,,,,,155.13,(vau),,,,,,,,,,,,,,,
31/01/2023 02:00,,,,,,,,,,,0,,,,,,,,155.05,(vau),,,,,,,,,,,,,,,
31/01/2023 03:00,,,,,,,,,,,0,,,,,,,,154.95,(vau),,,,,,,,,,,,,,,
31/01/2023 04:00,,,,,,,,,,,0,,,,,,,,154.94,(vau),,,,,,,,,,,,,,,
31/01/2023 05:00,,,,,,,,,,,0,,,,,,,,154.91,(vau),,,,,,,,,,,,,,,
31/01/2023 06:00,,,,,,,,,,,0,,,,,,,,154.87,(vau),,,,,,,,,,,,,,,
31/01/2023 07:00,,,,,,,,,,,0,,,,,,,,154.83,(vau),,,,,,,,,,,,,,,
31/01/2023 08:00,,,,,,,,,,,0,,,,,,,,154.76,(vau),,,,,,,,,,,,,,,
31/01/2023 09:00,,,,,,,,,,,0,,,,,,,,154.68,(vau),,,,,,,,,,,,,,,
31/01/2023 10:00,,,,,,,,,,,0,,,,,,,,154.67,(vau),,,,,,,,,,,,,,,
31/01/2023 11:00,,,,,,,,,,,0,,,,,,,,154.6,(vau),,,,,,,,,,,,,,,
31/01/2023 12:00,,,,,,,,,,,0,,,,,,,,154.6,(vau),,,,,,,,,,,,,,,
31/01/2023 13:00,,,,,,,,,,,0,,,,,,,,154.6,(vau),,,,,,,,,,,,,,,
31/01/2023 14:00,,,,,,,,,,,0,,,,,,,,154.6,(vau),,,,,,,,,,,,,,,
31/01/2023 15:00,,,,,,,,,,,0,,,,,,,,154.6,(vau),,,,,,,,,,,,,,,
31/01/2023 16:00,,,,,,,,,,,0,,,,,,,,154.59,(vau),,,,,,,,,,,,,,,
31/01/2023 17:00,,,,,,,,,,,0,,,,,,,,154.69,(vau),,,,,,,,,,,,,,,
31/01/2023 18:00,,,,,,,,,,,0,,,,,,,,154.76,(vau),,,,,,,,,,,,,,,
31/01/2023 19:00,,,,,,,,,,,0,,,,,,,,154.75,(vau),,,,,,,,,,,,,,,
31/01/2023 20:00,,,,,,,,,,,0,,,,,,,,154.88,(vau),,,,,,,,,,,,,,,
31/01/2023 21:00,,,,,,,,,,,0,,,,,,,,154.95,(vau),,,,,,,,,,,,,,,
31/01/2023 22:00,,,,,,,,,,,0,,,,,,,,155.08,(vau),,,,,,,,,,,,,,,
31/01/2023 23:00,,,,,,,,,,,0,,,,,,,,154.83,(vdd),155.16,,,,,,,,120000,,120000,,120000,,
01/02/2023 00:00,94.85,(vau),65.52,(vc),,,0,(vau),64.56,(vc),0,,64.56,(vau),,,,,155.13,(vau),,,,,,,158505.98,(vc),,,,,,,
01/02/2023 01:00,,,,,,,,,,,0,,,,,,,,155.01,(vau),,,,,,,,,,,,,,,
01/02/2023 02:00,,,,,,,,,,,0,,,,,,,,155.01,(vau),,,,,,,,,,,,,,,
01/02/2023 03:00,,,,,,,,,,,0,,,,,,,,155.04,(vau),,,,,,,,,,,,,,,
01/02/2023 04:00,,,,,,,,,,,0,,,,,,,,154.95,(vau),,,,,,,,,,,,,,,
01/02/2023 05:00,,,,,,,,,,,0,,,,,,,,154.94,(vau),,,,,,,,,,,,,,,
01/02/2023 06:00,,,,,,,,,,,0,,,,,,,,154.96,(vau),,,,,,,,,,,,,,,
01/02/2023 07:00,,,,,,,,,,,0,,,,,,,,154.93,(vau),,,,,,,,,,,,,,,
01/02/2023 08:00,,,,,,,,,,,0,,,,,,,,154.87,(vau),,,,,,,,,,,,,,,
01/02/2023 09:00,,,,,,,,,,,0,,,,,,,,154.99,(vau),,,,,,,,,,,,,,,
01/02/2023 10:00,,,,,,,,,,,0,,,,,,,,154.91,(vau),,,,,,,,,,,,,,,
01/02/2023 11:00,,,,,,,,,,,0,,,,,,,,154.7,(vau),,,,,,,,,,,,,,,
01/02/2023 12:00,,,,,,,,,,,0,,,,,,,,154.75,(vau),,,,,,,,,,,,,,,
01/02/2023 13:00,,,,,,,,,,,0,,,,,,,,154.83,(vau),,,,,,,,,,,,,,,
01/02/2023 14:00,,,,,,,,,,,0,,,,,,,,154.74,(vau),,,,,,,,,,,,,,,
01/02/2023 15:00,,,,,,,,,,,0,,,,,,,,154.7,(vau),,,,,,,,,,,,,,,
01/02/2023 16:00,,,,,,,,,,,0,,,,,,,,154.8,(vau),,,,,,,,,,,,,,,
01/02/2023 17:00,,,,,,,,,,,0,,,,,,,,154.9,(vau),,,,,,,,,,,,,,,
01/02/2023 18:00,,,,,,,,,,,0,,,,,,,,154.99,(vau),,,,,,,,,,,,,,,
01/02/2023 19:00,,,,,,,,,,,0,,,,,,,,155.12,(vau),,,,,,,,,,,,,,,
01/02/2023 20:00,,,,,,,,,,,0,,,,,,,,155.27,(vau),,,,,,,,,,,,,,,
01/02/2023 21:00,,,,,,,,,,,0,,,,,,,,155.38,(vau),,,,,,,,,,,,,,,
01/02/2023 22:00,,,,,,,,,,,0,,,,,,,,155.4,(vau),,,,,,,,,,,,,,,
01/02/2023 23:00,,,,,,,,,,,0,,,,,,,,155.41,(vau),155.41,,,,,,,,,,,,122340,,
02/02/2023 00:00,76.04,(vau),,,,,0,(vau),50.49,(vc),0,,50.49,(vau),,,,,155.48,(vau),,,,,,,,,,,,,,,
02/02/2023 01:00,,,,,,,,,,,0,,,,,,,,155.46,(vau),,,,,,,,,,,,,,,
02/02/2023 02:00,,,,,,,,,,,0,,,,,,,,155.38,(vau),,,,,,,,,,,,,,,
02/02/2023 03:00,,,,,,,,,,,0,,,,,,,,155.4,(vau),,,,,,,,,,,,,,,
02/02/2023 04:00,,,,,,,,,,,0,,,,,,,,155.38,(vau),,,,,,,,,,,,,,,
02/02/2023 05:00,,,,,,,,,,,0,,,,,,,,155.32,(vau),,,,,,,,,,,,,,,
02/02/2023 06:00,,,,,,,,,,,0,,,,,,,,155.29,(vau),,,,,,,,,,,,,,,
02/02/2023 07:00,,,,,,,,,,,0,,,,,,,,155.29,(vau),,,,,,,,,,,,,,,
02/02/2023 08:00,,,,,,,,,,,0,,,,,,,,155.24,(vau),,,,,,,,,,,,,,,
02/02/2023 09:00,,,,,,,,,,,0,,,,,,,,155.24,(vau),,,,,,,,,,,,,,,
02/02/2023 10:00,,,,,,,,,,,0,,,,,,,,155.33,(vau),,,,,,,,,,,,,,,
02/02/2023 11:00,,,,,,,,,,,0,,,,,,,,155.34,(vau),,,,,,,,,,,,,,,
02/02/2023 12:00,,,,,,,,,,,0,,,,,,,,155.27,(vau),,,,,,,,,,,,,,,
02/02/2023 13:00,,,,,,,,,,,0,,,,,,,,155.33,(vau),,,,,,,,,,,,,,,
02/02/2023 14:00,,,,,,,,,,,0,,,,,,,,155.4,(vau),,,,,,,,,,,,,,,
02/02/2023 15:00,,,,,,,,,,,0,,,,,,,,155.37,(vau),,,,,,,,,,,,,,,
02/02/2023 16:00,,,,,,,,,,,0,,,,,,,,155.35,(vau),,,,,,,,,,,,,,,
02/02/2023 17:00,,,,,,,,,,,0,,,,,,,,155.41,(vau),,,,,,,,,,,,,,,
02/02/2023 18:00,,,,,,,,,,,0,,,,,,,,155.51,(vau),,,,,,,,,,,,,,,
02/02/2023 19:00,,,,,,,,,,,0,,,,,,,,155.63,(vau),,,,,,,,,,,,,,,
02/02/2023 20:00,,,,,,,,,,,0,,,,,,,,155.77,(vau),,,,,,,,,,,,,,,
02/02/2023 21:00,,,,,,,,,,,0,,,,,,,,155.8,(vau),,,,,,,,,,,,,,,
02/02/2023 22:00,,,,,,,,,,,0,,,,,,,,155.87,(vau),,,,,,,,,,,,,,,
02/02/2023 23:00,,,,,,,,,,,0,,,,,,,,155.79,(vau),155.79,,,,,,,,,,,,124210,,
03/02/2023 00:00,138.41,(vau),,,,,0,(vau),28.13,(vc),0,,28.13,(vau),,,,,155.8,(vau),,,,,,,,,,,,,,,
03/02/2023 01:00,,,,,,,,,,,0,,,,,,,,155.84,(vau),,,,,,,,,,,,,,,
03/02/2023 02:00,,,,,,,,,,,0,,,,,,,,155.88,(vau),,,,,,,,,,,,,,,
03/02/2023 03:00,,,,,,,,,,,0,,,,,,,,155.87,(vau),,,,,,,,,,,,,,,
03/02/2023 04:00,,,,,,,,,,,0,,,,,,,,155.8,(vau),,,,,,,,,,,,,,,
03/02/2023 05:00,,,,,,,,,,,0,,,,,,,,155.8,(vau),,,,,,,,,,,,,,,
03/02/2023 06:00,,,,,,,,,,,0,,,,,,,,155.87,(vau),,,,,,,,,,,,,,,
03/02/2023 07:00,,,,,,,,,,,0,,,,,,,,155.95,(vau),,,,,,,,,,,,,,,
03/02/2023 08:00,,,,,,,,,,,0,,,,,,,,156.05,(vau),,,,,,,,,,,,,,,
03/02/2023 09:00,,,,,,,,,,,0,,,,,,,,156.23,(vau),,,,,,,,,,,,,,,
03/02/2023 10:00,,,,,,,,,,,0,,,,,,,,156.4,(vau),,,,,,,,,,,,,,,
03/02/2023 11:00,,,,,,,,,,,0,,,,,,,,156.46,(vau),,,,,,,,,,,,,,,
03/02/2023 12:00,,,,,,,,,,,0,,,,,,,,156.49,(vau),,,,,,,,,,,,,,,
03/02/2023 13:00,,,,,,,,,,,0,,,,,,,,156.49,(vau),,,,,,,,,,,,,,,
03/02/2023 14:00,,,,,,,,,,,0,,,,,,,,156.48,(vau),,,,,,,,,,,,,,,
03/02/2023 15:00,,,,,,,,,,,0,,,,,,,,156.52,(vau),,,,,,,,,,,,,,,
03/02/2023 16:00,,,,,,,,,,,0,,,,,,,,156.52,(vau),,,,,,,,,,,,,,,
03/02/2023 17:00,,,,,,,,,,,0,,,,,,,,156.6,(vau),,,,,,,,,,,,,,,
03/02/2023 18:00,,,,,,,,,,,0,,,,,,,,156.77,(vau),,,,,,,,,,,,,,,
03/02/2023 19:00,,,,,,,,,,,0,,,,,,,,156.91,(vau),,,,,,,,,,,,,,,
03/02/2023 20:00,,,,,,,,,,,0,,,,,,,,157,(vau),,,,,,,,,,,,,,,
03/02/2023 21:00,,,,,,,,,,,0,,,,,,,,157.16,(vau),,,,,,,,,,,,,,,
03/02/2023 22:00,,,,,,,,,,,0,,,,,,,,157.32,(vau),,,,,,,,,,,,,,,
03/02/2023 23:00,,,,,,,,,,,0,,,,,,,,157.51,(vau),157.51,,,,,,,,,,,,132750,,
04/02/2023 00:00,115.04,(vau),,,,,0,(vau),18.96,(vc),0,,18.96,(vau),,,,,157.69,(vau),,,,,,,,,,,,,,,
04/02/2023 01:00,,,,,,,,,,,0,,,,,,,,157.76,(vau),,,,,,,,,,,,,,,
04/02/2023 02:00,,,,,,,,,,,0,,,,,,,,157.87,(vau),,,,,,,,,,,,,,,
04/02/2023 03:00,,,,,,,,,,,0,,,,,,,,157.98,(vau),,,,,,,,,,,,,,,
04/02/2023 04:00,,,,,,,,,,,0,,,,,,,,158.07,(vau),,,,,,,,,,,,,,,
04/02/2023 05:00,,,,,,,,,,,0,,,,,,,,158.18,(vau),,,,,,,,,,,,,,,
04/02/2023 06:00,,,,,,,,,,,0,,,,,,,,158.27,(vau),,,,,,,,,,,,,,,
04/02/2023 07:00,,,,,,,,,,,0,,,,,,,,158.35,(vau),,,,,,,,,,,,,,,
04/02/2023 08:00,,,,,,,,,,,0,,,,,,,,158.51,(vau),,,,,,,,,,,,,,,
04/02/2023 09:00,,,,,,,,,,,0,,,,,,,,158.66,(vau),,,,,,,,,,,,,,,
04/02/2023 10:00,,,,,,,,,,,0,,,,,,,,158.68,(vau),,,,,,,,,,,,,,,
04/02/2023 11:00,,,,,,,,,,,0,,,,,,,,158.68,(vau),,,,,,,,,,,,,,,
04/02/2023 12:00,,,,,,,,,,,0,,,,,,,,158.7,(vau),,,,,,,,,,,,,,,
04/02/2023 13:00,,,,,,,,,,,0,,,,,,,,158.68,(vau),,,,,,,,,,,,,,,
04/02/2023 14:00,,,,,,,,,,,0,,,,,,,,158.72,(vau),,,,,,,,,,,,,,,
04/02/2023 15:00,,,,,,,,,,,0,,,,,,,,158.52,(vau),,,,,,,,,,,,,,,
04/02/2023 16:00,,,,,,,,,,,0,,,,,,,,158.51,(vau),,,,,,,,,,,,,,,
04/02/2023 17:00,,,,,,,,,,,0,,,,,,,,158.37,(vau),,,,,,,,,,,,,,,
04/02/2023 18:00,,,,,,,,,,,0,,,,,,,,158.34,(vau),,,,,,,,,,,,,,,
04/02/2023 19:00,,,,,,,,,,,0,,,,,,,,158.43,(vau),,,,,,,,,,,,,,,
04/02/2023 20:00,,,,,,,,,,,0,,,,,,,,158.35,(vau),,,,,,,,,,,,,,,
04/02/2023 21:00,,,,,,,,,,,0,,,,,,,,158.51,(vau),,,,,,,,,,,,,,,
04/02/2023 22:00,,,,,,,,,,,0,,,,,,,,158.69,(vau),,,,,,,,,,,,,,,
04/02/2023 23:00,,,,,,,,,,,0,,,,,,,,158.68,(vau),158.68,,,,,,,,,,,,138750,,
05/02/2023 00:00,43.21,(vau),,,,,0,(vau),15.11,(vc),0,,15.11,(vau),,,,,158.67,(vau),,,,,,,,,,,,,,,
05/02/2023 01:00,,,,,,,,,,,0,,,,,,,,158.69,(vau),,,,,,,,,,,,,,,
05/02/2023 02:00,,,,,,,,,,,0,,,,,,,,158.68,(vau),,,,,,,,,,,,,,,
05/02/2023 03:00,,,,,,,,,,,0,,,,,,,,158.6,(vau),,,,,,,,,,,,,,,
05/02/2023 04:00,,,,,,,,,,,0,,,,,,,,158.51,(vau),,,,,,,,,,,,,,,
05/02/2023 05:00,,,,,,,,,,,0,,,,,,,,158.34,(vau),,,,,,,,,,,,,,,
05/02/2023 06:00,,,,,,,,,,,0,,,,,,,,158.26,(vau),,,,,,,,,,,,,,,
05/02/2023 07:00,,,,,,,,,,,0,,,,,,,,158.13,(vau),,,,,,,,,,,,,,,
05/02/2023 08:00,,,,,,,,,,,0,,,,,,,,158,(vau),,,,,,,,,,,,,,,
05/02/2023 09:00,,,,,,,,,,,0,,,,,,,,157.91,(vau),,,,,,,,,,,,,,,
05/02/2023 10:00,,,,,,,,,,,0,,,,,,,,157.8,(vau),,,,,,,,,,,,,,,
05/02/2023 11:00,,,,,,,,,,,0,,,,,,,,157.66,(vau),,,,,,,,,,,,,,,
05/02/2023 12:00,,,,,,,,,,,0,,,,,,,,157.58,(vau),,,,,,,,,,,,,,,
05/02/2023 13:00,,,,,,,,,,,0,,,,,,,,157.48,(vau),,,,,,,,,,,,,,,
05/02/2023 14:00,,,,,,,,,,,0,,,,,,,,157.34,(vau),,,,,,,,,,,,,,,
05/02/2023 15:00,,,,,,,,,,,0,,,,,,,,157.24,(vau),,,,,,,,,,,,,,,
05/02/2023 16:00,,,,,,,,,,,0,,,,,,,,157.15,(vau),,,,,,,,,,,,,,,
05/02/2023 17:00,,,,,,,,,,,0,,,,,,,,157.08,(vau),,,,,,,,,,,,,,,
05/02/2023 18:00,,,,,,,,,,,0,,,,,,,,157.08,(vau),,,,,,,,,,,,,,,
05/02/2023 19:00,,,,,,,,,,,0,,,,,,,,157.24,(vau),,,,,,,,,,,,,,,
05/02/2023 20:00,,,,,,,,,,,0,,,,,,,,157.33,(vau),,,,,,,,,,,,,,,
05/02/2023 21:00,,,,,,,,,,,0,,,,,,,,157.4,(vau),,,,,,,,,,,,,,,
05/02/2023 22:00,,,,,,,,,,,0,,,,,,,,157.46,(vau),,,,,,,,,,,,,,,
05/02/2023 23:00,,,,,,,,,,,0,,,,,,,,157.41,(vau),157.41,,,,,,,,,,,,132250,,
06/02/2023 00:00,42.03,(vau),,,,,0,(vau),32.97,(vc),0,,32.97,(vau),,,,,157.44,(vau),,,,,,,,,,,,,,,
06/02/2023 01:00,,,,,,,,,,,0,,,,,,,,157.44,(vau),,,,,,,,,,,,,,,
06/02/2023 02:00,,,,,,,,,,,0,,,,,,,,157.32,(vau),,,,,,,,,,,,,,,
06/02/2023 03:00,,,,,,,,,,,0,,,,,,,,157.23,(vau),,,,,,,,,,,,,,,
06/02/2023 04:00,,,,,,,,,,,0,,,,,,,,157.23,(vau),,,,,,,,,,,,,,,
06/02/2023 05:00,,,,,,,,,,,0,,,,,,,,157.16,(vau),,,,,,,,,,,,,,,
06/02/2023 06:00,,,,,,,,,,,0,,,,,,,,157.23,(vau),,,,,,,,,,,,,,,
06/02/2023 07:00,,,,,,,,,,,0,,,,,,,,157.23,(vau),,,,,,,,,,,,,,,
06/02/2023 08:00,,,,,,,,,,,0,,,,,,,,157.32,(vau),,,,,,,,,,,,,,,
06/02/2023 09:00,,,,,,,,,,,0,,,,,,,,157.41,(vau),,,,,,,,,,,,,,,
06/02/2023 10:00,,,,,,,,,,,0,,,,,,,,157.38,(vau),,,,,,,,,,,,,,,
06/02/2023 11:00,,,,,,,,,,,0,,,,,,,,157.33,(vau),,,,,,,,,,,,,,,
06/02/2023 12:00,,,,,,,,,,,0,,,,,,,,157.32,(vau),,,,,,,,,,,,,,,
06/02/2023 13:00,,,,,,,,,,,0,,,,,,,,157.24,(vau),,,,,,,,,,,,,,,
06/02/2023 14:00,,,,,,,,,,,0,,,,,,,,157.08,(vau),,,,,,,,,,,,,,,
06/02/2023 15:00,,,,,,,,,,,0,,,,,,,,156.93,(vau),,,,,,,,,,,,,,,
06/02/2023 16:00,,,,,,,,,,,0,,,,,,,,156.83,(vau),,,,,,,,,,,,,,,
06/02/2023 17:00,,,,,,,,,,,0,,,,,,,,156.62,(vau),,,,,,,,,,,,,,,
06/02/2023 18:00,,,,,,,,,,,0,,,,,,,,156.57,(vau),,,,,,,,,,,,,,,
06/02/2023 19:00,,,,,,,,,,,0,,,,,,,,156.58,(vau),,,,,,,,,,,,,,,
06/02/2023 20:00,,,,,,,,,,,0,,,,,,,,156.55,(vau),,,,,,,,,,,,,,,
06/02/2023 21:00,,,,,,,,,,,0,,,,,,,,156.49,(vau),,,,,,,,,,,,,,,
06/02/2023 22:00,,,,,,,,,,,0,,,,,,,,156.57,(vau),,,,,,,,,,,,,,,
06/02/2023 23:00,,,,,,,,,,,0,,,,,,,,157.32,(vdd),157.32,(vdd),,,,,,,132000,,,,132000,,
07/02/2023 00:00,73.93,(vau),,,,,0,(vau),15.6,(vc),0,,15.6,(vau),,,,,156.68,(vau),,,,,,,,,,,,,,,
07/02/2023 01:00,,,,,,,,,,,0,,,,,,,,156.63,(vau),,,,,,,,,,,,,,,
07/02/2023 02:00,,,,,,,,,,,0,,,,,,,,156.68,(vau),,,,,,,,,,,,,,,
07/02/2023 03:00,,,,,,,,,,,0,,,,,,,,156.71,(vau),,,,,,,,,,,,,,,
07/02/2023 04:00,,,,,,,,,,,0,,,,,,,,156.66,(vau),,,,,,,,,,,,,,,
07/02/2023 05:00,,,,,,,,,,,0,,,,,,,,156.71,(vau),,,,,,,,,,,,,,,
07/02/2023 06:00,,,,,,,,,,,0,,,,,,,,156.69,(vau),,,,,,,,,,,,,,,
07/02/2023 07:00,,,,,,,,,,,0,,,,,,,,156.71,(vau),,,,,,,,,,,,,,,
07/02/2023 08:00,,,,,,,,,,,0,,,,,,,,156.79,(vau),,,,,,,,,,,,,,,
07/02/2023 09:00,,,,,,,,,,,0,,,,,,,,156.9,(vau),,,,,,,,,,,,,,,
07/02/2023 10:00,,,,,,,,,,,0,,,,,,,,156.93,(vau),,,,,,,,,,,,,,,
07/02/2023 11:00,,,,,,,,,,,0,,,,,,,,156.92,(vau),,,,,,,,,,,,,,,
07/02/2023 12:00,,,,,,,,,,,0,,,,,,,,156.92,(vau),,,,,,,,,,,,,,,
07/02/2023 13:00,,,,,,,,,,,0,,,,,,,,156.93,(vau),,,,,,,,,,,,,,,
07/02/2023 14:00,,,,,,,,,,,0,,,,,,,,156.99,(vau),,,,,,,,,,,,,,,
07/02/2023 15:00,,,,,,,,,,,0,,,,,,,,156.93,(vau),,,,,,,,,,,,,,,
07/02/2023 16:00,,,,,,,,,,,0,,,,,,,,156.98,(vau),,,,,,,,,,,,,,,
07/02/2023 17:00,,,,,,,,,,,0,,,,,,,,157.08,(vau),,,,,,,,,,,,,,,
07/02/2023 18:00,,,,,,,,,,,0,,,,,,,,157.23,(vau),,,,,,,,,,,,,,,
07/02/2023 19:00,,,,,,,,,,,0,,,,,,,,157.33,(vau),,,,,,,,,,,,,,,
07/02/2023 20:00,,,,,,,,,,,0,,,,,,,,157.48,(vau),,,,,,,,,,,,,,,
07/02/2023 21:00,,,,,,,,,,,0,,,,,,,,157.55,(vau),,,,,,,,,,,,,,,
07/02/2023 22:00,,,,,,,,,,,0,,,,,,,,157.55,(vau),,,,,,,,,,,,,,,
07/02/2023 23:00,,,,,,,,,,,0,,,,,,,,157.6,(vau),157.6,(vau),,,,,,,,,,,133200,,
08/02/2023 00:00,69.1,(vau),,,,,0,(vau),17.92,(vc),0,,17.92,(vau),,,,,157.57,(vau),,,,,,,,,,,,,,,
08/02/2023 01:00,,,,,,,,,,,0,,,,,,,,157.57,(vau),,,,,,,,,,,,,,,
08/02/2023 02:00,,,,,,,,,,,0,,,,,,,,157.58,(vau),,,,,,,,,,,,,,,
08/02/2023 03:00,,,,,,,,,,,0,,,,,,,,157.57,(vau),,,,,,,,,,,,,,,
08/02/2023 04:00,,,,,,,,,,,0,,,,,,,,157.55,(vau),,,,,,,,,,,,,,,
08/02/2023 05:00,,,,,,,,,,,0,,,,,,,,157.58,(vau),,,,,,,,,,,,,,,
08/02/2023 06:00,,,,,,,,,,,0,,,,,,,,157.58,(vau),,,,,,,,,,,,,,,
08/02/2023 07:00,,,,,,,,,,,0,,,,,,,,157.54,(vau),,,,,,,,,,,,,,,
08/02/2023 08:00,,,,,,,,,,,0,,,,,,,,157.66,(vau),,,,,,,,,,,,,,,
08/02/2023 09:00,,,,,,,,,,,0,,,,,,,,157.73,(vau),,,,,,,,,,,,,,,
08/02/2023 10:00,,,,,,,,,,,0,,,,,,,,157.68,(vau),,,,,,,,,,,,,,,
08/02/2023 11:00,,,,,,,,,,,0,,,,,,,,157.67,(vau),,,,,,,,,,,,,,,
08/02/2023 12:00,,,,,,,,,,,0,,,,,,,,157.73,(vau),,,,,,,,,,,,,,,
08/02/2023 13:00,,,,,,,,,,,0,,,,,,,,157.69,(vau),,,,,,,,,,,,,,,
08/02/2023 14:00,,,,,,,,,,,0,,,,,,,,157.69,(vau),,,,,,,,,,,,,,,
08/02/2023 15:00,,,,,,,,,,,0,,,,,,,,157.74,(vau),,,,,,,,,,,,,,,
08/02/2023 16:00,,,,,,,,,,,0,,,,,,,,157.7,(vau),,,,,,,,,,,,,,,
08/02/2023 17:00,,,,,,,,,,,0,,,,,,,,157.8,(vau),,,,,,,,,,,,,,,
08/02/2023 18:00,,,,,,,,,,,0,,,,,,,,157.9,(vau),,,,,,,,,,,,,,,
08/02/2023 19:00,,,,,,,,,,,0,,,,,,,,157.99,(vau),,,,,,,,,,,,,,,
08/02/2023 20:00,,,,,,,,,,,0,,,,,,,,158.18,(vau),,,,,,,,,,,,,,,
08/02/2023 21:00,,,,,,,,,,,0,,,,,,,,158.27,(vau),,,,,,,,,,,,,,,
08/02/2023 22:00,,,,,,,,,,,0,,,,,,,,158.35,(vau),,,,,,,,,,,,,,,
08/02/2023 23:00,,,,,,,,,,,0,,,,,,,,158.4,(vau),158.4,,,,,,,,,,,,137260,,
09/02/2023 00:00,56.23,(vau),,,,,0,(vau),15.54,(vc),0,,15.54,(vau),,,,,158.43,(vau),,,,,,,,,,,,,,,
09/02/2023 01:00,,,,,,,,,,,0,,,,,,,,158.43,(vau),,,,,,,,,,,,,,,
09/02/2023 02:00,,,,,,,,,,,0,,,,,,,,158.44,(vau),,,,,,,,,,,,,,,
09/02/2023 03:00,,,,,,,,,,,0,,,,,,,,158.43,(vau),,,,,,,,,,,,,,,
09/02/2023 04:00,,,,,,,,,,,0,,,,,,,,158.44,(vau),,,,,,,,,,,,,,,
09/02/2023 05:00,,,,,,,,,,,0,,,,,,,,158.44,(vau),,,,,,,,,,,,,,,
09/02/2023 06:00,,,,,,,,,,,0,,,,,,,,158.43,(vau),,,,,,,,,,,,,,,
09/02/2023 07:00,,,,,,,,,,,0,,,,,,,,158.43,(vau),,,,,,,,,,,,,,,
09/02/2023 08:00,,,,,,,,,,,0,,,,,,,,158.51,(vau),,,,,,,,,,,,,,,
09/02/2023 09:00,,,,,,,,,,,0,,,,,,,,158.51,(vau),,,,,,,,,,,,,,,
09/02/2023 10:00,,,,,,,,,,,0,,,,,,,,158.51,(vau),,,,,,,,,,,,,,,
09/02/2023 11:00,,,,,,,,,,,0,,,,,,,,158.44,(vau),,,,,,,,,,,,,,,
09/02/2023 12:00,,,,,,,,,,,0,,,,,,,,158.28,(vau),,,,,,,,,,,,,,,
09/02/2023 13:00,,,,,,,,,,,0,,,,,,,,158.34,(vau),,,,,,,,,,,,,,,
09/02/2023 14:00,,,,,,,,,,,0,,,,,,,,158.43,(vau),,,,,,,,,,,,,,,
09/02/2023 15:00,,,,,,,,,,,0,,,,,,,,158.28,(vau),,,,,,,,,,,,,,,
09/02/2023 16:00,,,,,,,,,,,0,,,,,,,,158.35,(vau),,,,,,,,,,,,,,,
09/02/2023 17:00,,,,,,,,,,,0,,,,,,,,158.37,(vau),,,,,,,,,,,,,,,
09/02/2023 18:00,,,,,,,,,,,0,,,,,,,,158.43,(vau),,,,,,,,,,,,,,,
09/02/2023 19:00,,,,,,,,,,,0,,,,,,,,158.6,(vau),,,,,,,,,,,,,,,
09/02/2023 20:00,,,,,,,,,,,0,,,,,,,,158.66,(vau),,,,,,,,,,,,,,,
09/02/2023 21:00,,,,,,,,,,,0,,,,,,,,158.73,(vau),,,,,,,,,,,,,,,
09/02/2023 22:00,,,,,,,,,,,0,,,,,,,,158.77,(vau),,,,,,,,,,,,,,,
09/02/2023 23:00,,,,,,,,,,,0,,,,,,,,158.76,(vau),158.76,,,,,,,,,,,,139180,,
10/02/2023 00:00,58.79,(vau),,,,,0,(vau),18.32,(vc),0,,18.32,(vau),,,,,158.76,(vau),,,,,,,,,,,,,,,
10/02/2023 01:00,,,,,,,,,,,0,,,,,,,,158.76,(vau),,,,,,,,,,,,,,,
10/02/2023 02:00,,,,,,,,,,,0,,,,,,,,158.74,(vau),,,,,,,,,,,,,,,
10/02/2023 03:00,,,,,,,,,,,0,,,,,,,,158.76,(vau),,,,,,,,,,,,,,,
10/02/2023 04:00,,,,,,,,,,,0,,,,,,,,158.77,(vau),,,,,,,,,,,,,,,
10/02/2023 05:00,,,,,,,,,,,0,,,,,,,,158.74,(vau),,,,,,,,,,,,,,,
10/02/2023 06:00,,,,,,,,,,,0,,,,,,,,158.74,(vau),,,,,,,,,,,,,,,
10/02/2023 07:00,,,,,,,,,,,0,,,,,,,,158.76,(vau),,,,,,,,,,,,,,,
10/02/2023 08:00,,,,,,,,,,,0,,,,,,,,158.77,(vau),,,,,,,,,,,,,,,
10/02/2023 09:00,,,,,,,,,,,0,,,,,,,,158.84,(vau),,,,,,,,,,,,,,,
10/02/2023 10:00,,,,,,,,,,,0,,,,,,,,158.76,(vau),,,,,,,,,,,,,,,
10/02/2023 11:00,,,,,,,,,,,0,,,,,,,,158.8,(vau),,,,,,,,,,,,,,,
10/02/2023 12:00,,,,,,,,,,,0,,,,,,,,158.82,(vau),,,,,,,,,,,,,,,
10/02/2023 13:00,,,,,,,,,,,0,,,,,,,,158.77,(vau),,,,,,,,,,,,,,,
10/02/2023 14:00,,,,,,,,,,,0,,,,,,,,158.82,(vau),,,,,,,,,,,,,,,
10/02/2023 15:00,,,,,,,,,,,0,,,,,,,,158.82,(vau),,,,,,,,,,,,,,,
10/02/2023 16:00,,,,,,,,,,,0,,,,,,,,158.79,(vau),,,,,,,,,,,,,,,
10/02/2023 17:00,,,,,,,,,,,0,,,,,,,,158.85,(vau),,,,,,,,,,,,,,,
10/02/2023 18:00,,,,,,,,,,,0,,,,,,,,158.96,(vau),,,,,,,,,,,,,,,
10/02/2023 19:00,,,,,,,,,,,0,,,,,,,,159.1,(vau),,,,,,,,,,,,,,,
10/02/2023 20:00,,,,,,,,,,,0,,,,,,,,159.19,(vau),,,,,,,,,,,,,,,
10/02/2023 21:00,,,,,,,,,,,0,,,,,,,,159.13,(vau),,,,,,,,,,,,,,,
10/02/2023 22:00,,,,,,,,,,,0,,,,,,,,159.21,(vau),,,,,,,,,,,,,,,
10/02/2023 23:00,,,,,,,,,,,0,,,,,,,,159.32,(vau),159.32,(vau),,,,,,,,,,,142300,,
11/02/2023 00:00,113.67,(vau),,,,,0,(vau),15.23,(vc),0,,15.23,(vau),,,,,159.21,(vau),,,,,,,,,,,,,,,
11/02/2023 01:00,,,,,,,,,,,0,,,,,,,,159.33,(vau),,,,,,,,,,,,,,,
11/02/2023 02:00,,,,,,,,,,,0,,,,,,,,159.32,(vau),,,,,,,,,,,,,,,
11/02/2023 03:00,,,,,,,,,,,0,,,,,,,,159.23,(vau),,,,,,,,,,,,,,,
11/02/2023 04:00,,,,,,,,,,,0,,,,,,,,159.35,(vau),,,,,,,,,,,,,,,
11/02/2023 05:00,,,,,,,,,,,0,,,,,,,,159.29,(vau),,,,,,,,,,,,,,,
11/02/2023 06:00,,,,,,,,,,,0,,,,,,,,159.27,(vau),,,,,,,,,,,,,,,
11/02/2023 07:00,,,,,,,,,,,0,,,,,,,,159.34,(vau),,,,,,,,,,,,,,,
11/02/2023 08:00,,,,,,,,,,,0,,,,,,,,159.35,(vau),,,,,,,,,,,,,,,
11/02/2023 09:00,,,,,,,,,,,0,,,,,,,,159.49,(vau),,,,,,,,,,,,,,,
11/02/2023 10:00,,,,,,,,,,,0,,,,,,,,159.56,(vau),,,,,,,,,,,,,,,
11/02/2023 11:00,,,,,,,,,,,0,,,,,,,,159.55,(vau),,,,,,,,,,,,,,,
11/02/2023 12:00,,,,,,,,,,,0,,,,,,,,159.57,(vau),,,,,,,,,,,,,,,
11/02/2023 13:00,,,,,,,,,,,0,,,,,,,,159.63,(vau),,,,,,,,,,,,,,,
11/02/2023 14:00,,,,,,,,,,,0,,,,,,,,159.7,(vau),,,,,,,,,,,,,,,
11/02/2023 15:00,,,,,,,,,,,0,,,,,,,,159.8,(vau),,,,,,,,,,,,,,,
11/02/2023 16:00,,,,,,,,,,,0,,,,,,,,159.96,(vau),,,,,,,,,,,,,,,
11/02/2023 17:00,,,,,,,,,,,0,,,,,,,,160.1,(vau),,,,,,,,,,,,,,,
11/02/2023 18:00,,,,,,,,,,,0,,,,,,,,160.27,(vau),,,,,,,,,,,,,,,
11/02/2023 19:00,,,,,,,,,,,0,,,,,,,,160.35,(vau),,,,,,,,,,,,,,,
11/02/2023 20:00,,,,,,,,,,,0,,,,,,,,160.44,(vau),,,,,,,,,,,,,,,
11/02/2023 21:00,,,,,,,,,,,0,,,,,,,,160.48,(vau),,,,,,,,,,,,,,,
11/02/2023 22:00,,,,,,,,,,,0,,,,,,,,160.52,(vau),,,,,,,,,,,,,,,
11/02/2023 23:00,,,,,,,,,,,0,,,,,,,,160.58,(vau),160.58,(vau),,,,,,,,,,,150420,,
12/02/2023 00:00,41.06,(vau),,,,,0,(vau),15.18,(vc),0,,15.18,(vau),,,,,160.52,(vau),,,,,,,,,,,,,,,
12/02/2023 01:00,,,,,,,,,,,0,,,,,,,,160.55,(vau),,,,,,,,,,,,,,,
12/02/2023 02:00,,,,,,,,,,,0,,,,,,,,160.56,(vau),,,,,,,,,,,,,,,
12/02/2023 03:00,,,,,,,,,,,0,,,,,,,,160.54,(vau),,,,,,,,,,,,,,,
12/02/2023 04:00,,,,,,,,,,,0,,,,,,,,160.58,(vau),,,,,,,,,,,,,,,
12/02/2023 05:00,,,,,,,,,,,0,,,,,,,,160.54,(vau),,,,,,,,,,,,,,,
12/02/2023 06:00,,,,,,,,,,,0,,,,,,,,160.55,(vau),,,,,,,,,,,,,,,
12/02/2023 07:00,,,,,,,,,,,0,,,,,,,,160.57,(vau),,,,,,,,,,,,,,,
12/02/2023 08:00,,,,,,,,,,,0,,,,,,,,160.55,(vau),,,,,,,,,,,,,,,
12/02/2023 09:00,,,,,,,,,,,0,,,,,,,,160.58,(vau),,,,,,,,,,,,,,,
12/02/2023 10:00,,,,,,,,,,,0,,,,,,,,160.57,(vau),,,,,,,,,,,,,,,
12/02/2023 11:00,,,,,,,,,,,0,,,,,,,,160.55,(vau),,,,,,,,,,,,,,,
12/02/2023 12:00,,,,,,,,,,,0,,,,,,,,160.58,(vau),,,,,,,,,,,,,,,
12/02/2023 13:00,,,,,,,,,,,0,,,,,,,,160.57,(vau),,,,,,,,,,,,,,,
12/02/2023 14:00,,,,,,,,,,,0,,,,,,,,160.58,(vau),,,,,,,,,,,,,,,
12/02/2023 15:00,,,,,,,,,,,0,,,,,,,,160.57,(vau),,,,,,,,,,,,,,,
12/02/2023 16:00,,,,,,,,,,,0,,,,,,,,160.57,(vau),,,,,,,,,,,,,,,
12/02/2023 17:00,,,,,,,,,,,0,,,,,,,,160.6,(vau),,,,,,,,,,,,,,,
12/02/2023 18:00,,,,,,,,,,,0,,,,,,,,160.66,(vau),,,,,,,,,,,,,,,
12/02/2023 19:00,,,,,,,,,,,0,,,,,,,,160.82,(vau),,,,,,,,,,,,,,,
12/02/2023 20:00,,,,,,,,,,,0,,,,,,,,160.93,(vau),,,,,,,,,,,,,,,
12/02/2023 21:00,,,,,,,,,,,0,,,,,,,,160.99,(vau),,,,,,,,,,,,,,,
12/02/2023 22:00,,,,,,,,,,,0,,,,,,,,161.07,(vau),,,,,,,,,,,,,,,
12/02/2023 23:00,,,,,,,,,,,0,,,,,,,,160.99,(vau),160.99,,,,,,,,,,,,152260,,
13/02/2023 00:00,34.22,(vau),,,,,0,(vau),20.49,(vc),0,,20.49,(vau),,,,,161.07,(vau),,,,,,,,,,,,,,,
13/02/2023 01:00,,,,,,,,,,,0,,,,,,,,161.01,(vau),,,,,,,,,,,,,,,
13/02/2023 02:00,,,,,,,,,,,0,,,,,,,,160.99,(vau),,,,,,,,,,,,,,,
13/02/2023 03:00,,,,,,,,,,,0,,,,,,,,160.93,(vau),,,,,,,,,,,,,,,
13/02/2023 04:00,,,,,,,,,,,0,,,,,,,,160.82,(vau),,,,,,,,,,,,,,,
13/02/2023 05:00,,,,,,,,,,,0,,,,,,,,160.76,(vau),,,,,,,,,,,,,,,
13/02/2023 06:00,,,,,,,,,,,0,,,,,,,,160.83,(vau),,,,,,,,,,,,,,,
13/02/2023 07:00,,,,,,,,,,,0,,,,,,,,160.74,(vau),,,,,,,,,,,,,,,
13/02/2023 08:00,,,,,,,,,,,0,,,,,,,,160.75,(vau),,,,,,,,,,,,,,,
13/02/2023 09:00,,,,,,,,,,,0,,,,,,,,160.82,(vau),,,,,,,,,,,,,,,
13/02/2023 10:00,,,,,,,,,,,0,,,,,,,,160.69,(vau),,,,,,,,,,,,,,,
13/02/2023 11:00,,,,,,,,,,,0,,,,,,,,160.82,(vau),,,,,,,,,,,,,,,
13/02/2023 12:00,,,,,,,,,,,0,,,,,,,,160.76,(vau),,,,,,,,,,,,,,,
13/02/2023 13:00,,,,,,,,,,,0,,,,,,,,160.75,(vau),,,,,,,,,,,,,,,
13/02/2023 14:00,,,,,,,,,,,0,,,,,,,,160.82,(vau),,,,,,,,,,,,,,,
13/02/2023 15:00,,,,,,,,,,,0,,,,,,,,160.74,(vau),,,,,,,,,,,,,,,
13/02/2023 16:00,,,,,,,,,,,0,,,,,,,,160.83,(vau),,,,,,,,,,,,,,,
13/02/2023 17:00,,,,,,,,,,,0,,,,,,,,160.76,(vau),,,,,,,,,,,,,,,
13/02/2023 18:00,,,,,,,,,,,0,,,,,,,,160.75,(vau),,,,,,,,,,,,,,,
13/02/2023 19:00,,,,,,,,,,,0,,,,,,,,160.84,(vau),,,,,,,,,,,,,,,
13/02/2023 20:00,,,,,,,,,,,0,,,,,,,,160.9,(vau),,,,,,,,,,,,,,,
13/02/2023 21:00,,,,,,,,,,,0,,,,,,,,160.92,(vau),,,,,,,,,,,,,,,
13/02/2023 22:00,,,,,,,,,,,0,,,,,,,,160.9,(vau),,,,,,,,,,,,,,,
13/02/2023 23:00,,,,,,,,,,,0,,,,,,,,160.91,(vau),160.91,(vau),,,,,,,,,,,151920,,
14/02/2023 00:00,1.25,(vau),,,,,0,(vau),28.88,(vc),0,,28.88,(vau),,,,,160.93,(vau),,,,,,,,,,,,,,,
14/02/2023 01:00,,,,,,,,,,,0,,,,,,,,160.9,(vau),,,,,,,,,,,,,,,
14/02/2023 02:00,,,,,,,,,,,0,,,,,,,,160.93,(vau),,,,,,,,,,,,,,,
14/02/2023 03:00,,,,,,,,,,,0,,,,,,,,160.85,(vau),,,,,,,,,,,,,,,
14/02/2023 04:00,,,,,,,,,,,0,,,,,,,,160.75,(vau),,,,,,,,,,,,,,,
14/02/2023 05:00,,,,,,,,,,,0,,,,,,,,160.62,(vau),,,,,,,,,,,,,,,
14/02/2023 06:00,,,,,,,,,,,0,,,,,,,,160.56,(vau),,,,,,,,,,,,,,,
14/02/2023 07:00,,,,,,,,,,,0,,,,,,,,160.54,(vau),,,,,,,,,,,,,,,
14/02/2023 08:00,,,,,,,,,,,0,,,,,,,,160.51,(vau),,,,,,,,,,,,,,,
14/02/2023 09:00,,,,,,,,,,,0,,,,,,,,160.44,(vau),,,,,,,,,,,,,,,
14/02/2023 10:00,,,,,,,,,,,0,,,,,,,,160.46,(vau),,,,,,,,,,,,,,,
14/02/2023 11:00,,,,,,,,,,,0,,,,,,,,160.37,(vau),,,,,,,,,,,,,,,
14/02/2023 12:00,,,,,,,,,,,0,,,,,,,,160.24,(vau),,,,,,,,,,,,,,,
14/02/2023 13:00,,,,,,,,,,,0,,,,,,,,160.18,(vau),,,,,,,,,,,,,,,
14/02/2023 14:00,,,,,,,,,,,0,,,,,,,,160.01,(vau),,,,,,,,,,,,,,,
14/02/2023 15:00,,,,,,,,,,,0,,,,,,,,159.95,(vau),,,,,,,,,,,,,,,
14/02/2023 16:00,,,,,,,,,,,0,,,,,,,,159.8,(vau),,,,,,,,,,,,,,,
14/02/2023 17:00,,,,,,,,,,,0,,,,,,,,159.62,(vau),,,,,,,,,,,,,,,
14/02/2023 18:00,,,,,,,,,,,0,,,,,,,,159.54,(vau),,,,,,,,,,,,,,,
14/02/2023 19:00,,,,,,,,,,,0,,,,,,,,159.46,(vau),,,,,,,,,,,,,,,
14/02/2023 20:00,,,,,,,,,,,0,,,,,,,,159.54,(vau),,,,,,,,,,,,,,,
14/02/2023 21:00,,,,,,,,,,,0,,,,,,,,159.55,(vau),,,,,,,,,,,,,,,
14/02/2023 22:00,,,,,,,,,,,0,,,,,,,,159.4,(vau),,,,,,,,,,,,,,,
14/02/2023 23:00,,,,,,,,,,,0,,,,,,,,159.4,(vau),159.4,,,,,,,,,,,,142760,,
15/02/2023 00:00,47.19,(vau),,,,,0,(vau),38.72,(vc),0,,38.72,(vau),,,,,159.39,(vau),,,,,,,,,,,,,,,
15/02/2023 01:00,,,,,,,,,,,0,,,,,,,,159.34,(vau),,,,,,,,,,,,,,,
15/02/2023 02:00,,,,,,,,,,,0,,,,,,,,159.3,(vau),,,,,,,,,,,,,,,
15/02/2023 03:00,,,,,,,,,,,0,,,,,,,,159.26,(vau),,,,,,,,,,,,,,,
15/02/2023 04:00,,,,,,,,,,,0,,,,,,,,159.3,(vau),,,,,,,,,,,,,,,
15/02/2023 05:00,,,,,,,,,,,0,,,,,,,,159.27,(vau),,,,,,,,,,,,,,,
15/02/2023 06:00,,,,,,,,,,,0,,,,,,,,159.26,(vau),,,,,,,,,,,,,,,
15/02/2023 07:00,,,,,,,,,,,0,,,,,,,,159.26,(vau),,,,,,,,,,,,,,,
15/02/2023 08:00,,,,,,,,,,,0,,,,,,,,159.2,(vau),,,,,,,,,,,,,,,
15/02/2023 09:00,,,,,,,,,,,0,,,,,,,,159.19,(vau),,,,,,,,,,,,,,,
15/02/2023 10:00,,,,,,,,,,,0,,,,,,,,159.16,(vau),,,,,,,,,,,,,,,
15/02/2023 11:00,,,,,,,,,,,0,,,,,,,,159.05,(vau),,,,,,,,,,,,,,,
15/02/2023 12:00,,,,,,,,,,,0,,,,,,,,158.96,(vau),,,,,,,,,,,,,,,
15/02/2023 13:00,,,,,,,,,,,0,,,,,,,,158.93,(vau),,,,,,,,,,,,,,,
15/02/2023 14:00,,,,,,,,,,,0,,,,,,,,158.87,(vau),,,,,,,,,,,,,,,
15/02/2023 15:00,,,,,,,,,,,0,,,,,,,,158.76,(vau),,,,,,,,,,,,,,,
15/02/2023 16:00,,,,,,,,,,,0,,,,,,,,158.83,(vau),,,,,,,,,,,,,,,
15/02/2023 17:00,,,,,,,,,,,0,,,,,,,,158.88,(vau),,,,,,,,,,,,,,,
15/02/2023 18:00,,,,,,,,,,,0,,,,,,,,158.88,(vau),,,,,,,,,,,,,,,
15/02/2023 19:00,,,,,,,,,,,0,,,,,,,,158.96,(vau),,,,,,,,,,,,,,,
15/02/2023 20:00,,,,,,,,,,,0,,,,,,,,159.04,(vau),,,,,,,,,,,,,,,
15/02/2023 21:00,,,,,,,,,,,0,,,,,,,,159.05,(vau),,,,,,,,,,,,,,,
15/02/2023 22:00,,,,,,,,,,,0,,,,,,,,159.13,(vau),,,,,,,,,,,,,,,
15/02/2023 23:00,,,,,,,,,,,0,,,,,,,,159.01,(vau),159.01,,,,,,,,,,,,140560,,
16/02/2023 00:00,64.98,(vau),,,,,0,(vau),28.73,(vc),0,,28.73,(vau),,,,,158.96,(vau),,,,,,,,,,,,,,,
16/02/2023 01:00,,,,,,,,,,,0,,,,,,,,159.05,(vau),,,,,,,,,,,,,,,
16/02/2023 02:00,,,,,,,,,,,0,,,,,,,,158.98,(vau),,,,,,,,,,,,,,,
16/02/2023 03:00,,,,,,,,,,,0,,,,,,,,158.99,(vau),,,,,,,,,,,,,,,
16/02/2023 04:00,,,,,,,,,,,0,,,,,,,,159.03,(vau),,,,,,,,,,,,,,,
16/02/2023 05:00,,,,,,,,,,,0,,,,,,,,158.93,(vau),,,,,,,,,,,,,,,
16/02/2023 06:00,,,,,,,,,,,0,,,,,,,,158.98,(vau),,,,,,,,,,,,,,,
16/02/2023 07:00,,,,,,,,,,,0,,,,,,,,159.07,(vau),,,,,,,,,,,,,,,
16/02/2023 08:00,,,,,,,,,,,0,,,,,,,,159.15,(vau),,,,,,,,,,,,,,,
16/02/2023 09:00,,,,,,,,,,,0,,,,,,,,159.27,(vau),,,,,,,,,,,,,,,
16/02/2023 10:00,,,,,,,,,,,0,,,,,,,,159.32,(vau),,,,,,,,,,,,,,,
16/02/2023 11:00,,,,,,,,,,,0,,,,,,,,159.3,(vau),,,,,,,,,,,,,,,
16/02/2023 12:00,,,,,,,,,,,0,,,,,,,,159.26,(vau),,,,,,,,,,,,,,,
16/02/2023 13:00,,,,,,,,,,,0,,,,,,,,159.21,(vau),,,,,,,,,,,,,,,
16/02/2023 14:00,,,,,,,,,,,0,,,,,,,,159.04,(vau),,,,,,,,,,,,,,,
16/02/2023 15:00,,,,,,,,,,,0,,,,,,,,158.96,(vau),,,,,,,,,,,,,,,
16/02/2023 16:00,,,,,,,,,,,0,,,,,,,,158.87,(vau),,,,,,,,,,,,,,,
16/02/2023 17:00,,,,,,,,,,,0,,,,,,,,158.76,(vau),,,,,,,,,,,,,,,
16/02/2023 18:00,,,,,,,,,,,0,,,,,,,,158.9,(vau),,,,,,,,,,,,,,,
16/02/2023 19:00,,,,,,,,,,,0,,,,,,,,158.98,(vau),,,,,,,,,,,,,,,
16/02/2023 20:00,,,,,,,,,,,0,,,,,,,,159.05,(vau),,,,,,,,,,,,,,,
16/02/2023 21:00,,,,,,,,,,,0,,,,,,,,159.13,(vau),,,,,,,,,,,,,,,
16/02/2023 22:00,,,,,,,,,,,0,,,,,,,,159.09,(vau),,,,,,,,,,,,,,,
16/02/2023 23:00,,,,,,,,,,,0,,,,,,,,159.08,(vau),159.08,,,,,,,,,,,,140950,,
17/02/2023 00:00,45.81,(vau),,,,,0,(vau),16.47,(vc),0,,16.47,(vau),,,,,159.13,(vau),,,,,,,,,,,,,,,
17/02/2023 01:00,,,,,,,,,,,0,,,,,,,,159.09,(vau),,,,,,,,,,,,,,,
17/02/2023 02:00,,,,,,,,,,,0,,,,,,,,159.1,(vau),,,,,,,,,,,,,,,
17/02/2023 03:00,,,,,,,,,,,0,,,,,,,,159.13,(vau),,,,,,,,,,,,,,,
17/02/2023 04:00,,,,,,,,,,,0,,,,,,,,159.1,(vau),,,,,,,,,,,,,,,
17/02/2023 05:00,,,,,,,,,,,0,,,,,,,,159.12,(vau),,,,,,,,,,,,,,,
17/02/2023 06:00,,,,,,,,,,,0,,,,,,,,159.12,(vau),,,,,,,,,,,,,,,
17/02/2023 07:00,,,,,,,,,,,0,,,,,,,,159.1,(vau),,,,,,,,,,,,,,,
17/02/2023 08:00,,,,,,,,,,,0,,,,,,,,159.24,(vau),,,,,,,,,,,,,,,
17/02/2023 09:00,,,,,,,,,,,0,,,,,,,,159.19,(vau),,,,,,,,,,,,,,,
17/02/2023 10:00,,,,,,,,,,,0,,,,,,,,159.12,(vau),,,,,,,,,,,,,,,
17/02/2023 11:00,,,,,,,,,,,0,,,,,,,,159.19,(vau),,,,,,,,,,,,,,,
17/02/2023 12:00,,,,,,,,,,,0,,,,,,,,159.09,(vau),,,,,,,,,,,,,,,
17/02/2023 13:00,,,,,,,,,,,0,,,,,,,,158.96,(vau),,,,,,,,,,,,,,,
17/02/2023 14:00,,,,,,,,,,,0,,,,,,,,158.93,(vau),,,,,,,,,,,,,,,
17/02/2023 15:00,,,,,,,,,,,0,,,,,,,,158.73,(vau),,,,,,,,,,,,,,,
17/02/2023 16:00,,,,,,,,,,,0,,,,,,,,158.74,(vau),,,,,,,,,,,,,,,
17/02/2023 17:00,,,,,,,,,,,0,,,,,,,,158.79,(vau),,,,,,,,,,,,,,,
17/02/2023 18:00,,,,,,,,,,,0,,,,,,,,158.88,(vau),,,,,,,,,,,,,,,
17/02/2023 19:00,,,,,,,,,,,0,,,,,,,,158.96,(vau),,,,,,,,,,,,,,,
17/02/2023 20:00,,,,,,,,,,,0,,,,,,,,159.07,(vau),,,,,,,,,,,,,,,
17/02/2023 21:00,,,,,,,,,,,0,,,,,,,,159.1,(vau),,,,,,,,,,,,,,,
17/02/2023 22:00,,,,,,,,,,,0,,,,,,,,159.1,(vau),,,,,,,,,,,,,,,
17/02/2023 23:00,,,,,,,,,,,0,,,,,,,,159.07,(vau),159.07,(vau),,,,,,,,,,,140890,,
18/02/2023 00:00,46.52,(vau),,,,,0,(vau),12.28,(vc),0,,12.28,(vau),,,,,159.1,(vau),,,,,,,,,,,,,,,
18/02/2023 01:00,,,,,,,,,,,0,,,,,,,,159.1,(vau),,,,,,,,,,,,,,,
18/02/2023 02:00,,,,,,,,,,,0,,,,,,,,159.08,(vau),,,,,,,,,,,,,,,
18/02/2023 03:00,,,,,,,,,,,0,,,,,,,,159.1,(vau),,,,,,,,,,,,,,,
18/02/2023 04:00,,,,,,,,,,,0,,,,,,,,159.09,(vau),,,,,,,,,,,,,,,
18/02/2023 05:00,,,,,,,,,,,0,,,,,,,,159.08,(vau),,,,,,,,,,,,,,,
18/02/2023 06:00,,,,,,,,,,,0,,,,,,,,159.04,(vau),,,,,,,,,,,,,,,
18/02/2023 07:00,,,,,,,,,,,0,,,,,,,,158.98,(vau),,,,,,,,,,,,,,,
18/02/2023 08:00,,,,,,,,,,,0,,,,,,,,158.94,(vau),,,,,,,,,,,,,,,
18/02/2023 09:00,,,,,,,,,,,0,,,,,,,,159.01,(vau),,,,,,,,,,,,,,,
18/02/2023 10:00,,,,,,,,,,,0,,,,,,,,158.96,(vau),,,,,,,,,,,,,,,
18/02/2023 11:00,,,,,,,,,,,0,,,,,,,,158.9,(vau),,,,,,,,,,,,,,,
18/02/2023 12:00,,,,,,,,,,,0,,,,,,,,158.79,(vau),,,,,,,,,,,,,,,
18/02/2023 13:00,,,,,,,,,,,0,,,,,,,,158.69,(vau),,,,,,,,,,,,,,,
18/02/2023 14:00,,,,,,,,,,,0,,,,,,,,158.67,(vau),,,,,,,,,,,,,,,
18/02/2023 15:00,,,,,,,,,,,0,,,,,,,,158.51,(vau),,,,,,,,,,,,,,,
18/02/2023 16:00,,,,,,,,,,,0,,,,,,,,158.37,(vau),,,,,,,,,,,,,,,
18/02/2023 17:00,,,,,,,,,,,0,,,,,,,,158.37,(vau),,,,,,,,,,,,,,,
18/02/2023 18:00,,,,,,,,,,,0,,,,,,,,158.51,(vau),,,,,,,,,,,,,,,
18/02/2023 19:00,,,,,,,,,,,0,,,,,,,,158.52,(vau),,,,,,,,,,,,,,,
18/02/2023 20:00,,,,,,,,,,,0,,,,,,,,158.67,(vau),,,,,,,,,,,,,,,
18/02/2023 21:00,,,,,,,,,,,0,,,,,,,,158.68,(vau),,,,,,,,,,,,,,,
18/02/2023 22:00,,,,,,,,,,,0,,,,,,,,158.72,(vau),,,,,,,,,,,,,,,
18/02/2023 23:00,,,,,,,,,,,0,,,,,,,,158.82,(vau),158.82,,,,,,,,,,,,139510,,
19/02/2023 00:00,27.92,(vau),,,,,0,(vau),12.75,(vc),0,,12.75,(vau),,,,,158.68,(vau),,,,,,,,,,,,,,,
19/02/2023 01:00,,,,,,,,,,,0,,,,,,,,158.52,(vau),,,,,,,,,,,,,,,
19/02/2023 02:00,,,,,,,,,,,0,,,,,,,,158.6,(vau),,,,,,,,,,,,,,,
19/02/2023 03:00,,,,,,,,,,,0,,,,,,,,158.52,(vau),,,,,,,,,,,,,,,
19/02/2023 04:00,,,,,,,,,,,0,,,,,,,,158.56,(vau),,,,,,,,,,,,,,,
19/02/2023 05:00,,,,,,,,,,,0,,,,,,,,158.59,(vau),,,,,,,,,,,,,,,
19/02/2023 06:00,,,,,,,,,,,0,,,,,,,,158.52,(vau),,,,,,,,,,,,,,,
19/02/2023 07:00,,,,,,,,,,,0,,,,,,,,158.52,(vau),,,,,,,,,,,,,,,
19/02/2023 08:00,,,,,,,,,,,0,,,,,,,,158.36,(vau),,,,,,,,,,,,,,,
19/02/2023 09:00,,,,,,,,,,,0,,,,,,,,158.2,(vau),,,,,,,,,,,,,,,
19/02/2023 10:00,,,,,,,,,,,0,,,,,,,,158.2,(vau),,,,,,,,,,,,,,,
19/02/2023 11:00,,,,,,,,,,,0,,,,,,,,158.21,(vau),,,,,,,,,,,,,,,
19/02/2023 12:00,,,,,,,,,,,0,,,,,,,,158.2,(vau),,,,,,,,,,,,,,,
19/02/2023 13:00,,,,,,,,,,,0,,,,,,,,158.23,(vau),,,,,,,,,,,,,,,
19/02/2023 14:00,,,,,,,,,,,0,,,,,,,,158.18,(vau),,,,,,,,,,,,,,,
19/02/2023 15:00,,,,,,,,,,,0,,,,,,,,158.01,(vau),,,,,,,,,,,,,,,
19/02/2023 16:00,,,,,,,,,,,0,,,,,,,,158.01,(vau),,,,,,,,,,,,,,,
19/02/2023 17:00,,,,,,,,,,,0,,,,,,,,158.07,(vau),,,,,,,,,,,,,,,
19/02/2023 18:00,,,,,,,,,,,0,,,,,,,,158.07,(vau),,,,,,,,,,,,,,,
19/02/2023 19:00,,,,,,,,,,,0,,,,,,,,158.18,(vau),,,,,,,,,,,,,,,
19/02/2023 20:00,,,,,,,,,,,0,,,,,,,,158.28,(vau),,,,,,,,,,,,,,,
19/02/2023 21:00,,,,,,,,,,,0,,,,,,,,158.29,(vau),,,,,,,,,,,,,,,
19/02/2023 22:00,,,,,,,,,,,0,,,,,,,,158.2,(vau),,,,,,,,,,,,,,,
19/02/2023 23:00,,,,,,,,,,,0,,,,,,,,158.2,(vau),158.2,(vau),,,,,,,,,,,136220,,
20/02/2023 00:00,77.66,(vau),,,,,0,(vau),31.43,(vc),0,,31.43,(vau),,,,,158.35,(vau),,,,,,,,,,,,,,,
20/02/2023 01:00,,,,,,,,,,,0,,,,,,,,158.43,(vau),,,,,,,,,,,,,,,
20/02/2023 02:00,,,,,,,,,,,0,,,,,,,,158.36,(vau),,,,,,,,,,,,,,,
20/02/2023 03:00,,,,,,,,,,,0,,,,,,,,158.36,(vau),,,,,,,,,,,,,,,
20/02/2023 04:00,,,,,,,,,,,0,,,,,,,,158.36,(vau),,,,,,,,,,,,,,,
20/02/2023 05:00,,,,,,,,,,,0,,,,,,,,158.28,(vau),,,,,,,,,,,,,,,
20/02/2023 06:00,,,,,,,,,,,0,,,,,,,,158.29,(vau),,,,,,,,,,,,,,,
20/02/2023 07:00,,,,,,,,,,,0,,,,,,,,158.43,(vau),,,,,,,,,,,,,,,
20/02/2023 08:00,,,,,,,,,,,0,,,,,,,,158.52,(vau),,,,,,,,,,,,,,,
20/02/2023 09:00,,,,,,,,,,,0,,,,,,,,158.67,(vau),,,,,,,,,,,,,,,
20/02/2023 10:00,,,,,,,,,,,0,,,,,,,,158.77,(vau),,,,,,,,,,,,,,,
20/02/2023 11:00,,,,,,,,,,,0,,,,,,,,158.71,(vau),,,,,,,,,,,,,,,
20/02/2023 12:00,,,,,,,,,,,0,,,,,,,,158.67,(vau),,,,,,,,,,,,,,,
20/02/2023 13:00,,,,,,,,,,,0,,,,,,,,158.73,(vau),,,,,,,,,,,,,,,
20/02/2023 14:00,,,,,,,,,,,0,,,,,,,,158.68,(vau),,,,,,,,,,,,,,,
20/02/2023 15:00,,,,,,,,,,,0,,,,,,,,158.69,(vau),,,,,,,,,,,,,,,
20/02/2023 16:00,,,,,,,,,,,0,,,,,,,,158.72,(vau),,,,,,,,,,,,,,,
20/02/2023 17:00,,,,,,,,,,,0,,,,,,,,158.6,(vau),,,,,,,,,,,,,,,
20/02/2023 18:00,,,,,,,,,,,0,,,,,,,,158.59,(vau),,,,,,,,,,,,,,,
20/02/2023 19:00,,,,,,,,,,,0,,,,,,,,158.67,(vau),,,,,,,,,,,,,,,
20/02/2023 20:00,,,,,,,,,,,0,,,,,,,,158.74,(vau),,,,,,,,,,,,,,,
20/02/2023 21:00,,,,,,,,,,,0,,,,,,,,158.82,(vau),,,,,,,,,,,,,,,
20/02/2023 22:00,,,,,,,,,,,0,,,,,,,,158.84,(vau),,,,,,,,,,,,,,,
20/02/2023 23:00,,,,,,,,,,,0,,,,,,,,158.79,(vau),158.79,,,,,,,,,,,,139350,,
21/02/2023 00:00,69.32,(vau),,,,,0,(vau),25.49,(vc),0,,25.49,(vau),,,,,158.87,(vau),,,,,,,,,,,,,,,
21/02/2023 01:00,,,,,,,,,,,0,,,,,,,,158.84,(vau),,,,,,,,,,,,,,,
21/02/2023 02:00,,,,,,,,,,,0,,,,,,,,158.8,(vau),,,,,,,,,,,,,,,
21/02/2023 03:00,,,,,,,,,,,0,,,,,,,,158.85,(vau),,,,,,,,,,,,,,,
21/02/2023 04:00,,,,,,,,,,,0,,,,,,,,158.84,(vau),,,,,,,,,,,,,,,
21/02/2023 05:00,,,,,,,,,,,0,,,,,,,,158.83,(vau),,,,,,,,,,,,,,,
21/02/2023 06:00,,,,,,,,,,,0,,,,,,,,158.95,(vau),,,,,,,,,,,,,,,
21/02/2023 07:00,,,,,,,,,,,0,,,,,,,,159.07,(vau),,,,,,,,,,,,,,,
21/02/2023 08:00,,,,,,,,,,,0,,,,,,,,159.07,(vau),,,,,,,,,,,,,,,
21/02/2023 09:00,,,,,,,,,,,0,,,,,,,,159.1,(vau),,,,,,,,,,,,,,,
21/02/2023 10:00,,,,,,,,,,,0,,,,,,,,159.07,(vau),,,,,,,,,,,,,,,
21/02/2023 11:00,,,,,,,,,,,0,,,,,,,,159.08,(vau),,,,,,,,,,,,,,,
21/02/2023 12:00,,,,,,,,,,,0,,,,,,,,159.15,(vau),,,,,,,,,,,,,,,
21/02/2023 13:00,,,,,,,,,,,0,,,,,,,,159.07,(vau),,,,,,,,,,,,,,,
21/02/2023 14:00,,,,,,,,,,,0,,,,,,,,159.1,(vau),,,,,,,,,,,,,,,
21/02/2023 15:00,,,,,,,,,,,0,,,,,,,,159.05,(vau),,,,,,,,,,,,,,,
21/02/2023 16:00,,,,,,,,,,,0,,,,,,,,158.91,(vau),,,,,,,,,,,,,,,
21/02/2023 17:00,,,,,,,,,,,0,,,,,,,,158.9,(vau),,,,,,,,,,,,,,,
21/02/2023 18:00,,,,,,,,,,,0,,,,,,,,158.95,(vau),,,,,,,,,,,,,,,
21/02/2023 19:00,,,,,,,,,,,0,,,,,,,,158.95,(vau),,,,,,,,,,,,,,,
21/02/2023 20:00,,,,,,,,,,,0,,,,,,,,159.12,(vau),,,,,,,,,,,,,,,
21/02/2023 21:00,,,,,,,,,,,0,,,,,,,,159.3,(vau),,,,,,,,,,,,,,,
21/02/2023 22:00,,,,,,,,,,,0,,,,,,,,159.26,(vau),,,,,,,,,,,,,,,
21/02/2023 23:00,,,,,,,,,,,0,,,,,,,,159.26,(vau),159.26,(vau),,,,,,,,,,,141960,,
22/02/2023 00:00,73.83,(vau),,,,,0,(vau),38.52,(vc),0,,38.52,(vau),,,,,159.32,(vau),,,,,,,,,,,,,,,
22/02/2023 01:00,,,,,,,,,,,0,,,,,,,,159.26,(vau),,,,,,,,,,,,,,,
22/02/2023 02:00,,,,,,,,,,,0,,,,,,,,159.29,(vau),,,,,,,,,,,,,,,
22/02/2023 03:00,,,,,,,,,,,0,,,,,,,,159.29,(vau),,,,,,,,,,,,,,,
22/02/2023 04:00,,,,,,,,,,,0,,,,,,,,159.27,(vau),,,,,,,,,,,,,,,
22/02/2023 05:00,,,,,,,,,,,0,,,,,,,,159.32,(vau),,,,,,,,,,,,,,,
22/02/2023 06:00,,,,,,,,,,,0,,,,,,,,159.28,(vau),,,,,,,,,,,,,,,
22/02/2023 07:00,,,,,,,,,,,0,,,,,,,,159.35,(vau),,,,,,,,,,,,,,,
22/02/2023 08:00,,,,,,,,,,,0,,,,,,,,159.48,(vau),,,,,,,,,,,,,,,
22/02/2023 09:00,,,,,,,,,,,0,,,,,,,,159.48,(vau),,,,,,,,,,,,,,,
22/02/2023 10:00,,,,,,,,,,,0,,,,,,,,159.57,(vau),,,,,,,,,,,,,,,
22/02/2023 11:00,,,,,,,,,,,0,,,,,,,,159.56,(vau),,,,,,,,,,,,,,,
22/02/2023 12:00,,,,,,,,,,,0,,,,,,,,159.46,(vau),,,,,,,,,,,,,,,
22/02/2023 13:00,,,,,,,,,,,0,,,,,,,,159.57,(vau),,,,,,,,,,,,,,,
22/02/2023 14:00,,,,,,,,,,,0,,,,,,,,159.54,(vau),,,,,,,,,,,,,,,
22/02/2023 15:00,,,,,,,,,,,0,,,,,,,,159.49,(vau),,,,,,,,,,,,,,,
22/02/2023 16:00,,,,,,,,,,,0,,,,,,,,159.51,(vau),,,,,,,,,,,,,,,
22/02/2023 17:00,,,,,,,,,,,0,,,,,,,,159.41,(vau),,,,,,,,,,,,,,,
22/02/2023 18:00,,,,,,,,,,,0,,,,,,,,159.57,(vau),,,,,,,,,,,,,,,
22/02/2023 19:00,,,,,,,,,,,0,,,,,,,,159.72,(vau),,,,,,,,,,,,,,,
22/02/2023 20:00,,,,,,,,,,,0,,,,,,,,159.8,(vau),,,,,,,,,,,,,,,
22/02/2023 21:00,,,,,,,,,,,0,,,,,,,,159.88,(vau),,,,,,,,,,,,,,,
22/02/2023 22:00,,,,,,,,,,,0,,,,,,,,159.8,(vau),,,,,,,,,,,,,,,
22/02/2023 23:00,,,,,,,,,,,0,,,,,,,,159.72,(vau),159.72,(vau),,,,,,,,,,,144630,,
23/02/2023 00:00,61.75,(vau),,,,,0,(vau),23.91,(vc),0,,23.91,(vau),,,,,159.8,(vau),,,,,,,,,,,,,,,
23/02/2023 01:00,,,,,,,,,,,0,,,,,,,,159.8,(vau),,,,,,,,,,,,,,,
23/02/2023 02:00,,,,,,,,,,,0,,,,,,,,159.87,(vau),,,,,,,,,,,,,,,
23/02/2023 03:00,,,,,,,,,,,0,,,,,,,,159.8,(vau),,,,,,,,,,,,,,,
23/02/2023 04:00,,,,,,,,,,,0,,,,,,,,159.79,(vau),,,,,,,,,,,,,,,
23/02/2023 05:00,,,,,,,,,,,0,,,,,,,,159.87,(vau),,,,,,,,,,,,,,,
23/02/2023 06:00,,,,,,,,,,,0,,,,,,,,159.8,(vau),,,,,,,,,,,,,,,
23/02/2023 07:00,,,,,,,,,,,0,,,,,,,,159.8,(vau),,,,,,,,,,,,,,,
23/02/2023 08:00,,,,,,,,,,,0,,,,,,,,159.8,(vau),,,,,,,,,,,,,,,
23/02/2023 09:00,,,,,,,,,,,0,,,,,,,,159.79,(vau),,,,,,,,,,,,,,,
23/02/2023 10:00,,,,,,,,,,,0,,,,,,,,159.8,(vau),,,,,,,,,,,,,,,
23/02/2023 11:00,,,,,,,,,,,0,,,,,,,,159.87,(vau),,,,,,,,,,,,,,,
23/02/2023 12:00,,,,,,,,,,,0,,,,,,,,159.8,(vau),,,,,,,,,,,,,,,
23/02/2023 13:00,,,,,,,,,,,0,,,,,,,,159.87,(vau),,,,,,,,,,,,,,,
23/02/2023 14:00,,,,,,,,,,,0,,,,,,,,159.79,(vau),,,,,,,,,,,,,,,
23/02/2023 15:00,,,,,,,,,,,0,,,,,,,,159.56,(vau),,,,,,,,,,,,,,,
23/02/2023 16:00,,,,,,,,,,,0,,,,,,,,159.57,(vau),,,,,,,,,,,,,,,
23/02/2023 17:00,,,,,,,,,,,0,,,,,,,,159.63,(vau),,,,,,,,,,,,,,,
23/02/2023 18:00,,,,,,,,,,,0,,,,,,,,159.56,(vau),,,,,,,,,,,,,,,
23/02/2023 19:00,,,,,,,,,,,0,,,,,,,,159.7,(vau),,,,,,,,,,,,,,,
23/02/2023 20:00,,,,,,,,,,,0,,,,,,,,159.88,(vau),,,,,,,,,,,,,,,
23/02/2023 21:00,,,,,,,,,,,0,,,,,,,,159.88,(vau),,,,,,,,,,,,,,,
23/02/2023 22:00,,,,,,,,,,,0,,,,,,,,159.95,(vau),,,,,,,,,,,,,,,
23/02/2023 23:00,,,,,,,,,,,0,,,,,,,,159.96,(vau),159.96,,,,,,,,,,,,146060,,
24/02/2023 00:00,105.72,(vau),,,,,0,(vau),24.86,(vc),0,,24.86,(vau),,,,,159.95,(vau),,,,,,,,,,,,,,,
24/02/2023 01:00,,,,,,,,,,,0,,,,,,,,159.95,(vau),,,,,,,,,,,,,,,
24/02/2023 02:00,,,,,,,,,,,0,,,,,,,,159.96,(vau),,,,,,,,,,,,,,,
24/02/2023 03:00,,,,,,,,,,,0,,,,,,,,159.95,(vau),,,,,,,,,,,,,,,
24/02/2023 04:00,,,,,,,,,,,0,,,,,,,,159.96,(vau),,,,,,,,,,,,,,,
24/02/2023 05:00,,,,,,,,,,,0,,,,,,,,159.95,(vau),,,,,,,,,,,,,,,
24/02/2023 06:00,,,,,,,,,,,0,,,,,,,,159.95,(vau),,,,,,,,,,,,,,,
24/02/2023 07:00,,,,,,,,,,,0,,,,,,,,160.05,(vau),,,,,,,,,,,,,,,
24/02/2023 08:00,,,,,,,,,,,0,,,,,,,,160.2,(vau),,,,,,,,,,,,,,,
24/02/2023 09:00,,,,,,,,,,,0,,,,,,,,160.33,(vau),,,,,,,,,,,,,,,
24/02/2023 10:00,,,,,,,,,,,0,,,,,,,,160.44,(vau),,,,,,,,,,,,,,,
24/02/2023 11:00,,,,,,,,,,,0,,,,,,,,160.47,(vau),,,,,,,,,,,,,,,
24/02/2023 12:00,,,,,,,,,,,0,,,,,,,,160.45,(vau),,,,,,,,,,,,,,,
24/02/2023 13:00,,,,,,,,,,,0,,,,,,,,160.45,(vau),,,,,,,,,,,,,,,
24/02/2023 14:00,,,,,,,,,,,0,,,,,,,,160.46,(vau),,,,,,,,,,,,,,,
24/02/2023 15:00,,,,,,,,,,,0,,,,,,,,160.51,(vau),,,,,,,,,,,,,,,
24/02/2023 16:00,,,,,,,,,,,0,,,,,,,,160.55,(vau),,,,,,,,,,,,,,,
24/02/2023 17:00,,,,,,,,,,,0,,,,,,,,160.68,(vau),,,,,,,,,,,,,,,
24/02/2023 18:00,,,,,,,,,,,0,,,,,,,,160.8,(vau),,,,,,,,,,,,,,,
24/02/2023 19:00,,,,,,,,,,,0,,,,,,,,160.93,(vau),,,,,,,,,,,,,,,
24/02/2023 20:00,,,,,,,,,,,0,,,,,,,,161.08,(vau),,,,,,,,,,,,,,,
24/02/2023 21:00,,,,,,,,,,,0,,,,,,,,161.23,(vau),,,,,,,,,,,,,,,
24/02/2023 22:00,,,,,,,,,,,0,,,,,,,,161.23,(vau),,,,,,,,,,,,,,,
24/02/2023 23:00,,,,,,,,,,,0,,,,,,,,161.08,(vau),161.08,(vau),,,,,,,,,,,152650,,
25/02/2023 00:00,62.98,(vau),,,,,0,(vau),46.8,(vc),0,,46.8,(vau),,,,,161.08,(vau),,,,,,,,,,,,,,,
25/02/2023 01:00,,,,,,,,,,,0,,,,,,,,161,(vau),,,,,,,,,,,,,,,
25/02/2023 02:00,,,,,,,,,,,0,,,,,,,,161.07,(vau),,,,,,,,,,,,,,,
25/02/2023 03:00,,,,,,,,,,,0,,,,,,,,161.07,(vau),,,,,,,,,,,,,,,
25/02/2023 04:00,,,,,,,,,,,0,,,,,,,,161,(vau),,,,,,,,,,,,,,,
25/02/2023 05:00,,,,,,,,,,,0,,,,,,,,161.07,(vau),,,,,,,,,,,,,,,
25/02/2023 06:00,,,,,,,,,,,0,,,,,,,,161.07,(vau),,,,,,,,,,,,,,,
25/02/2023 07:00,,,,,,,,,,,0,,,,,,,,161.07,(vau),,,,,,,,,,,,,,,
25/02/2023 08:00,,,,,,,,,,,0,,,,,,,,161,(vau),,,,,,,,,,,,,,,
25/02/2023 09:00,,,,,,,,,,,0,,,,,,,,160.99,(vau),,,,,,,,,,,,,,,
25/02/2023 10:00,,,,,,,,,,,0,,,,,,,,160.96,(vau),,,,,,,,,,,,,,,
25/02/2023 11:00,,,,,,,,,,,0,,,,,,,,160.9,(vau),,,,,,,,,,,,,,,
25/02/2023 12:00,,,,,,,,,,,0,,,,,,,,160.85,(vau),,,,,,,,,,,,,,,
25/02/2023 13:00,,,,,,,,,,,0,,,,,,,,160.83,(vau),,,,,,,,,,,,,,,
25/02/2023 14:00,,,,,,,,,,,0,,,,,,,,160.91,(vau),,,,,,,,,,,,,,,
25/02/2023 15:00,,,,,,,,,,,0,,,,,,,,160.9,(vau),,,,,,,,,,,,,,,
25/02/2023 16:00,,,,,,,,,,,0,,,,,,,,161.01,(vau),,,,,,,,,,,,,,,
25/02/2023 17:00,,,,,,,,,,,0,,,,,,,,161.08,(vau),,,,,,,,,,,,,,,
25/02/2023 18:00,,,,,,,,,,,0,,,,,,,,161.24,(vau),,,,,,,,,,,,,,,
25/02/2023 19:00,,,,,,,,,,,0,,,,,,,,161.38,(vau),,,,,,,,,,,,,,,
25/02/2023 20:00,,,,,,,,,,,0,,,,,,,,161.34,(vau),,,,,,,,,,,,,,,
25/02/2023 21:00,,,,,,,,,,,0,,,,,,,,161.3,(vau),,,,,,,,,,,,,,,
25/02/2023 22:00,,,,,,,,,,,0,,,,,,,,161.35,(vau),,,,,,,,,,,,,,,
25/02/2023 23:00,,,,,,,,,,,0,,,,,,,,161.29,(vau),161.29,(vau),,,,,,,,,,,153640,,
26/02/2023 00:00,51.67,(vau),,,,,0,(vau),29.85,(vc),0,,29.85,(vau),,,,,161.35,(vau),,,,,,,,,,,,,,,
26/02/2023 01:00,,,,,,,,,,,0,,,,,,,,161.44,(vau),,,,,,,,,,,,,,,
26/02/2023 02:00,,,,,,,,,,,0,,,,,,,,161.38,(vau),,,,,,,,,,,,,,,
26/02/2023 03:00,,,,,,,,,,,0,,,,,,,,161.43,(vau),,,,,,,,,,,,,,,
26/02/2023 04:00,,,,,,,,,,,0,,,,,,,,161.29,(vau),,,,,,,,,,,,,,,
26/02/2023 05:00,,,,,,,,,,,0,,,,,,,,161.15,(vau),,,,,,,,,,,,,,,
26/02/2023 06:00,,,,,,,,,,,0,,,,,,,,161.16,(vau),,,,,,,,,,,,,,,
26/02/2023 07:00,,,,,,,,,,,0,,,,,,,,161.23,(vau),,,,,,,,,,,,,,,
26/02/2023 08:00,,,,,,,,,,,0,,,,,,,,161.29,(vau),,,,,,,,,,,,,,,
26/02/2023 09:00,,,,,,,,,,,0,,,,,,,,161.24,(vau),,,,,,,,,,,,,,,
26/02/2023 10:00,,,,,,,,,,,0,,,,,,,,161.08,(vau),,,,,,,,,,,,,,,
26/02/2023 11:00,,,,,,,,,,,0,,,,,,,,160.98,(vau),,,,,,,,,,,,,,,
26/02/2023 12:00,,,,,,,,,,,0,,,,,,,,160.9,(vau),,,,,,,,,,,,,,,
26/02/2023 13:00,,,,,,,,,,,0,,,,,,,,160.74,(vau),,,,,,,,,,,,,,,
26/02/2023 14:00,,,,,,,,,,,0,,,,,,,,160.68,(vau),,,,,,,,,,,,,,,
26/02/2023 15:00,,,,,,,,,,,0,,,,,,,,160.52,(vau),,,,,,,,,,,,,,,
26/02/2023 16:00,,,,,,,,,,,0,,,,,,,,160.46,(vau),,,,,,,,,,,,,,,
26/02/2023 17:00,,,,,,,,,,,0,,,,,,,,160.32,(vau),,,,,,,,,,,,,,,
26/02/2023 18:00,,,,,,,,,,,0,,,,,,,,160.21,(vau),,,,,,,,,,,,,,,
26/02/2023 19:00,,,,,,,,,,,0,,,,,,,,160.3,(vau),,,,,,,,,,,,,,,
26/02/2023 20:00,,,,,,,,,,,0,,,,,,,,160.27,(vau),,,,,,,,,,,,,,,
26/02/2023 21:00,,,,,,,,,,,0,,,,,,,,160.29,(vau),,,,,,,,,,,,,,,
26/02/2023 22:00,,,,,,,,,,,0,,,,,,,,160.24,(vau),,,,,,,,,,,,,,,
26/02/2023 23:00,,,,,,,,,,,0,,,,,,,,160.23,(vau),160.23,(vau),,,,,,,,,,,148280,,
27/02/2023 00:00,91.63,(vau),,,,,0,(vau),19.97,(vc),0,,19.97,(vau),,,,,160.32,(vau),,,,,,,,,,,,,,,
27/02/2023 01:00,,,,,,,,,,,0,,,,,,,,160.43,(vau),,,,,,,,,,,,,,,
27/02/2023 02:00,,,,,,,,,,,0,,,,,,,,160.52,(vau),,,,,,,,,,,,,,,
27/02/2023 03:00,,,,,,,,,,,0,,,,,,,,160.6,(vau),,,,,,,,,,,,,,,
27/02/2023 04:00,,,,,,,,,,,0,,,,,,,,160.68,(vau),,,,,,,,,,,,,,,
27/02/2023 05:00,,,,,,,,,,,0,,,,,,,,160.75,(vau),,,,,,,,,,,,,,,
27/02/2023 06:00,,,,,,,,,,,0,,,,,,,,160.63,(vau),,,,,,,,,,,,,,,
27/02/2023 07:00,,,,,,,,,,,0,,,,,,,,160.66,(vau),,,,,,,,,,,,,,,
27/02/2023 08:00,,,,,,,,,,,0,,,,,,,,160.66,(vau),,,,,,,,,,,,,,,
27/02/2023 09:00,,,,,,,,,,,0,,,,,,,,160.82,(vau),,,,,,,,,,,,,,,
27/02/2023 10:00,,,,,,,,,,,0,,,,,,,,160.91,(vau),,,,,,,,,,,,,,,
27/02/2023 11:00,,,,,,,,,,,0,,,,,,,,160.91,(vau),,,,,,,,,,,,,,,
27/02/2023 12:00,,,,,,,,,,,0,,,,,,,,160.99,(vau),,,,,,,,,,,,,,,
27/02/2023 13:00,,,,,,,,,,,0,,,,,,,,161,(vau),,,,,,,,,,,,,,,
27/02/2023 14:00,,,,,,,,,,,0,,,,,,,,161,(vau),,,,,,,,,,,,,,,
27/02/2023 15:00,,,,,,,,,,,0,,,,,,,,161.07,(vau),,,,,,,,,,,,,,,
27/02/2023 16:00,,,,,,,,,,,0,,,,,,,,161,(vau),,,,,,,,,,,,,,,
27/02/2023 17:00,,,,,,,,,,,0,,,,,,,,161.07,(vau),,,,,,,,,,,,,,,
27/02/2023 18:00,,,,,,,,,,,0,,,,,,,,161.07,(vau),,,,,,,,,,,,,,,
27/02/2023 19:00,,,,,,,,,,,0,,,,,,,,161.08,(vau),,,,,,,,,,,,,,,
27/02/2023 20:00,,,,,,,,,,,0,,,,,,,,161.32,(vau),,,,,,,,,,,,,,,
27/02/2023 21:00,,,,,,,,,,,0,,,,,,,,161.36,(vau),,,,,,,,,,,,,,,
27/02/2023 22:00,,,,,,,,,,,0,,,,,,,,161.38,(vau),,,,,,,,,,,,,,,
27/02/2023 23:00,,,,,,,,,,,0,,,,,,,,160.66,(vdd),160.66,(vdd),,,,,,,151000,,,,151000,,
28/02/2023 00:00,49.61,(vau),,,,,0,(vau),15.06,(vc),0,,15.06,(vau),,,,,161.28,(vau),,,,,,,,,,,,,,,
28/02/2023 01:00,,,,,,,,,,,0,,,,,,,,161.23,(vau),,,,,,,,,,,,,,,
28/02/2023 02:00,,,,,,,,,,,0,,,,,,,,161.08,(vau),,,,,,,,,,,,,,,
28/02/2023 03:00,,,,,,,,,,,0,,,,,,,,161.23,(vau),,,,,,,,,,,,,,,
28/02/2023 04:00,,,,,,,,,,,0,,,,,,,,161.23,(vau),,,,,,,,,,,,,,,
28/02/2023 05:00,,,,,,,,,,,0,,,,,,,,161.23,(vau),,,,,,,,,,,,,,,
28/02/2023 06:00,,,,,,,,,,,0,,,,,,,,161.24,(vau),,,,,,,,,,,,,,,
28/02/2023 07:00,,,,,,,,,,,0,,,,,,,,161.15,(vau),,,,,,,,,,,,,,,
28/02/2023 08:00,,,,,,,,,,,0,,,,,,,,161.16,(vau),,,,,,,,,,,,,,,
28/02/2023 09:00,,,,,,,,,,,0,,,,,,,,161.15,(vau),,,,,,,,,,,,,,,
28/02/2023 10:00,,,,,,,,,,,0,,,,,,,,161.08,(vau),,,,,,,,,,,,,,,
28/02/2023 11:00,,,,,,,,,,,0,,,,,,,,161.07,(vau),,,,,,,,,,,,,,,
28/02/2023 12:00,,,,,,,,,,,0,,,,,,,,160.84,(vau),,,,,,,,,,,,,,,
28/02/2023 13:00,,,,,,,,,,,0,,,,,,,,160.76,(vau),,,,,,,,,,,,,,,
28/02/2023 14:00,,,,,,,,,,,0,,,,,,,,160.84,(vau),,,,,,,,,,,,,,,
28/02/2023 15:00,,,,,,,,,,,0,,,,,,,,160.74,(vau),,,,,,,,,,,,,,,
28/02/2023 16:00,,,,,,,,,,,0,,,,,,,,160.82,(vau),,,,,,,,,,,,,,,
28/02/2023 17:00,,,,,,,,,,,0,,,,,,,,160.76,(vau),,,,,,,,,,,,,,,
28/02/2023 18:00,,,,,,,,,,,0,,,,,,,,160.69,(vau),,,,,,,,,,,,,,,
28/02/2023 19:00,,,,,,,,,,,0,,,,,,,,160.68,(vau),,,,,,,,,,,,,,,
28/02/2023 20:00,,,,,,,,,,,0,,,,,,,,160.83,(vau),,,,,,,,,,,,,,,
28/02/2023 21:00,,,,,,,,,,,0,,,,,,,,161,(vau),,,,,,,,,,,,,,,
28/02/2023 22:00,,,,,,,,,,,0,,,,,,,,161.07,(vau),,,,,,,,,,,,,,,
28/02/2023 23:00,,,,,,,,,,,0,,,,,,,,161.16,(vdd),161.16,(vdd),,,,,,,153000,,153000,,153000,,
01/03/2023 00:00,20.27,(vau),,,,,0,(vau),20.91,(vc),0,,20.91,(vau),,,,,161.07,(vau),,,,,,,,,,,,,,,
01/03/2023 01:00,,,,,,,,,,,0,,,,,,,,160.99,(vau),,,,,,,,,,,,,,,
01/03/2023 02:00,,,,,,,,,,,0,,,,,,,,161.01,(vau),,,,,,,,,,,,,,,
01/03/2023 03:00,,,,,,,,,,,0,,,,,,,,161.07,(vau),,,,,,,,,,,,,,,
01/03/2023 04:00,,,,,,,,,,,0,,,,,,,,160.98,(vau),,,,,,,,,,,,,,,
01/03/2023 05:00,,,,,,,,,,,0,,,,,,,,161.07,(vau),,,,,,,,,,,,,,,
01/03/2023 06:00,,,,,,,,,,,0,,,,,,,,161,(vau),,,,,,,,,,,,,,,
01/03/2023 07:00,,,,,,,,,,,0,,,,,,,,161.07,(vau),,,,,,,,,,,,,,,
01/03/2023 08:00,,,,,,,,,,,0,,,,,,,,161,(vau),,,,,,,,,,,,,,,
01/03/2023 09:00,,,,,,,,,,,0,,,,,,,,160.92,(vau),,,,,,,,,,,,,,,
01/03/2023 10:00,,,,,,,,,,,0,,,,,,,,160.91,(vau),,,,,,,,,,,,,,,
01/03/2023 11:00,,,,,,,,,,,0,,,,,,,,160.9,(vau),,,,,,,,,,,,,,,
01/03/2023 12:00,,,,,,,,,,,0,,,,,,,,160.9,(vau),,,,,,,,,,,,,,,
01/03/2023 13:00,,,,,,,,,,,0,,,,,,,,160.91,(vau),,,,,,,,,,,,,,,
01/03/2023 14:00,,,,,,,,,,,0,,,,,,,,160.84,(vau),,,,,,,,,,,,,,,
01/03/2023 15:00,,,,,,,,,,,0,,,,,,,,160.91,(vau),,,,,,,,,,,,,,,
01/03/2023 16:00,,,,,,,,,,,0,,,,,,,,160.91,(vau),,,,,,,,,,,,,,,
01/03/2023 17:00,,,,,,,,,,,0,,,,,,,,160.9,(vau),,,,,,,,,,,,,,,
01/03/2023 18:00,,,,,,,,,,,0,,,,,,,,160.9,(vau),,,,,,,,,,,,,,,
01/03/2023 19:00,,,,,,,,,,,0,,,,,,,,160.85,(vau),,,,,,,,,,,,,,,
01/03/2023 20:00,,,,,,,,,,,0,,,,,,,,160.99,(vau),,,,,,,,,,,,,,,
01/03/2023 21:00,,,,,,,,,,,0,,,,,,,,160.99,(vau),,,,,,,,,,,,,,,
01/03/2023 22:00,,,,,,,,,,,0,,,,,,,,160.84,(vau),,,,,,,,,,,,,,,
01/03/2023 23:00,,,,,,,,,,,0,,,,,,,,160.93,(vau),160.93,,,,,,,,,,,,152000,,
02/03/2023 00:00,35.67,(vau),,,,,0,(vau),17,(vc),0,,17,(vau),,,,,160.9,(vau),,,,,,,,,,,,,,,
02/03/2023 01:00,,,,,,,,,,,0,,,,,,,,160.98,(vau),,,,,,,,,,,,,,,
02/03/2023 02:00,,,,,,,,,,,0,,,,,,,,160.92,(vau),,,,,,,,,,,,,,,
02/03/2023 03:00,,,,,,,,,,,0,,,,,,,,160.93,(vau),,,,,,,,,,,,,,,
02/03/2023 04:00,,,,,,,,,,,0,,,,,,,,160.99,(vau),,,,,,,,,,,,,,,
02/03/2023 05:00,,,,,,,,,,,0,,,,,,,,160.92,(vau),,,,,,,,,,,,,,,
02/03/2023 06:00,,,,,,,,,,,0,,,,,,,,160.98,(vau),,,,,,,,,,,,,,,
02/03/2023 07:00,,,,,,,,,,,0,,,,,,,,160.93,(vau),,,,,,,,,,,,,,,
02/03/2023 08:00,,,,,,,,,,,0,,,,,,,,160.85,(vau),,,,,,,,,,,,,,,
02/03/2023 09:00,,,,,,,,,,,0,,,,,,,,160.91,(vau),,,,,,,,,,,,,,,
02/03/2023 10:00,,,,,,,,,,,0,,,,,,,,160.84,(vau),,,,,,,,,,,,,,,
02/03/2023 11:00,,,,,,,,,,,0,,,,,,,,160.84,(vau),,,,,,,,,,,,,,,
02/03/2023 12:00,,,,,,,,,,,0,,,,,,,,160.77,(vau),,,,,,,,,,,,,,,
02/03/2023 13:00,,,,,,,,,,,0,,,,,,,,160.6,(vau),,,,,,,,,,,,,,,
02/03/2023 14:00,,,,,,,,,,,0,,,,,,,,160.63,(vau),,,,,,,,,,,,,,,
02/03/2023 15:00,,,,,,,,,,,0,,,,,,,,160.62,(vau),,,,,,,,,,,,,,,
02/03/2023 16:00,,,,,,,,,,,0,,,,,,,,160.6,(vau),,,,,,,,,,,,,,,
02/03/2023 17:00,,,,,,,,,,,0,,,,,,,,160.63,(vau),,,,,,,,,,,,,,,
02/03/2023 18:00,,,,,,,,,,,0,,,,,,,,160.62,(vau),,,,,,,,,,,,,,,
02/03/2023 19:00,,,,,,,,,,,0,,,,,,,,160.66,(vau),,,,,,,,,,,,,,,
02/03/2023 20:00,,,,,,,,,,,0,,,,,,,,160.82,(vau),,,,,,,,,,,,,,,
02/03/2023 21:00,,,,,,,,,,,0,,,,,,,,160.85,(vau),,,,,,,,,,,,,,,
02/03/2023 22:00,,,,,,,,,,,0,,,,,,,,160.91,(vau),,,,,,,,,,,,,,,
02/03/2023 23:00,,,,,,,,,,,0,,,,,,,,160.91,(vau),160.91,(vau),,,,,,,,,,,151920,,
03/03/2023 00:00,40.15,(vau),,,,,0,(vau),24.64,(vc),0,,24.64,(vau),,,,,160.91,(vau),,,,,,,,,,,,,,,
03/03/2023 01:00,,,,,,,,,,,0,,,,,,,,160.93,(vau),,,,,,,,,,,,,,,
03/03/2023 02:00,,,,,,,,,,,0,,,,,,,,160.91,(vau),,,,,,,,,,,,,,,
03/03/2023 03:00,,,,,,,,,,,0,,,,,,,,160.9,(vau),,,,,,,,,,,,,,,
03/03/2023 04:00,,,,,,,,,,,0,,,,,,,,160.91,(vau),,,,,,,,,,,,,,,
03/03/2023 05:00,,,,,,,,,,,0,,,,,,,,160.84,(vau),,,,,,,,,,,,,,,
03/03/2023 06:00,,,,,,,,,,,0,,,,,,,,160.91,(vau),,,,,,,,,,,,,,,
03/03/2023 07:00,,,,,,,,,,,0,,,,,,,,160.84,(vau),,,,,,,,,,,,,,,
03/03/2023 08:00,,,,,,,,,,,0,,,,,,,,160.85,(vau),,,,,,,,,,,,,,,
03/03/2023 09:00,,,,,,,,,,,0,,,,,,,,160.82,(vau),,,,,,,,,,,,,,,
03/03/2023 10:00,,,,,,,,,,,0,,,,,,,,160.76,(vau),,,,,,,,,,,,,,,
03/03/2023 11:00,,,,,,,,,,,0,,,,,,,,160.77,(vau),,,,,,,,,,,,,,,
03/03/2023 12:00,,,,,,,,,,,0,,,,,,,,160.76,(vau),,,,,,,,,,,,,,,
03/03/2023 13:00,,,,,,,,,,,0,,,,,,,,160.69,(vau),,,,,,,,,,,,,,,
03/03/2023 14:00,,,,,,,,,,,0,,,,,,,,160.75,(vau),,,,,,,,,,,,,,,
03/03/2023 15:00,,,,,,,,,,,0,,,,,,,,160.75,(vau),,,,,,,,,,,,,,,
03/03/2023 16:00,,,,,,,,,,,0,,,,,,,,160.69,(vau),,,,,,,,,,,,,,,
03/03/2023 17:00,,,,,,,,,,,0,,,,,,,,160.75,(vau),,,,,,,,,,,,,,,
03/03/2023 18:00,,,,,,,,,,,0,,,,,,,,160.75,(vau),,,,,,,,,,,,,,,
03/03/2023 19:00,,,,,,,,,,,0,,,,,,,,160.9,(vau),,,,,,,,,,,,,,,
03/03/2023 20:00,,,,,,,,,,,0,,,,,,,,160.92,(vau),,,,,,,,,,,,,,,
03/03/2023 21:00,,,,,,,,,,,0,,,,,,,,161.07,(vau),,,,,,,,,,,,,,,
03/03/2023 22:00,,,,,,,,,,,0,,,,,,,,161.07,(vau),,,,,,,,,,,,,,,
03/03/2023 23:00,,,,,,,,,,,0,,,,,,,,161.07,(vau),161.07,(vau),,,,,,,,,,,152600,,
04/03/2023 00:00,36.17,(vau),,,,,0,(vau),15.34,(vc),0,,15.34,(vau),,,,,161.15,(vau),,,,,,,,,,,,,,,
04/03/2023 01:00,,,,,,,,,,,0,,,,,,,,161.08,(vau),,,,,,,,,,,,,,,
04/03/2023 02:00,,,,,,,,,,,0,,,,,,,,161.08,(vau),,,,,,,,,,,,,,,
04/03/2023 03:00,,,,,,,,,,,0,,,,,,,,161.15,(vau),,,,,,,,,,,,,,,
04/03/2023 04:00,,,,,,,,,,,0,,,,,,,,161.08,(vau),,,,,,,,,,,,,,,
04/03/2023 05:00,,,,,,,,,,,0,,,,,,,,161.15,(vau),,,,,,,,,,,,,,,
04/03/2023 06:00,,,,,,,,,,,0,,,,,,,,161.15,(vau),,,,,,,,,,,,,,,
04/03/2023 07:00,,,,,,,,,,,0,,,,,,,,161.08,(vau),,,,,,,,,,,,,,,
04/03/2023 08:00,,,,,,,,,,,0,,,,,,,,161.08,(vau),,,,,,,,,,,,,,,
04/03/2023 09:00,,,,,,,,,,,0,,,,,,,,161.08,(vau),,,,,,,,,,,,,,,
04/03/2023 10:00,,,,,,,,,,,0,,,,,,,,161.08,(vau),,,,,,,,,,,,,,,
04/03/2023 11:00,,,,,,,,,,,0,,,,,,,,161.08,(vau),,,,,,,,,,,,,,,
04/03/2023 12:00,,,,,,,,,,,0,,,,,,,,161.08,(vau),,,,,,,,,,,,,,,
04/03/2023 13:00,,,,,,,,,,,0,,,,,,,,161.08,(vau),,,,,,,,,,,,,,,
04/03/2023 14:00,,,,,,,,,,,0,,,,,,,,161.08,(vau),,,,,,,,,,,,,,,
04/03/2023 15:00,,,,,,,,,,,0,,,,,,,,161.08,(vau),,,,,,,,,,,,,,,
04/03/2023 16:00,,,,,,,,,,,0,,,,,,,,161,(vau),,,,,,,,,,,,,,,
04/03/2023 17:00,,,,,,,,,,,0,,,,,,,,160.92,(vau),,,,,,,,,,,,,,,
04/03/2023 18:00,,,,,,,,,,,0,,,,,,,,161.08,(vau),,,,,,,,,,,,,,,
04/03/2023 19:00,,,,,,,,,,,0,,,,,,,,161.07,(vau),,,,,,,,,,,,,,,
04/03/2023 20:00,,,,,,,,,,,0,,,,,,,,161.16,(vau),,,,,,,,,,,,,,,
04/03/2023 21:00,,,,,,,,,,,0,,,,,,,,161.16,(vau),,,,,,,,,,,,,,,
04/03/2023 22:00,,,,,,,,,,,0,,,,,,,,161.16,(vau),,,,,,,,,,,,,,,
04/03/2023 23:00,,,,,,,,,,,0,,,,,,,,161.23,(vau),161.23,(vau),,,,,,,,,,,153340,,
05/03/2023 00:00,43.41,(vau),,,,,0,(vau),12.28,(vc),0,,12.28,(vau),,,,,161.16,(vau),,,,,,,,,,,,,,,
05/03/2023 01:00,,,,,,,,,,,0,,,,,,,,161.23,(vau),,,,,,,,,,,,,,,
05/03/2023 02:00,,,,,,,,,,,0,,,,,,,,161,(vau),,,,,,,,,,,,,,,
05/03/2023 03:00,,,,,,,,,,,0,,,,,,,,161.01,(vau),,,,,,,,,,,,,,,
05/03/2023 04:00,,,,,,,,,,,0,,,,,,,,160.9,(vau),,,,,,,,,,,,,,,
05/03/2023 05:00,,,,,,,,,,,0,,,,,,,,160.83,(vau),,,,,,,,,,,,,,,
05/03/2023 06:00,,,,,,,,,,,0,,,,,,,,160.75,(vau),,,,,,,,,,,,,,,
05/03/2023 07:00,,,,,,,,,,,0,,,,,,,,160.59,(vau),,,,,,,,,,,,,,,
05/03/2023 08:00,,,,,,,,,,,0,,,,,,,,160.52,(vau),,,,,,,,,,,,,,,
05/03/2023 09:00,,,,,,,,,,,0,,,,,,,,160.38,(vau),,,,,,,,,,,,,,,
05/03/2023 10:00,,,,,,,,,,,0,,,,,,,,160.32,(vau),,,,,,,,,,,,,,,
05/03/2023 11:00,,,,,,,,,,,0,,,,,,,,160.37,(vau),,,,,,,,,,,,,,,
05/03/2023 12:00,,,,,,,,,,,0,,,,,,,,160.32,(vau),,,,,,,,,,,,,,,
05/03/2023 13:00,,,,,,,,,,,0,,,,,,,,160.41,(vau),,,,,,,,,,,,,,,
05/03/2023 14:00,,,,,,,,,,,0,,,,,,,,160.45,(vau),,,,,,,,,,,,,,,
05/03/2023 15:00,,,,,,,,,,,0,,,,,,,,160.41,(vau),,,,,,,,,,,,,,,
05/03/2023 16:00,,,,,,,,,,,0,,,,,,,,160.65,(vau),,,,,,,,,,,,,,,
05/03/2023 17:00,,,,,,,,,,,0,,,,,,,,160.66,(vau),,,,,,,,,,,,,,,
05/03/2023 18:00,,,,,,,,,,,0,,,,,,,,160.59,(vau),,,,,,,,,,,,,,,
05/03/2023 19:00,,,,,,,,,,,0,,,,,,,,160.63,(vau),,,,,,,,,,,,,,,
05/03/2023 20:00,,,,,,,,,,,0,,,,,,,,160.63,(vau),,,,,,,,,,,,,,,
05/03/2023 21:00,,,,,,,,,,,0,,,,,,,,160.76,(vau),,,,,,,,,,,,,,,
05/03/2023 22:00,,,,,,,,,,,0,,,,,,,,160.77,(vau),,,,,,,,,,,,,,,
05/03/2023 23:00,,,,,,,,,,,0,,,,,,,,160.68,(vau),160.68,,,,,,,,,,,,150900,,
06/03/2023 00:00,68.23,(vau),,,,,0,(vau),30.11,(vc),0,,30.11,(vau),,,,,160.75,(vau),,,,,,,,,,,,,,,
06/03/2023 01:00,,,,,,,,,,,0,,,,,,,,160.52,(vau),,,,,,,,,,,,,,,
06/03/2023 02:00,,,,,,,,,,,0,,,,,,,,160.45,(vau),,,,,,,,,,,,,,,
06/03/2023 03:00,,,,,,,,,,,0,,,,,,,,160.45,(vau),,,,,,,,,,,,,,,
06/03/2023 04:00,,,,,,,,,,,0,,,,,,,,160.27,(vau),,,,,,,,,,,,,,,
06/03/2023 05:00,,,,,,,,,,,0,,,,,,,,160.19,(vau),,,,,,,,,,,,,,,
06/03/2023 06:00,,,,,,,,,,,0,,,,,,,,160.09,(vau),,,,,,,,,,,,,,,
06/03/2023 07:00,,,,,,,,,,,0,,,,,,,,160.04,(vau),,,,,,,,,,,,,,,
06/03/2023 08:00,,,,,,,,,,,0,,,,,,,,160.24,(vau),,,,,,,,,,,,,,,
06/03/2023 09:00,,,,,,,,,,,0,,,,,,,,160.26,(vau),,,,,,,,,,,,,,,
06/03/2023 10:00,,,,,,,,,,,0,,,,,,,,160.32,(vau),,,,,,,,,,,,,,,
06/03/2023 11:00,,,,,,,,,,,0,,,,,,,,160.24,(vau),,,,,,,,,,,,,,,
06/03/2023 12:00,,,,,,,,,,,0,,,,,,,,160.13,(vau),,,,,,,,,,,,,,,
06/03/2023 13:00,,,,,,,,,,,0,,,,,,,,160.19,(vau),,,,,,,,,,,,,,,
06/03/2023 14:00,,,,,,,,,,,0,,,,,,,,160.15,(vau),,,,,,,,,,,,,,,
06/03/2023 15:00,,,,,,,,,,,0,,,,,,,,160.23,(vau),,,,,,,,,,,,,,,
06/03/2023 16:00,,,,,,,,,,,0,,,,,,,,160.26,(vau),,,,,,,,,,,,,,,
06/03/2023 17:00,,,,,,,,,,,0,,,,,,,,160.15,(vau),,,,,,,,,,,,,,,
06/03/2023 18:00,,,,,,,,,,,0,,,,,,,,160.15,(vau),,,,,,,,,,,,,,,
06/03/2023 19:00,,,,,,,,,,,0,,,,,,,,160.2,(vau),,,,,,,,,,,,,,,
06/03/2023 20:00,,,,,,,,,,,0,,,,,,,,160.33,(vau),,,,,,,,,,,,,,,
06/03/2023 21:00,,,,,,,,,,,0,,,,,,,,160.43,(vau),,,,,,,,,,,,,,,
06/03/2023 22:00,,,,,,,,,,,0,,,,,,,,160.47,(vau),,,,,,,,,,,,,,,
06/03/2023 23:00,,,,,,,,,,,0,,,,,,,,160.26,(vdd),160.55,,,,,,,,149000,,,,149000,,
07/03/2023 00:00,34.07,(vau),,,,,0,(vau),15.81,(vc),0,,15.81,(vau),,,,,160.49,(vau),,,,,,,,,,,,,,,
07/03/2023 01:00,,,,,,,,,,,0,,,,,,,,160.52,(vau),,,,,,,,,,,,,,,
07/03/2023 02:00,,,,,,,,,,,0,,,,,,,,160.54,(vau),,,,,,,,,,,,,,,
07/03/2023 03:00,,,,,,,,,,,0,,,,,,,,160.49,(vau),,,,,,,,,,,,,,,
07/03/2023 04:00,,,,,,,,,,,0,,,,,,,,160.54,(vau),,,,,,,,,,,,,,,
07/03/2023 05:00,,,,,,,,,,,0,,,,,,,,160.52,(vau),,,,,,,,,,,,,,,
07/03/2023 06:00,,,,,,,,,,,0,,,,,,,,160.52,(vau),,,,,,,,,,,,,,,
07/03/2023 07:00,,,,,,,,,,,0,,,,,,,,160.63,(vau),,,,,,,,,,,,,,,
07/03/2023 08:00,,,,,,,,,,,0,,,,,,,,160.69,(vau),,,,,,,,,,,,,,,
07/03/2023 09:00,,,,,,,,,,,0,,,,,,,,160.66,(vau),,,,,,,,,,,,,,,
07/03/2023 10:00,,,,,,,,,,,0,,,,,,,,160.65,(vau),,,,,,,,,,,,,,,
07/03/2023 11:00,,,,,,,,,,,0,,,,,,,,160.62,(vau),,,,,,,,,,,,,,,
07/03/2023 12:00,,,,,,,,,,,0,,,,,,,,160.65,(vau),,,,,,,,,,,,,,,
07/03/2023 13:00,,,,,,,,,,,0,,,,,,,,160.65,(vau),,,,,,,,,,,,,,,
07/03/2023 14:00,,,,,,,,,,,0,,,,,,,,160.63,(vau),,,,,,,,,,,,,,,
07/03/2023 15:00,,,,,,,,,,,0,,,,,,,,160.65,(vau),,,,,,,,,,,,,,,
07/03/2023 16:00,,,,,,,,,,,0,,,,,,,,160.65,(vau),,,,,,,,,,,,,,,
07/03/2023 17:00,,,,,,,,,,,0,,,,,,,,160.66,(vau),,,,,,,,,,,,,,,
07/03/2023 18:00,,,,,,,,,,,0,,,,,,,,160.66,(vau),,,,,,,,,,,,,,,
07/03/2023 19:00,,,,,,,,,,,0,,,,,,,,160.63,(vau),,,,,,,,,,,,,,,
07/03/2023 20:00,,,,,,,,,,,0,,,,,,,,160.75,(vau),,,,,,,,,,,,,,,
07/03/2023 21:00,,,,,,,,,,,0,,,,,,,,160.82,(vau),,,,,,,,,,,,,,,
07/03/2023 22:00,,,,,,,,,,,0,,,,,,,,160.82,(vau),,,,,,,,,,,,,,,
07/03/2023 23:00,,,,,,,,,,,0,,,,,,,,160.77,(vau),160.77,(vau),,,,,,,,,,,151310,,
08/03/2023 00:00,113.09,(vau),,,,,0,(vau),19.2,(vc),0,,19.2,(vau),,,,,160.84,(vau),,,,,,,,,,,,,,,
08/03/2023 01:00,,,,,,,,,,,0,,,,,,,,160.66,(vau),,,,,,,,,,,,,,,
08/03/2023 02:00,,,,,,,,,,,0,,,,,,,,160.76,(vau),,,,,,,,,,,,,,,
08/03/2023 03:00,,,,,,,,,,,0,,,,,,,,160.74,(vau),,,,,,,,,,,,,,,
08/03/2023 04:00,,,,,,,,,,,0,,,,,,,,160.69,(vau),,,,,,,,,,,,,,,
08/03/2023 05:00,,,,,,,,,,,0,,,,,,,,160.83,(vau),,,,,,,,,,,,,,,
08/03/2023 06:00,,,,,,,,,,,0,,,,,,,,160.66,(vau),,,,,,,,,,,,,,,
08/03/2023 07:00,,,,,,,,,,,0,,,,,,,,160.85,(vau),,,,,,,,,,,,,,,
08/03/2023 08:00,,,,,,,,,,,0,,,,,,,,160.99,(vau),,,,,,,,,,,,,,,
08/03/2023 09:00,,,,,,,,,,,0,,,,,,,,160.92,(vau),,,,,,,,,,,,,,,
08/03/2023 10:00,,,,,,,,,,,0,,,,,,,,161.08,(vau),,,,,,,,,,,,,,,
08/03/2023 11:00,,,,,,,,,,,0,,,,,,,,161.24,(vau),,,,,,,,,,,,,,,
08/03/2023 12:00,,,,,,,,,,,0,,,,,,,,161.47,(vau),,,,,,,,,,,,,,,
08/03/2023 13:00,,,,,,,,,,,0,,,,,,,,161.6,(vau),,,,,,,,,,,,,,,
08/03/2023 14:00,,,,,,,,,,,0,,,,,,,,161.49,(vau),,,,,,,,,,,,,,,
08/03/2023 15:00,,,,,,,,,,,0,,,,,,,,161.48,(vau),,,,,,,,,,,,,,,
08/03/2023 16:00,,,,,,,,,,,0,,,,,,,,161.4,(vau),,,,,,,,,,,,,,,
08/03/2023 17:00,,,,,,,,,,,0,,,,,,,,161.32,(vau),,,,,,,,,,,,,,,
08/03/2023 18:00,,,,,,,,,,,0,,,,,,,,161.28,(vau),,,,,,,,,,,,,,,
08/03/2023 19:00,,,,,,,,,,,0,,,,,,,,161.32,(vau),,,,,,,,,,,,,,,
08/03/2023 20:00,,,,,,,,,,,0,,,,,,,,161.41,(vau),,,,,,,,,,,,,,,
08/03/2023 21:00,,,,,,,,,,,0,,,,,,,,161.46,(vau),,,,,,,,,,,,,,,
08/03/2023 22:00,,,,,,,,,,,0,,,,,,,,161.49,(vau),,,,,,,,,,,,,,,
08/03/2023 23:00,,,,,,,,,,,0,,,,,,,,161.62,(vau),161.62,(vau),,,,,,,,,,,155680,,
09/03/2023 00:00,65.35,(vau),,,,,0,(vau),17.03,(vc),0,,17.03,(vau),,,,,161.62,(vau),,,,,,,,,,,,,,,
09/03/2023 01:00,,,,,,,,,,,0,,,,,,,,161.63,(vau),,,,,,,,,,,,,,,
09/03/2023 02:00,,,,,,,,,,,0,,,,,,,,161.49,(vau),,,,,,,,,,,,,,,
09/03/2023 03:00,,,,,,,,,,,0,,,,,,,,161.43,(vau),,,,,,,,,,,,,,,
09/03/2023 04:00,,,,,,,,,,,0,,,,,,,,161.33,(vau),,,,,,,,,,,,,,,
09/03/2023 05:00,,,,,,,,,,,0,,,,,,,,161.23,(vau),,,,,,,,,,,,,,,
09/03/2023 06:00,,,,,,,,,,,0,,,,,,,,161.24,(vau),,,,,,,,,,,,,,,
09/03/2023 07:00,,,,,,,,,,,0,,,,,,,,161.32,(vau),,,,,,,,,,,,,,,
09/03/2023 08:00,,,,,,,,,,,0,,,,,,,,161.36,(vau),,,,,,,,,,,,,,,
09/03/2023 09:00,,,,,,,,,,,0,,,,,,,,161.33,(vau),,,,,,,,,,,,,,,
09/03/2023 10:00,,,,,,,,,,,0,,,,,,,,161.46,(vau),,,,,,,,,,,,,,,
09/03/2023 11:00,,,,,,,,,,,0,,,,,,,,161.38,(vau),,,,,,,,,,,,,,,
09/03/2023 12:00,,,,,,,,,,,0,,,,,,,,161.4,(vau),,,,,,,,,,,,,,,
09/03/2023 13:00,,,,,,,,,,,0,,,,,,,,161.36,(vau),,,,,,,,,,,,,,,
09/03/2023 14:00,,,,,,,,,,,0,,,,,,,,161.26,(vau),,,,,,,,,,,,,,,
09/03/2023 15:00,,,,,,,,,,,0,,,,,,,,161.23,(vau),,,,,,,,,,,,,,,
09/03/2023 16:00,,,,,,,,,,,0,,,,,,,,161.08,(vau),,,,,,,,,,,,,,,
09/03/2023 17:00,,,,,,,,,,,0,,,,,,,,161.01,(vau),,,,,,,,,,,,,,,
09/03/2023 18:00,,,,,,,,,,,0,,,,,,,,160.99,(vau),,,,,,,,,,,,,,,
09/03/2023 19:00,,,,,,,,,,,0,,,,,,,,161.07,(vau),,,,,,,,,,,,,,,
09/03/2023 20:00,,,,,,,,,,,0,,,,,,,,161.08,(vau),,,,,,,,,,,,,,,
09/03/2023 21:00,,,,,,,,,,,0,,,,,,,,161.23,(vau),,,,,,,,,,,,,,,
09/03/2023 22:00,,,,,,,,,,,0,,,,,,,,161.24,(vau),,,,,,,,,,,,,,,
09/03/2023 23:00,,,,,,,,,,,0,,,,,,,,161.35,(vau),161.35,(vau),,,,,,,,,,,153960,,
10/03/2023 00:00,62.89,(vau),,,,,0,(vau),26.16,(vc),0,,26.16,(vau),,,,,161.37,(vau),,,,,,,,,,,,,,,
10/03/2023 01:00,,,,,,,,,,,0,,,,,,,,161.34,(vau),,,,,,,,,,,,,,,
10/03/2023 02:00,,,,,,,,,,,0,,,,,,,,161.36,(vau),,,,,,,,,,,,,,,
10/03/2023 03:00,,,,,,,,,,,0,,,,,,,,161.23,(vau),,,,,,,,,,,,,,,
10/03/2023 04:00,,,,,,,,,,,0,,,,,,,,161.23,(vau),,,,,,,,,,,,,,,
10/03/2023 05:00,,,,,,,,,,,0,,,,,,,,161.23,(vau),,,,,,,,,,,,,,,
10/03/2023 06:00,,,,,,,,,,,0,,,,,,,,161.23,(vau),,,,,,,,,,,,,,,
10/03/2023 07:00,,,,,,,,,,,0,,,,,,,,161.35,(vau),,,,,,,,,,,,,,,
10/03/2023 08:00,,,,,,,,,,,0,,,,,,,,161.3,(vau),,,,,,,,,,,,,,,
10/03/2023 09:00,,,,,,,,,,,0,,,,,,,,161.3,(vau),,,,,,,,,,,,,,,
10/03/2023 10:00,,,,,,,,,,,0,,,,,,,,161.29,(vau),,,,,,,,,,,,,,,
10/03/2023 11:00,,,,,,,,,,,0,,,,,,,,161.3,(vau),,,,,,,,,,,,,,,
10/03/2023 12:00,,,,,,,,,,,0,,,,,,,,161.34,(vau),,,,,,,,,,,,,,,
10/03/2023 13:00,,,,,,,,,,,0,,,,,,,,161.23,(vau),,,,,,,,,,,,,,,
10/03/2023 14:00,,,,,,,,,,,0,,,,,,,,161.23,(vau),,,,,,,,,,,,,,,
10/03/2023 15:00,,,,,,,,,,,0,,,,,,,,161.08,(vau),,,,,,,,,,,,,,,
10/03/2023 16:00,,,,,,,,,,,0,,,,,,,,161.15,(vau),,,,,,,,,,,,,,,
10/03/2023 17:00,,,,,,,,,,,0,,,,,,,,161.15,(vau),,,,,,,,,,,,,,,
10/03/2023 18:00,,,,,,,,,,,0,,,,,,,,161.16,(vau),,,,,,,,,,,,,,,
10/03/2023 19:00,,,,,,,,,,,0,,,,,,,,161.28,(vau),,,,,,,,,,,,,,,
10/03/2023 20:00,,,,,,,,,,,0,,,,,,,,161.24,(vau),,,,,,,,,,,,,,,
10/03/2023 21:00,,,,,,,,,,,0,,,,,,,,161.33,(vau),,,,,,,,,,,,,,,
10/03/2023 22:00,,,,,,,,,,,0,,,,,,,,161.38,(vau),,,,,,,,,,,,,,,
10/03/2023 23:00,,,,,,,,,,,0,,,,,,,,161.47,(vau),161.47,(vau),,,,,,,,,,,154660,,
11/03/2023 00:00,31.51,(vau),,,,,0,(vau),16.4,(vc),0,,16.4,(vau),,,,,161.59,(vau),,,,,,,,,,,,,,,
11/03/2023 01:00,,,,,,,,,,,0,,,,,,,,161.4,(vau),,,,,,,,,,,,,,,
11/03/2023 02:00,,,,,,,,,,,0,,,,,,,,161.38,(vau),,,,,,,,,,,,,,,
11/03/2023 03:00,,,,,,,,,,,0,,,,,,,,161.36,(vau),,,,,,,,,,,,,,,
11/03/2023 04:00,,,,,,,,,,,0,,,,,,,,161.37,(vau),,,,,,,,,,,,,,,
11/03/2023 05:00,,,,,,,,,,,0,,,,,,,,161.41,(vau),,,,,,,,,,,,,,,
11/03/2023 06:00,,,,,,,,,,,0,,,,,,,,161.35,(vau),,,,,,,,,,,,,,,
11/03/2023 07:00,,,,,,,,,,,0,,,,,,,,161.23,(vau),,,,,,,,,,,,,,,
11/03/2023 08:00,,,,,,,,,,,0,,,,,,,,161.1,(vau),,,,,,,,,,,,,,,
11/03/2023 09:00,,,,,,,,,,,0,,,,,,,,161,(vau),,,,,,,,,,,,,,,
11/03/2023 10:00,,,,,,,,,,,0,,,,,,,,161.07,(vau),,,,,,,,,,,,,,,
11/03/2023 11:00,,,,,,,,,,,0,,,,,,,,161.07,(vau),,,,,,,,,,,,,,,
11/03/2023 12:00,,,,,,,,,,,0,,,,,,,,161,(vau),,,,,,,,,,,,,,,
11/03/2023 13:00,,,,,,,,,,,0,,,,,,,,161.08,(vau),,,,,,,,,,,,,,,
11/03/2023 14:00,,,,,,,,,,,0,,,,,,,,161,(vau),,,,,,,,,,,,,,,
11/03/2023 15:00,,,,,,,,,,,0,,,,,,,,160.92,(vau),,,,,,,,,,,,,,,
11/03/2023 16:00,,,,,,,,,,,0,,,,,,,,161.08,(vau),,,,,,,,,,,,,,,
11/03/2023 17:00,,,,,,,,,,,0,,,,,,,,160.98,(vau),,,,,,,,,,,,,,,
11/03/2023 18:00,,,,,,,,,,,0,,,,,,,,161.08,(vau),,,,,,,,,,,,,,,
11/03/2023 19:00,,,,,,,,,,,0,,,,,,,,161,(vau),,,,,,,,,,,,,,,
11/03/2023 20:00,,,,,,,,,,,0,,,,,,,,160.99,(vau),,,,,,,,,,,,,,,
11/03/2023 21:00,,,,,,,,,,,0,,,,,,,,161.01,(vau),,,,,,,,,,,,,,,
11/03/2023 22:00,,,,,,,,,,,0,,,,,,,,160.92,(vau),,,,,,,,,,,,,,,
11/03/2023 23:00,,,,,,,,,,,0,,,,,,,,160.9,(vau),160.9,(vau),,,,,,,,,,,151870,,
12/03/2023 00:00,78.7,(vau),,,,,0,(vau),34.15,(vc),0,,34.15,(vau),,,,,160.84,(vau),,,,,,,,,,,,,,,
12/03/2023 01:00,,,,,,,,,,,0,,,,,,,,160.9,(vau),,,,,,,,,,,,,,,
12/03/2023 02:00,,,,,,,,,,,0,,,,,,,,160.85,(vau),,,,,,,,,,,,,,,
12/03/2023 03:00,,,,,,,,,,,0,,,,,,,,160.75,(vau),,,,,,,,,,,,,,,
12/03/2023 04:00,,,,,,,,,,,0,,,,,,,,160.75,(vau),,,,,,,,,,,,,,,
12/03/2023 05:00,,,,,,,,,,,0,,,,,,,,160.59,(vau),,,,,,,,,,,,,,,
12/03/2023 06:00,,,,,,,,,,,0,,,,,,,,160.63,(vau),,,,,,,,,,,,,,,
12/03/2023 07:00,,,,,,,,,,,0,,,,,,,,160.75,(vau),,,,,,,,,,,,,,,
12/03/2023 08:00,,,,,,,,,,,0,,,,,,,,160.75,(vau),,,,,,,,,,,,,,,
12/03/2023 09:00,,,,,,,,,,,0,,,,,,,,160.91,(vau),,,,,,,,,,,,,,,
12/03/2023 10:00,,,,,,,,,,,0,,,,,,,,160.91,(vau),,,,,,,,,,,,,,,
12/03/2023 11:00,,,,,,,,,,,0,,,,,,,,160.99,(vau),,,,,,,,,,,,,,,
12/03/2023 12:00,,,,,,,,,,,0,,,,,,,,161,(vau),,,,,,,,,,,,,,,
12/03/2023 13:00,,,,,,,,,,,0,,,,,,,,161.07,(vau),,,,,,,,,,,,,,,
12/03/2023 14:00,,,,,,,,,,,0,,,,,,,,161.07,(vau),,,,,,,,,,,,,,,
12/03/2023 15:00,,,,,,,,,,,0,,,,,,,,160.92,(vau),,,,,,,,,,,,,,,
12/03/2023 16:00,,,,,,,,,,,0,,,,,,,,160.98,(vau),,,,,,,,,,,,,,,
12/03/2023 17:00,,,,,,,,,,,0,,,,,,,,160.92,(vau),,,,,,,,,,,,,,,
12/03/2023 18:00,,,,,,,,,,,0,,,,,,,,160.9,(vau),,,,,,,,,,,,,,,
12/03/2023 19:00,,,,,,,,,,,0,,,,,,,,160.98,(vau),,,,,,,,,,,,,,,
12/03/2023 20:00,,,,,,,,,,,0,,,,,,,,160.98,(vau),,,,,,,,,,,,,,,
12/03/2023 21:00,,,,,,,,,,,0,,,,,,,,161.15,(vau),,,,,,,,,,,,,,,
12/03/2023 22:00,,,,,,,,,,,0,,,,,,,,161.3,(vau),,,,,,,,,,,,,,,
12/03/2023 23:00,,,,,,,,,,,0,,,,,,,,161.24,(vau),161.24,(vau),,,,,,,,,,,153390,,
13/03/2023 00:00,55.27,(vau),,,,,0,(vau),14.37,(vc),0,,14.37,(vau),,,,,161.3,(vau),,,,,,,,,,,,,,,
13/03/2023 01:00,,,,,,,,,,,0,,,,,,,,161.29,(vau),,,,,,,,,,,,,,,
13/03/2023 02:00,,,,,,,,,,,0,,,,,,,,161.27,(vau),,,,,,,,,,,,,,,
13/03/2023 03:00,,,,,,,,,,,0,,,,,,,,161.32,(vau),,,,,,,,,,,,,,,
13/03/2023 04:00,,,,,,,,,,,0,,,,,,,,161.15,(vau),,,,,,,,,,,,,,,
13/03/2023 05:00,,,,,,,,,,,0,,,,,,,,161.15,(vau),,,,,,,,,,,,,,,
13/03/2023 06:00,,,,,,,,,,,0,,,,,,,,161,(vau),,,,,,,,,,,,,,,
13/03/2023 07:00,,,,,,,,,,,0,,,,,,,,160.93,(vau),,,,,,,,,,,,,,,
13/03/2023 08:00,,,,,,,,,,,0,,,,,,,,160.9,(vau),,,,,,,,,,,,,,,
13/03/2023 09:00,,,,,,,,,,,0,,,,,,,,160.67,(vau),,,,,,,,,,,,,,,
13/03/2023 10:00,,,,,,,,,,,0,,,,,,,,160.65,(vau),,,,,,,,,,,,,,,
13/03/2023 11:00,,,,,,,,,,,0,,,,,,,,160.46,(vau),,,,,,,,,,,,,,,
13/03/2023 12:00,,,,,,,,,,,0,,,,,,,,160.39,(vau),,,,,,,,,,,,,,,
13/03/2023 13:00,,,,,,,,,,,0,,,,,,,,160.35,(vau),,,,,,,,,,,,,,,
13/03/2023 14:00,,,,,,,,,,,0,,,,,,,,160.16,(vau),,,,,,,,,,,,,,,
13/03/2023 15:00,,,,,,,,,,,0,,,,,,,,160.24,(vau),,,,,,,,,,,,,,,
13/03/2023 16:00,,,,,,,,,,,0,,,,,,,,160.1,(vau),,,,,,,,,,,,,,,
13/03/2023 17:00,,,,,,,,,,,0,,,,,,,,160.16,(vau),,,,,,,,,,,,,,,
13/03/2023 18:00,,,,,,,,,,,0,,,,,,,,160.12,(vau),,,,,,,,,,,,,,,
13/03/2023 19:00,,,,,,,,,,,0,,,,,,,,160.2,(vau),,,,,,,,,,,,,,,
13/03/2023 20:00,,,,,,,,,,,0,,,,,,,,160.32,(vau),,,,,,,,,,,,,,,
13/03/2023 21:00,,,,,,,,,,,0,,,,,,,,160.36,(vau),,,,,,,,,,,,,,,
13/03/2023 22:00,,,,,,,,,,,0,,,,,,,,160.48,(vau),,,,,,,,,,,,,,,
13/03/2023 23:00,,,,,,,,,,,0,,,,,,,,160.9,(vdd),160.9,(vdd),,,,,,,152000,,,,152000,,
14/03/2023 00:00,82.17,(vau),,,,,0,(vau),26.94,(vc),0,,26.94,(vau),,,,,160.59,(vau),,,,,,,,,,,,,,,
14/03/2023 01:00,,,,,,,,,,,0,,,,,,,,160.56,(vau),,,,,,,,,,,,,,,
14/03/2023 02:00,,,,,,,,,,,0,,,,,,,,160.48,(vau),,,,,,,,,,,,,,,
14/03/2023 03:00,,,,,,,,,,,0,,,,,,,,160.37,(vau),,,,,,,,,,,,,,,
14/03/2023 04:00,,,,,,,,,,,0,,,,,,,,160.32,(vau),,,,,,,,,,,,,,,
14/03/2023 05:00,,,,,,,,,,,0,,,,,,,,160.31,(vau),,,,,,,,,,,,,,,
14/03/2023 06:00,,,,,,,,,,,0,,,,,,,,160.29,(vau),,,,,,,,,,,,,,,
14/03/2023 07:00,,,,,,,,,,,0,,,,,,,,160.44,(vau),,,,,,,,,,,,,,,
14/03/2023 08:00,,,,,,,,,,,0,,,,,,,,160.47,(vau),,,,,,,,,,,,,,,
14/03/2023 09:00,,,,,,,,,,,0,,,,,,,,160.63,(vau),,,,,,,,,,,,,,,
14/03/2023 10:00,,,,,,,,,,,0,,,,,,,,160.68,(vau),,,,,,,,,,,,,,,
14/03/2023 11:00,,,,,,,,,,,0,,,,,,,,160.75,(vau),,,,,,,,,,,,,,,
14/03/2023 12:00,,,,,,,,,,,0,,,,,,,,160.69,(vau),,,,,,,,,,,,,,,
14/03/2023 13:00,,,,,,,,,,,0,,,,,,,,160.75,(vau),,,,,,,,,,,,,,,
14/03/2023 14:00,,,,,,,,,,,0,,,,,,,,160.75,(vau),,,,,,,,,,,,,,,
14/03/2023 15:00,,,,,,,,,,,0,,,,,,,,160.75,(vau),,,,,,,,,,,,,,,
14/03/2023 16:00,,,,,,,,,,,0,,,,,,,,160.75,(vau),,,,,,,,,,,,,,,
14/03/2023 17:00,,,,,,,,,,,0,,,,,,,,160.59,(vau),,,,,,,,,,,,,,,
14/03/2023 18:00,,,,,,,,,,,0,,,,,,,,160.48,(vau),,,,,,,,,,,,,,,
14/03/2023 19:00,,,,,,,,,,,0,,,,,,,,160.52,(vau),,,,,,,,,,,,,,,
14/03/2023 20:00,,,,,,,,,,,0,,,,,,,,160.6,(vau),,,,,,,,,,,,,,,
14/03/2023 21:00,,,,,,,,,,,0,,,,,,,,160.68,(vau),,,,,,,,,,,,,,,
14/03/2023 22:00,,,,,,,,,,,0,,,,,,,,160.82,(vau),,,,,,,,,,,,,,,
14/03/2023 23:00,,,,,,,,,,,0,,,,,,,,160.91,(vau),160.91,,,,,,,,,,,,151920,,
15/03/2023 00:00,59.83,(vau),,,,,0,(vau),53.55,(vc),0,,53.55,(vau),,,,,160.85,(vau),,,,,,,,,,,,,,,
15/03/2023 01:00,,,,,,,,,,,0,,,,,,,,160.9,(vau),,,,,,,,,,,,,,,
15/03/2023 02:00,,,,,,,,,,,0,,,,,,,,160.74,(vau),,,,,,,,,,,,,,,
15/03/2023 03:00,,,,,,,,,,,0,,,,,,,,160.83,(vau),,,,,,,,,,,,,,,
15/03/2023 04:00,,,,,,,,,,,0,,,,,,,,160.75,(vau),,,,,,,,,,,,,,,
15/03/2023 05:00,,,,,,,,,,,0,,,,,,,,160.63,(vau),,,,,,,,,,,,,,,
15/03/2023 06:00,,,,,,,,,,,0,,,,,,,,160.82,(vau),,,,,,,,,,,,,,,
15/03/2023 07:00,,,,,,,,,,,0,,,,,,,,160.9,(vau),,,,,,,,,,,,,,,
15/03/2023 08:00,,,,,,,,,,,0,,,,,,,,160.99,(vau),,,,,,,,,,,,,,,
15/03/2023 09:00,,,,,,,,,,,0,,,,,,,,160.99,(vau),,,,,,,,,,,,,,,
15/03/2023 10:00,,,,,,,,,,,0,,,,,,,,160.92,(vau),,,,,,,,,,,,,,,
15/03/2023 11:00,,,,,,,,,,,0,,,,,,,,160.99,(vau),,,,,,,,,,,,,,,
15/03/2023 12:00,,,,,,,,,,,0,,,,,,,,160.92,(vau),,,,,,,,,,,,,,,
15/03/2023 13:00,,,,,,,,,,,0,,,,,,,,160.93,(vau),,,,,,,,,,,,,,,
15/03/2023 14:00,,,,,,,,,,,0,,,,,,,,160.9,(vau),,,,,,,,,,,,,,,
15/03/2023 15:00,,,,,,,,,,,0,,,,,,,,160.82,(vau),,,,,,,,,,,,,,,
15/03/2023 16:00,,,,,,,,,,,0,,,,,,,,160.82,(vau),,,,,,,,,,,,,,,
15/03/2023 17:00,,,,,,,,,,,0,,,,,,,,160.74,(vau),,,,,,,,,,,,,,,
15/03/2023 18:00,,,,,,,,,,,0,,,,,,,,160.68,(vau),,,,,,,,,,,,,,,
15/03/2023 19:00,,,,,,,,,,,0,,,,,,,,160.84,(vau),,,,,,,,,,,,,,,
15/03/2023 20:00,,,,,,,,,,,0,,,,,,,,160.92,(vau),,,,,,,,,,,,,,,
15/03/2023 21:00,,,,,,,,,,,0,,,,,,,,160.99,(vau),,,,,,,,,,,,,,,
15/03/2023 22:00,,,,,,,,,,,0,,,,,,,,161.07,(vau),,,,,,,,,,,,,,,
15/03/2023 23:00,,,,,,,,,,,0,,,,,,,,160.9,(vau),160.9,,,,,,,,,,,,151870,,
16/03/2023 00:00,46.06,(vau),,,,,0,(vau),20.13,(vc),0,,20.13,(vau),,,,,160.83,(vau),,,,,,,,,,,,,,,
16/03/2023 01:00,,,,,,,,,,,0,,,,,,,,160.68,(vau),,,,,,,,,,,,,,,
16/03/2023 02:00,,,,,,,,,,,0,,,,,,,,160.57,(vau),,,,,,,,,,,,,,,
16/03/2023 03:00,,,,,,,,,,,0,,,,,,,,160.49,(vau),,,,,,,,,,,,,,,
16/03/2023 04:00,,,,,,,,,,,0,,,,,,,,160.37,(vau),,,,,,,,,,,,,,,
16/03/2023 05:00,,,,,,,,,,,0,,,,,,,,160.39,(vau),,,,,,,,,,,,,,,
16/03/2023 06:00,,,,,,,,,,,0,,,,,,,,160.4,(vau),,,,,,,,,,,,,,,
16/03/2023 07:00,,,,,,,,,,,0,,,,,,,,160.48,(vau),,,,,,,,,,,,,,,
16/03/2023 08:00,,,,,,,,,,,0,,,,,,,,160.51,(vau),,,,,,,,,,,,,,,
16/03/2023 09:00,,,,,,,,,,,0,,,,,,,,160.44,(vau),,,,,,,,,,,,,,,
16/03/2023 10:00,,,,,,,,,,,0,,,,,,,,160.51,(vau),,,,,,,,,,,,,,,
16/03/2023 11:00,,,,,,,,,,,0,,,,,,,,160.45,(vau),,,,,,,,,,,,,,,
16/03/2023 12:00,,,,,,,,,,,0,,,,,,,,160.35,(vau),,,,,,,,,,,,,,,
16/03/2023 13:00,,,,,,,,,,,0,,,,,,,,160.35,(vau),,,,,,,,,,,,,,,
16/03/2023 14:00,,,,,,,,,,,0,,,,,,,,160.24,(vau),,,,,,,,,,,,,,,
16/03/2023 15:00,,,,,,,,,,,0,,,,,,,,160.15,(vau),,,,,,,,,,,,,,,
16/03/2023 16:00,,,,,,,,,,,0,,,,,,,,160.16,(vau),,,,,,,,,,,,,,,
16/03/2023 17:00,,,,,,,,,,,0,,,,,,,,160.07,(vau),,,,,,,,,,,,,,,
16/03/2023 18:00,,,,,,,,,,,0,,,,,,,,160.1,(vau),,,,,,,,,,,,,,,
16/03/2023 19:00,,,,,,,,,,,0,,,,,,,,160.15,(vau),,,,,,,,,,,,,,,
16/03/2023 20:00,,,,,,,,,,,0,,,,,,,,160.27,(vau),,,,,,,,,,,,,,,
16/03/2023 21:00,,,,,,,,,,,0,,,,,,,,160.29,(vau),,,,,,,,,,,,,,,
16/03/2023 22:00,,,,,,,,,,,0,,,,,,,,160.23,(vau),,,,,,,,,,,,,,,
16/03/2023 23:00,,,,,,,,,,,0,,,,,,,,160.35,(vau),160.35,(vau),,,,,,,,,,,149110,,
17/03/2023 00:00,39.74,(vau),,,,,0,(vau),23.05,(vc),0,,23.05,(vau),,,,,160.2,(vau),,,,,,,,,,,,,,,
17/03/2023 01:00,,,,,,,,,,,0,,,,,,,,160.24,(vau),,,,,,,,,,,,,,,
17/03/2023 02:00,,,,,,,,,,,0,,,,,,,,160.29,(vau),,,,,,,,,,,,,,,
17/03/2023 03:00,,,,,,,,,,,0,,,,,,,,160.2,(vau),,,,,,,,,,,,,,,
17/03/2023 04:00,,,,,,,,,,,0,,,,,,,,160.3,(vau),,,,,,,,,,,,,,,
17/03/2023 05:00,,,,,,,,,,,0,,,,,,,,160.29,(vau),,,,,,,,,,,,,,,
17/03/2023 06:00,,,,,,,,,,,0,,,,,,,,160.19,(vau),,,,,,,,,,,,,,,
17/03/2023 07:00,,,,,,,,,,,0,,,,,,,,160.35,(vau),,,,,,,,,,,,,,,
17/03/2023 08:00,,,,,,,,,,,0,,,,,,,,160.27,(vau),,,,,,,,,,,,,,,
17/03/2023 09:00,,,,,,,,,,,0,,,,,,,,160.27,(vau),,,,,,,,,,,,,,,
17/03/2023 10:00,,,,,,,,,,,0,,,,,,,,160.2,(vau),,,,,,,,,,,,,,,
17/03/2023 11:00,,,,,,,,,,,0,,,,,,,,160.16,(vau),,,,,,,,,,,,,,,
17/03/2023 12:00,,,,,,,,,,,0,,,,,,,,160.18,(vau),,,,,,,,,,,,,,,
17/03/2023 13:00,,,,,,,,,,,0,,,,,,,,160.23,(vau),,,,,,,,,,,,,,,
17/03/2023 14:00,,,,,,,,,,,0,,,,,,,,160.1,(vau),,,,,,,,,,,,,,,
17/03/2023 15:00,,,,,,,,,,,0,,,,,,,,160.08,(vau),,,,,,,,,,,,,,,
17/03/2023 16:00,,,,,,,,,,,0,,,,,,,,160.07,(vau),,,,,,,,,,,,,,,
17/03/2023 17:00,,,,,,,,,,,0,,,,,,,,160.07,(vau),,,,,,,,,,,,,,,
17/03/2023 18:00,,,,,,,,,,,0,,,,,,,,160.05,(vau),,,,,,,,,,,,,,,
17/03/2023 19:00,,,,,,,,,,,0,,,,,,,,160.07,(vau),,,,,,,,,,,,,,,
17/03/2023 20:00,,,,,,,,,,,0,,,,,,,,160.18,(vau),,,,,,,,,,,,,,,
17/03/2023 21:00,,,,,,,,,,,0,,,,,,,,160.24,(vau),,,,,,,,,,,,,,,
17/03/2023 22:00,,,,,,,,,,,0,,,,,,,,160.29,(vau),,,,,,,,,,,,,,,
17/03/2023 23:00,,,,,,,,,,,0,,,,,,,,160.26,(vau),160.26,(vau),,,,,,,,,,,148500,,
18/03/2023 00:00,55.28,(vau),,,,,0,(vau),49.07,(vc),0,,49.07,(vau),,,,,160.35,(vau),,,,,,,,,,,,,,,
18/03/2023 01:00,,,,,,,,,,,0,,,,,,,,160.29,(vau),,,,,,,,,,,,,,,
18/03/2023 02:00,,,,,,,,,,,0,,,,,,,,160.26,(vau),,,,,,,,,,,,,,,
18/03/2023 03:00,,,,,,,,,,,0,,,,,,,,160.24,(vau),,,,,,,,,,,,,,,
18/03/2023 04:00,,,,,,,,,,,0,,,,,,,,160.18,(vau),,,,,,,,,,,,,,,
18/03/2023 05:00,,,,,,,,,,,0,,,,,,,,160.13,(vau),,,,,,,,,,,,,,,
18/03/2023 06:00,,,,,,,,,,,0,,,,,,,,160.07,(vau),,,,,,,,,,,,,,,
18/03/2023 07:00,,,,,,,,,,,0,,,,,,,,160.04,(vau),,,,,,,,,,,,,,,
18/03/2023 08:00,,,,,,,,,,,0,,,,,,,,160,(vau),,,,,,,,,,,,,,,
18/03/2023 09:00,,,,,,,,,,,0,,,,,,,,159.95,(vau),,,,,,,,,,,,,,,
18/03/2023 10:00,,,,,,,,,,,0,,,,,,,,159.88,(vau),,,,,,,,,,,,,,,
18/03/2023 11:00,,,,,,,,,,,0,,,,,,,,159.88,(vau),,,,,,,,,,,,,,,
18/03/2023 12:00,,,,,,,,,,,0,,,,,,,,159.87,(vau),,,,,,,,,,,,,,,
18/03/2023 13:00,,,,,,,,,,,0,,,,,,,,159.88,(vau),,,,,,,,,,,,,,,
18/03/2023 14:00,,,,,,,,,,,0,,,,,,,,159.88,(vau),,,,,,,,,,,,,,,
18/03/2023 15:00,,,,,,,,,,,0,,,,,,,,159.88,(vau),,,,,,,,,,,,,,,
18/03/2023 16:00,,,,,,,,,,,0,,,,,,,,159.88,(vau),,,,,,,,,,,,,,,
18/03/2023 17:00,,,,,,,,,,,0,,,,,,,,159.88,(vau),,,,,,,,,,,,,,,
18/03/2023 18:00,,,,,,,,,,,0,,,,,,,,159.87,(vau),,,,,,,,,,,,,,,
18/03/2023 19:00,,,,,,,,,,,0,,,,,,,,159.96,(vau),,,,,,,,,,,,,,,
18/03/2023 20:00,,,,,,,,,,,0,,,,,,,,160.08,(vau),,,,,,,,,,,,,,,
18/03/2023 21:00,,,,,,,,,,,0,,,,,,,,160.13,(vau),,,,,,,,,,,,,,,
18/03/2023 22:00,,,,,,,,,,,0,,,,,,,,160.29,(vau),,,,,,,,,,,,,,,
18/03/2023 23:00,,,,,,,,,,,0,,,,,,,,160.29,(vau),160.29,(vau),,,,,,,,,,,148710,,
19/03/2023 00:00,27.69,(vau),,,,,0,(vau),39.63,(vc),0,,39.63,(vau),,,,,160.18,(vau),,,,,,,,,,,,,,,
19/03/2023 01:00,,,,,,,,,,,0,,,,,,,,160.18,(vau),,,,,,,,,,,,,,,
19/03/2023 02:00,,,,,,,,,,,0,,,,,,,,160.15,(vau),,,,,,,,,,,,,,,
19/03/2023 03:00,,,,,,,,,,,0,,,,,,,,160.08,(vau),,,,,,,,,,,,,,,
19/03/2023 04:00,,,,,,,,,,,0,,,,,,,,160.05,(vau),,,,,,,,,,,,,,,
19/03/2023 05:00,,,,,,,,,,,0,,,,,,,,159.96,(vau),,,,,,,,,,,,,,,
19/03/2023 06:00,,,,,,,,,,,0,,,,,,,,159.95,(vau),,,,,,,,,,,,,,,
19/03/2023 07:00,,,,,,,,,,,0,,,,,,,,159.95,(vau),,,,,,,,,,,,,,,
19/03/2023 08:00,,,,,,,,,,,0,,,,,,,,159.95,(vau),,,,,,,,,,,,,,,
19/03/2023 09:00,,,,,,,,,,,0,,,,,,,,159.8,(vau),,,,,,,,,,,,,,,
19/03/2023 10:00,,,,,,,,,,,0,,,,,,,,159.72,(vau),,,,,,,,,,,,,,,
19/03/2023 11:00,,,,,,,,,,,0,,,,,,,,159.64,(vau),,,,,,,,,,,,,,,
19/03/2023 12:00,,,,,,,,,,,0,,,,,,,,159.49,(vau),,,,,,,,,,,,,,,
19/03/2023 13:00,,,,,,,,,,,0,,,,,,,,159.54,(vau),,,,,,,,,,,,,,,
19/03/2023 14:00,,,,,,,,,,,0,,,,,,,,159.49,(vau),,,,,,,,,,,,,,,
19/03/2023 15:00,,,,,,,,,,,0,,,,,,,,159.35,(vau),,,,,,,,,,,,,,,
19/03/2023 16:00,,,,,,,,,,,0,,,,,,,,159.27,(vau),,,,,,,,,,,,,,,
19/03/2023 17:00,,,,,,,,,,,0,,,,,,,,159.18,(vau),,,,,,,,,,,,,,,
19/03/2023 18:00,,,,,,,,,,,0,,,,,,,,159.1,(vau),,,,,,,,,,,,,,,
19/03/2023 19:00,,,,,,,,,,,0,,,,,,,,159.13,(vau),,,,,,,,,,,,,,,
19/03/2023 20:00,,,,,,,,,,,0,,,,,,,,159.18,(vau),,,,,,,,,,,,,,,
19/03/2023 21:00,,,,,,,,,,,0,,,,,,,,159.33,(vau),,,,,,,,,,,,,,,
19/03/2023 22:00,,,,,,,,,,,0,,,,,,,,159.41,(vau),,,,,,,,,,,,,,,
19/03/2023 23:00,,,,,,,,,,,0,,,,,,,,159.48,(vau),159.48,(vau),,,,,,,,,,,143220,,
20/03/2023 00:00,56.71,(vau),,,,,0,(vau),23.36,(vc),0,,23.36,(vau),,,,,159.54,(vau),,,,,,,,,,,,,,,
20/03/2023 01:00,,,,,,,,,,,0,,,,,,,,159.57,(vau),,,,,,,,,,,,,,,
20/03/2023 02:00,,,,,,,,,,,0,,,,,,,,159.48,(vau),,,,,,,,,,,,,,,
20/03/2023 03:00,,,,,,,,,,,0,,,,,,,,159.54,(vau),,,,,,,,,,,,,,,
20/03/2023 04:00,,,,,,,,,,,0,,,,,,,,159.55,(vau),,,,,,,,,,,,,,,
20/03/2023 05:00,,,,,,,,,,,0,,,,,,,,159.46,(vau),,,,,,,,,,,,,,,
20/03/2023 06:00,,,,,,,,,,,0,,,,,,,,159.56,(vau),,,,,,,,,,,,,,,
20/03/2023 07:00,,,,,,,,,,,0,,,,,,,,159.63,(vau),,,,,,,,,,,,,,,
20/03/2023 08:00,,,,,,,,,,,0,,,,,,,,159.71,(vau),,,,,,,,,,,,,,,
20/03/2023 09:00,,,,,,,,,,,0,,,,,,,,159.63,(vau),,,,,,,,,,,,,,,
20/03/2023 10:00,,,,,,,,,,,0,,,,,,,,159.55,(vau),,,,,,,,,,,,,,,
20/03/2023 11:00,,,,,,,,,,,0,,,,,,,,159.38,(vau),,,,,,,,,,,,,,,
20/03/2023 12:00,,,,,,,,,,,0,,,,,,,,159.29,(vau),,,,,,,,,,,,,,,
20/03/2023 13:00,,,,,,,,,,,0,,,,,,,,159.19,(vau),,,,,,,,,,,,,,,
20/03/2023 14:00,,,,,,,,,,,0,,,,,,,,159.1,(vau),,,,,,,,,,,,,,,
20/03/2023 15:00,,,,,,,,,,,0,,,,,,,,159.04,(vau),,,,,,,,,,,,,,,
20/03/2023 16:00,,,,,,,,,,,0,,,,,,,,158.96,(vau),,,,,,,,,,,,,,,
20/03/2023 17:00,,,,,,,,,,,0,,,,,,,,158.82,(vau),,,,,,,,,,,,,,,
20/03/2023 18:00,,,,,,,,,,,0,,,,,,,,158.8,(vau),,,,,,,,,,,,,,,
20/03/2023 19:00,,,,,,,,,,,0,,,,,,,,158.91,(vau),,,,,,,,,,,,,,,
20/03/2023 20:00,,,,,,,,,,,0,,,,,,,,158.93,(vau),,,,,,,,,,,,,,,
20/03/2023 21:00,,,,,,,,,,,0,,,,,,,,159.08,(vau),,,,,,,,,,,,,,,
20/03/2023 22:00,,,,,,,,,,,0,,,,,,,,159.15,(vau),,,,,,,,,,,,,,,
20/03/2023 23:00,,,,,,,,,,,0,,,,,,,,159.71,(vdd),159.71,(vdd),,,,,,,145000,,,,145000,,
21/03/2023 00:00,140.69,(vau),,,,,0,(vau),34.07,(vc),0,,34.07,(vau),,,,,159.16,(vau),,,,,,,,,,,,,,,
21/03/2023 01:00,,,,,,,,,,,0,,,,,,,,159.12,(vau),,,,,,,,,,,,,,,
21/03/2023 02:00,,,,,,,,,,,0,,,,,,,,159.24,(vau),,,,,,,,,,,,,,,
21/03/2023 03:00,,,,,,,,,,,0,,,,,,,,159.41,(vau),,,,,,,,,,,,,,,
21/03/2023 04:00,,,,,,,,,,,0,,,,,,,,159.47,(vau),,,,,,,,,,,,,,,
21/03/2023 05:00,,,,,,,,,,,0,,,,,,,,159.62,(vau),,,,,,,,,,,,,,,
21/03/2023 06:00,,,,,,,,,,,0,,,,,,,,159.73,(vau),,,,,,,,,,,,,,,
21/03/2023 07:00,,,,,,,,,,,0,,,,,,,,159.79,(vau),,,,,,,,,,,,,,,
21/03/2023 08:00,,,,,,,,,,,0,,,,,,,,159.88,(vau),,,,,,,,,,,,,,,
21/03/2023 09:00,,,,,,,,,,,0,,,,,,,,160.02,(vau),,,,,,,,,,,,,,,
21/03/2023 10:00,,,,,,,,,,,0,,,,,,,,159.88,(vau),,,,,,,,,,,,,,,
21/03/2023 11:00,,,,,,,,,,,0,,,,,,,,159.95,(vau),,,,,,,,,,,,,,,
21/03/2023 12:00,,,,,,,,,,,0,,,,,,,,159.95,(vau),,,,,,,,,,,,,,,
21/03/2023 13:00,,,,,,,,,,,0,,,,,,,,159.95,(vau),,,,,,,,,,,,,,,
21/03/2023 14:00,,,,,,,,,,,0,,,,,,,,159.96,(vau),,,,,,,,,,,,,,,
21/03/2023 15:00,,,,,,,,,,,0,,,,,,,,159.95,(vau),,,,,,,,,,,,,,,
21/03/2023 16:00,,,,,,,,,,,0,,,,,,,,159.95,(vau),,,,,,,,,,,,,,,
21/03/2023 17:00,,,,,,,,,,,0,,,,,,,,159.95,(vau),,,,,,,,,,,,,,,
21/03/2023 18:00,,,,,,,,,,,0,,,,,,,,159.95,(vau),,,,,,,,,,,,,,,
21/03/2023 19:00,,,,,,,,,,,0,,,,,,,,160.07,(vau),,,,,,,,,,,,,,,
21/03/2023 20:00,,,,,,,,,,,0,,,,,,,,160.19,(vau),,,,,,,,,,,,,,,
21/03/2023 21:00,,,,,,,,,,,0,,,,,,,,160.3,(vau),,,,,,,,,,,,,,,
21/03/2023 22:00,,,,,,,,,,,0,,,,,,,,160.43,(vau),,,,,,,,,,,,,,,
21/03/2023 23:00,,,,,,,,,,,0,,,,,,,,160.47,(vau),160.47,,,,,,,,,,,,149830,,
22/03/2023 00:00,103.86,(vau),,,,,0,(vau),44.98,(vc),0,,44.98,(vau),,,,,160.51,(vau),,,,,,,,,,,,,,,
22/03/2023 01:00,,,,,,,,,,,0,,,,,,,,160.52,(vau),,,,,,,,,,,,,,,
22/03/2023 02:00,,,,,,,,,,,0,,,,,,,,160.59,(vau),,,,,,,,,,,,,,,
22/03/2023 03:00,,,,,,,,,,,0,,,,,,,,160.52,(vau),,,,,,,,,,,,,,,
22/03/2023 04:00,,,,,,,,,,,0,,,,,,,,160.65,(vau),,,,,,,,,,,,,,,
22/03/2023 05:00,,,,,,,,,,,0,,,,,,,,160.69,(vau),,,,,,,,,,,,,,,
22/03/2023 06:00,,,,,,,,,,,0,,,,,,,,160.83,(vau),,,,,,,,,,,,,,,
22/03/2023 07:00,,,,,,,,,,,0,,,,,,,,160.91,(vau),,,,,,,,,,,,,,,
22/03/2023 08:00,,,,,,,,,,,0,,,,,,,,160.99,(vau),,,,,,,,,,,,,,,
22/03/2023 09:00,,,,,,,,,,,0,,,,,,,,160.91,(vau),,,,,,,,,,,,,,,
22/03/2023 10:00,,,,,,,,,,,0,,,,,,,,160.92,(vau),,,,,,,,,,,,,,,
22/03/2023 11:00,,,,,,,,,,,0,,,,,,,,160.83,(vau),,,,,,,,,,,,,,,
22/03/2023 12:00,,,,,,,,,,,0,,,,,,,,160.69,(vau),,,,,,,,,,,,,,,
22/03/2023 13:00,,,,,,,,,,,0,,,,,,,,160.68,(vau),,,,,,,,,,,,,,,
22/03/2023 14:00,,,,,,,,,,,0,,,,,,,,160.59,(vau),,,,,,,,,,,,,,,
22/03/2023 15:00,,,,,,,,,,,0,,,,,,,,160.48,(vau),,,,,,,,,,,,,,,
22/03/2023 16:00,,,,,,,,,,,0,,,,,,,,160.63,(vau),,,,,,,,,,,,,,,
22/03/2023 17:00,,,,,,,,,,,0,,,,,,,,160.66,(vau),,,,,,,,,,,,,,,
22/03/2023 18:00,,,,,,,,,,,0,,,,,,,,160.69,(vau),,,,,,,,,,,,,,,
22/03/2023 19:00,,,,,,,,,,,0,,,,,,,,160.83,(vau),,,,,,,,,,,,,,,
22/03/2023 20:00,,,,,,,,,,,0,,,,,,,,160.84,(vau),,,,,,,,,,,,,,,
22/03/2023 21:00,,,,,,,,,,,0,,,,,,,,160.91,(vau),,,,,,,,,,,,,,,
22/03/2023 22:00,,,,,,,,,,,0,,,,,,,,160.92,(vau),,,,,,,,,,,,,,,
22/03/2023 23:00,,,,,,,,,,,0,,,,,,,,161.01,(vau),161.01,,,,,,,,,,,,152340,,
23/03/2023 00:00,61.66,(vau),,,,,0,(vau),19.74,(vc),0,,19.74,(vau),,,,,161.07,(vau),,,,,,,,,,,,,,,
23/03/2023 01:00,,,,,,,,,,,0,,,,,,,,161.07,(vau),,,,,,,,,,,,,,,
23/03/2023 02:00,,,,,,,,,,,0,,,,,,,,161.08,(vau),,,,,,,,,,,,,,,
23/03/2023 03:00,,,,,,,,,,,0,,,,,,,,161.07,(vau),,,,,,,,,,,,,,,
23/03/2023 04:00,,,,,,,,,,,0,,,,,,,,161,(vau),,,,,,,,,,,,,,,
23/03/2023 05:00,,,,,,,,,,,0,,,,,,,,160.91,(vau),,,,,,,,,,,,,,,
23/03/2023 06:00,,,,,,,,,,,0,,,,,,,,160.84,(vau),,,,,,,,,,,,,,,
23/03/2023 07:00,,,,,,,,,,,0,,,,,,,,160.85,(vau),,,,,,,,,,,,,,,
23/03/2023 08:00,,,,,,,,,,,0,,,,,,,,160.93,(vau),,,,,,,,,,,,,,,
23/03/2023 09:00,,,,,,,,,,,0,,,,,,,,160.9,(vau),,,,,,,,,,,,,,,
23/03/2023 10:00,,,,,,,,,,,0,,,,,,,,160.9,(vau),,,,,,,,,,,,,,,
23/03/2023 11:00,,,,,,,,,,,0,,,,,,,,160.77,(vau),,,,,,,,,,,,,,,
23/03/2023 12:00,,,,,,,,,,,0,,,,,,,,160.69,(vau),,,,,,,,,,,,,,,
23/03/2023 13:00,,,,,,,,,,,0,,,,,,,,160.66,(vau),,,,,,,,,,,,,,,
23/03/2023 14:00,,,,,,,,,,,0,,,,,,,,160.59,(vau),,,,,,,,,,,,,,,
23/03/2023 15:00,,,,,,,,,,,0,,,,,,,,160.6,(vau),,,,,,,,,,,,,,,
23/03/2023 16:00,,,,,,,,,,,0,,,,,,,,160.6,(vau),,,,,,,,,,,,,,,
23/03/2023 17:00,,,,,,,,,,,0,,,,,,,,160.63,(vau),,,,,,,,,,,,,,,
23/03/2023 18:00,,,,,,,,,,,0,,,,,,,,160.63,(vau),,,,,,,,,,,,,,,
23/03/2023 19:00,,,,,,,,,,,0,,,,,,,,160.68,(vau),,,,,,,,,,,,,,,
23/03/2023 20:00,,,,,,,,,,,0,,,,,,,,160.91,(vau),,,,,,,,,,,,,,,
23/03/2023 21:00,,,,,,,,,,,0,,,,,,,,160.93,(vau),,,,,,,,,,,,,,,
23/03/2023 22:00,,,,,,,,,,,0,,,,,,,,161.08,(vau),,,,,,,,,,,,,,,
23/03/2023 23:00,,,,,,,,,,,0,,,,,,,,161.08,(vau),161.08,,,,,,,,,,,,152650,,
24/03/2023 00:00,78.68,(vau),,,,,0,(vau),13.77,(vc),0,,13.77,(vau),,,,,161.07,(vau),,,,,,,,,,,,,,,
24/03/2023 01:00,,,,,,,,,,,0,,,,,,,,161.15,(vau),,,,,,,,,,,,,,,
24/03/2023 02:00,,,,,,,,,,,0,,,,,,,,160.99,(vau),,,,,,,,,,,,,,,
24/03/2023 03:00,,,,,,,,,,,0,,,,,,,,160.93,(vau),,,,,,,,,,,,,,,
24/03/2023 04:00,,,,,,,,,,,0,,,,,,,,160.85,(vau),,,,,,,,,,,,,,,
24/03/2023 05:00,,,,,,,,,,,0,,,,,,,,160.82,(vau),,,,,,,,,,,,,,,
24/03/2023 06:00,,,,,,,,,,,0,,,,,,,,160.85,(vau),,,,,,,,,,,,,,,
24/03/2023 07:00,,,,,,,,,,,0,,,,,,,,160.92,(vau),,,,,,,,,,,,,,,
24/03/2023 08:00,,,,,,,,,,,0,,,,,,,,161.08,(vau),,,,,,,,,,,,,,,
24/03/2023 09:00,,,,,,,,,,,0,,,,,,,,161.15,(vau),,,,,,,,,,,,,,,
24/03/2023 10:00,,,,,,,,,,,0,,,,,,,,160.92,(vau),,,,,,,,,,,,,,,
24/03/2023 11:00,,,,,,,,,,,0,,,,,,,,161.07,(vau),,,,,,,,,,,,,,,
24/03/2023 12:00,,,,,,,,,,,0,,,,,,,,161,(vau),,,,,,,,,,,,,,,
24/03/2023 13:00,,,,,,,,,,,0,,,,,,,,161,(vau),,,,,,,,,,,,,,,
24/03/2023 14:00,,,,,,,,,,,0,,,,,,,,161,(vau),,,,,,,,,,,,,,,
24/03/2023 15:00,,,,,,,,,,,0,,,,,,,,160.9,(vau),,,,,,,,,,,,,,,
24/03/2023 16:00,,,,,,,,,,,0,,,,,,,,160.84,(vau),,,,,,,,,,,,,,,
24/03/2023 17:00,,,,,,,,,,,0,,,,,,,,160.76,(vau),,,,,,,,,,,,,,,
24/03/2023 18:00,,,,,,,,,,,0,,,,,,,,160.83,(vau),,,,,,,,,,,,,,,
24/03/2023 19:00,,,,,,,,,,,0,,,,,,,,160.84,(vau),,,,,,,,,,,,,,,
24/03/2023 20:00,,,,,,,,,,,0,,,,,,,,160.92,(vau),,,,,,,,,,,,,,,
24/03/2023 21:00,,,,,,,,,,,0,,,,,,,,161.01,(vau),,,,,,,,,,,,,,,
24/03/2023 22:00,,,,,,,,,,,0,,,,,,,,161.07,(vau),,,,,,,,,,,,,,,
24/03/2023 23:00,,,,,,,,,,,0,,,,,,,,161.15,(vau),161.15,(vau),,,,,,,,,,,152960,,
25/03/2023 00:00,58.98,(vau),,,,,0,(vau),12.25,(vc),0,,12.25,(vau),,,,,161.24,(vau),,,,,,,,,,,,,,,
25/03/2023 01:00,,,,,,,,,,,0,,,,,,,,161.27,(vau),,,,,,,,,,,,,,,
25/03/2023 02:00,,,,,,,,,,,0,,,,,,,,161.24,(vau),,,,,,,,,,,,,,,
25/03/2023 03:00,,,,,,,,,,,0,,,,,,,,161.16,(vau),,,,,,,,,,,,,,,
25/03/2023 04:00,,,,,,,,,,,0,,,,,,,,161.08,(vau),,,,,,,,,,,,,,,
25/03/2023 05:00,,,,,,,,,,,0,,,,,,,,160.98,(vau),,,,,,,,,,,,,,,
25/03/2023 06:00,,,,,,,,,,,0,,,,,,,,161.01,(vau),,,,,,,,,,,,,,,
25/03/2023 07:00,,,,,,,,,,,0,,,,,,,,161.01,(vau),,,,,,,,,,,,,,,
25/03/2023 08:00,,,,,,,,,,,0,,,,,,,,160.91,(vau),,,,,,,,,,,,,,,
25/03/2023 09:00,,,,,,,,,,,0,,,,,,,,160.76,(vau),,,,,,,,,,,,,,,
25/03/2023 10:00,,,,,,,,,,,0,,,,,,,,160.69,(vau),,,,,,,,,,,,,,,
25/03/2023 11:00,,,,,,,,,,,0,,,,,,,,160.65,(vau),,,,,,,,,,,,,,,
25/03/2023 12:00,,,,,,,,,,,0,,,,,,,,160.75,(vau),,,,,,,,,,,,,,,
25/03/2023 13:00,,,,,,,,,,,0,,,,,,,,160.82,(vau),,,,,,,,,,,,,,,
25/03/2023 14:00,,,,,,,,,,,0,,,,,,,,160.85,(vau),,,,,,,,,,,,,,,
25/03/2023 15:00,,,,,,,,,,,0,,,,,,,,160.85,(vau),,,,,,,,,,,,,,,
25/03/2023 16:00,,,,,,,,,,,0,,,,,,,,160.75,(vau),,,,,,,,,,,,,,,
25/03/2023 17:00,,,,,,,,,,,0,,,,,,,,160.66,(vau),,,,,,,,,,,,,,,
25/03/2023 18:00,,,,,,,,,,,0,,,,,,,,160.69,(vau),,,,,,,,,,,,,,,
25/03/2023 19:00,,,,,,,,,,,0,,,,,,,,160.66,(vau),,,,,,,,,,,,,,,
25/03/2023 20:00,,,,,,,,,,,0,,,,,,,,160.75,(vau),,,,,,,,,,,,,,,
25/03/2023 21:00,,,,,,,,,,,0,,,,,,,,160.91,(vau),,,,,,,,,,,,,,,
25/03/2023 22:00,,,,,,,,,,,0,,,,,,,,160.91,(vau),,,,,,,,,,,,,,,
25/03/2023 23:00,,,,,,,,,,,0,,,,,,,,160.98,(vau),160.98,(vau),,,,,,,,,,,152210,,
26/03/2023 00:00,,,,,,,,,,,0,,,,,,,,160.92,(vau),,,,,,,,,,,,,,,
26/03/2023 02:00,,,,,,,,,,,0,,,,,,,,160.85,(vau),,,,,,,,,,,,,,,
26/03/2023 03:00,,,,,,,,,,,0,,,,,,,,160.83,(vau),,,,,,,,,,,,,,,
26/03/2023 04:00,,,,,,,,,,,0,,,,,,,,160.74,(vau),,,,,,,,,,,,,,,
26/03/2023 05:00,,,,,,,,,,,0,,,,,,,,160.75,(vau),,,,,,,,,,,,,,,
26/03/2023 06:00,,,,,,,,,,,0,,,,,,,,160.74,(vau),,,,,,,,,,,,,,,
26/03/2023 07:00,,,,,,,,,,,0,,,,,,,,160.69,(vau),,,,,,,,,,,,,,,
26/03/2023 08:00,,,,,,,,,,,0,,,,,,,,160.77,(vau),,,,,,,,,,,,,,,
26/03/2023 09:00,,,,,,,,,,,0,,,,,,,,160.68,(vau),,,,,,,,,,,,,,,
26/03/2023 10:00,,,,,,,,,,,0,,,,,,,,160.62,(vau),,,,,,,,,,,,,,,
26/03/2023 11:00,,,,,,,,,,,0,,,,,,,,160.59,(vau),,,,,,,,,,,,,,,
26/03/2023 12:00,,,,,,,,,,,0,,,,,,,,160.44,(vau),,,,,,,,,,,,,,,
26/03/2023 13:00,,,,,,,,,,,0,,,,,,,,160.44,(vau),,,,,,,,,,,,,,,
26/03/2023 14:00,,,,,,,,,,,0,,,,,,,,160.38,(vau),,,,,,,,,,,,,,,
26/03/2023 15:00,,,,,,,,,,,0,,,,,,,,160.29,(vau),,,,,,,,,,,,,,,
26/03/2023 16:00,,,,,,,,,,,0,,,,,,,,160.16,(vau),,,,,,,,,,,,,,,
26/03/2023 17:00,,,,,,,,,,,0,,,,,,,,160.1,(vau),,,,,,,,,,,,,,,
26/03/2023 18:00,,,,,,,,,,,0,,,,,,,,160.08,(vau),,,,,,,,,,,,,,,
26/03/2023 19:00,,,,,,,,,,,0,,,,,,,,160.1,(vau),,,,,,,,,,,,,,,
26/03/2023 20:00,,,,,,,,,,,0,,,,,,,,160.2,(vau),,,,,,,,,,,,,,,
26/03/2023 21:00,,,,,,,,,,,0,,,,,,,,160.3,(vau),,,,,,,,,,,,,,,
26/03/2023 22:00,,,,,,,,,,,0,,,,,,,,160.34,(vau),,,,,,,,,,,,,,,
26/03/2023 23:00,,,,,,,,,,,0,,,,,,,,160.44,(vau),160.44,,,,,,,,,,,,149660,,
27/03/2023 00:00,62.67,(vau),,,,,0,(vau),20.07,(vc),0,,20.07,(vau),,,,,160.51,(vau),,,,,,,,,,,,,,,
27/03/2023 01:00,,,,,,,,,,,0,,,,,,,,160.6,(vau),,,,,,,,,,,,,,,
27/03/2023 02:00,,,,,,,,,,,0,,,,,,,,160.66,(vau),,,,,,,,,,,,,,,
27/03/2023 03:00,,,,,,,,,,,0,,,,,,,,160.63,(vau),,,,,,,,,,,,,,,
27/03/2023 04:00,,,,,,,,,,,0,,,,,,,,160.68,(vau),,,,,,,,,,,,,,,
27/03/2023 05:00,,,,,,,,,,,0,,,,,,,,160.68,(vau),,,,,,,,,,,,,,,
27/03/2023 06:00,,,,,,,,,,,0,,,,,,,,160.66,(vau),,,,,,,,,,,,,,,
27/03/2023 07:00,,,,,,,,,,,0,,,,,,,,160.69,(vau),,,,,,,,,,,,,,,
27/03/2023 08:00,,,,,,,,,,,0,,,,,,,,160.82,(vau),,,,,,,,,,,,,,,
27/03/2023 09:00,,,,,,,,,,,0,,,,,,,,160.82,(vau),,,,,,,,,,,,,,,
27/03/2023 10:00,,,,,,,,,,,0,,,,,,,,160.84,(vau),,,,,,,,,,,,,,,
27/03/2023 11:00,,,,,,,,,,,0,,,,,,,,160.82,(vau),,,,,,,,,,,,,,,
27/03/2023 12:00,,,,,,,,,,,0,,,,,,,,160.84,(vau),,,,,,,,,,,,,,,
27/03/2023 13:00,,,,,,,,,,,0,,,,,,,,160.84,(vau),,,,,,,,,,,,,,,
27/03/2023 14:00,,,,,,,,,,,0,,,,,,,,160.82,(vau),,,,,,,,,,,,,,,
27/03/2023 15:00,,,,,,,,,,,0,,,,,,,,160.84,(vau),,,,,,,,,,,,,,,
27/03/2023 16:00,,,,,,,,,,,0,,,,,,,,160.84,(vau),,,,,,,,,,,,,,,
27/03/2023 17:00,,,,,,,,,,,0,,,,,,,,160.85,(vau),,,,,,,,,,,,,,,
27/03/2023 18:00,,,,,,,,,,,0,,,,,,,,160.84,(vau),,,,,,,,,,,,,,,
27/03/2023 19:00,,,,,,,,,,,0,,,,,,,,160.99,(vau),,,,,,,,,,,,,,,
27/03/2023 20:00,,,,,,,,,,,0,,,,,,,,161.07,(vau),,,,,,,,,,,,,,,
27/03/2023 21:00,,,,,,,,,,,0,,,,,,,,161.16,(vau),,,,,,,,,,,,,,,
27/03/2023 22:00,,,,,,,,,,,0,,,,,,,,161.23,(vau),,,,,,,,,,,,,,,
27/03/2023 23:00,,,,,,,,,,,0,,,,,,,,161.16,(vau),161.16,(vau),,,,,,,,,,,153010,,
28/03/2023 00:00,41.27,(vau),,,,,0,(vau),18.25,(vc),0,,18.25,(vau),,,,,161.08,(vau),,,,,,,,,,,,,,,
28/03/2023 01:00,,,,,,,,,,,0,,,,,,,,161.08,(vau),,,,,,,,,,,,,,,
28/03/2023 02:00,,,,,,,,,,,0,,,,,,,,161.08,(vau),,,,,,,,,,,,,,,
28/03/2023 03:00,,,,,,,,,,,0,,,,,,,,161.08,(vau),,,,,,,,,,,,,,,
28/03/2023 04:00,,,,,,,,,,,0,,,,,,,,161.15,(vau),,,,,,,,,,,,,,,
28/03/2023 05:00,,,,,,,,,,,0,,,,,,,,161.08,(vau),,,,,,,,,,,,,,,
28/03/2023 06:00,,,,,,,,,,,0,,,,,,,,161.08,(vau),,,,,,,,,,,,,,,
28/03/2023 07:00,,,,,,,,,,,0,,,,,,,,161.07,(vau),,,,,,,,,,,,,,,
28/03/2023 08:00,,,,,,,,,,,0,,,,,,,,161.08,(vau),,,,,,,,,,,,,,,
28/03/2023 09:00,,,,,,,,,,,0,,,,,,,,161.08,(vau),,,,,,,,,,,,,,,
28/03/2023 10:00,,,,,,,,,,,0,,,,,,,,160.92,(vau),,,,,,,,,,,,,,,
28/03/2023 11:00,,,,,,,,,,,0,,,,,,,,160.91,(vau),,,,,,,,,,,,,,,
28/03/2023 12:00,,,,,,,,,,,0,,,,,,,,160.76,(vau),,,,,,,,,,,,,,,
28/03/2023 13:00,,,,,,,,,,,0,,,,,,,,160.65,(vau),,,,,,,,,,,,,,,
28/03/2023 14:00,,,,,,,,,,,0,,,,,,,,160.58,(vau),,,,,,,,,,,,,,,
28/03/2023 15:00,,,,,,,,,,,0,,,,,,,,160.44,(vau),,,,,,,,,,,,,,,
28/03/2023 16:00,,,,,,,,,,,0,,,,,,,,160.37,(vau),,,,,,,,,,,,,,,
28/03/2023 17:00,,,,,,,,,,,0,,,,,,,,160.26,(vau),,,,,,,,,,,,,,,
28/03/2023 18:00,,,,,,,,,,,0,,,,,,,,160.16,(vau),,,,,,,,,,,,,,,
28/03/2023 19:00,,,,,,,,,,,0,,,,,,,,160.15,(vau),,,,,,,,,,,,,,,
28/03/2023 20:00,,,,,,,,,,,0,,,,,,,,160.21,(vau),,,,,,,,,,,,,,,
28/03/2023 21:00,,,,,,,,,,,0,,,,,,,,160.27,(vau),,,,,,,,,,,,,,,
28/03/2023 22:00,,,,,,,,,,,0,,,,,,,,160.39,(vau),,,,,,,,,,,,,,,
28/03/2023 23:00,,,,,,,,,,,0,,,,,,,,160.36,(vau),160.36,,,,,,,,,,,,149180,,
29/03/2023 00:00,65.91,(vau),,,,,0,(vau),14.92,(vc),0,,14.92,(vau),,,,,160.37,(vau),,,,,,,,,,,,,,,
29/03/2023 01:00,,,,,,,,,,,0,,,,,,,,160.39,(vau),,,,,,,,,,,,,,,
29/03/2023 02:00,,,,,,,,,,,0,,,,,,,,160.37,(vau),,,,,,,,,,,,,,,
29/03/2023 03:00,,,,,,,,,,,0,,,,,,,,160.37,(vau),,,,,,,,,,,,,,,
29/03/2023 04:00,,,,,,,,,,,0,,,,,,,,160.4,(vau),,,,,,,,,,,,,,,
29/03/2023 05:00,,,,,,,,,,,0,,,,,,,,160.37,(vau),,,,,,,,,,,,,,,
29/03/2023 06:00,,,,,,,,,,,0,,,,,,,,160.52,(vau),,,,,,,,,,,,,,,
29/03/2023 07:00,,,,,,,,,,,0,,,,,,,,160.66,(vau),,,,,,,,,,,,,,,
29/03/2023 08:00,,,,,,,,,,,0,,,,,,,,160.68,(vau),,,,,,,,,,,,,,,
29/03/2023 09:00,,,,,,,,,,,0,,,,,,,,160.82,(vau),,,,,,,,,,,,,,,
29/03/2023 10:00,,,,,,,,,,,0,,,,,,,,160.77,(vau),,,,,,,,,,,,,,,
29/03/2023 11:00,,,,,,,,,,,0,,,,,,,,160.66,(vau),,,,,,,,,,,,,,,
29/03/2023 12:00,,,,,,,,,,,0,,,,,,,,160.63,(vau),,,,,,,,,,,,,,,
29/03/2023 13:00,,,,,,,,,,,0,,,,,,,,160.52,(vau),,,,,,,,,,,,,,,
29/03/2023 14:00,,,,,,,,,,,0,,,,,,,,160.41,(vau),,,,,,,,,,,,,,,
29/03/2023 15:00,,,,,,,,,,,0,,,,,,,,160.34,(vau),,,,,,,,,,,,,,,
29/03/2023 16:00,,,,,,,,,,,0,,,,,,,,160.2,(vau),,,,,,,,,,,,,,,
29/03/2023 17:00,,,,,,,,,,,0,,,,,,,,160.12,(vau),,,,,,,,,,,,,,,
29/03/2023 18:00,,,,,,,,,,,0,,,,,,,,160.04,(vau),,,,,,,,,,,,,,,
29/03/2023 19:00,,,,,,,,,,,0,,,,,,,,160.12,(vau),,,,,,,,,,,,,,,
29/03/2023 20:00,,,,,,,,,,,0,,,,,,,,160.21,(vau),,,,,,,,,,,,,,,
29/03/2023 21:00,,,,,,,,,,,0,,,,,,,,160.21,(vau),,,,,,,,,,,,,,,
29/03/2023 22:00,,,,,,,,,,,0,,,,,,,,160.32,(vau),,,,,,,,,,,,,,,
29/03/2023 23:00,,,,,,,,,,,0,,,,,,,,160.34,(vau),160.34,,,,,,,,,,,,149050,,
30/03/2023 00:00,86.12,(vau),,,,,0,(vau),15.36,(vc),0,,15.36,(vau),,,,,160.44,(vau),,,,,,,,,,,,,,,
30/03/2023 01:00,,,,,,,,,,,0,,,,,,,,160.59,(vau),,,,,,,,,,,,,,,
30/03/2023 02:00,,,,,,,,,,,0,,,,,,,,160.63,(vau),,,,,,,,,,,,,,,
30/03/2023 03:00,,,,,,,,,,,0,,,,,,,,160.75,(vau),,,,,,,,,,,,,,,
30/03/2023 04:00,,,,,,,,,,,0,,,,,,,,160.83,(vau),,,,,,,,,,,,,,,
30/03/2023 05:00,,,,,,,,,,,0,,,,,,,,160.91,(vau),,,,,,,,,,,,,,,
30/03/2023 06:00,,,,,,,,,,,0,,,,,,,,160.99,(vau),,,,,,,,,,,,,,,
30/03/2023 07:00,,,,,,,,,,,0,,,,,,,,160.98,(vau),,,,,,,,,,,,,,,
30/03/2023 08:00,,,,,,,,,,,0,,,,,,,,161,(vau),,,,,,,,,,,,,,,
30/03/2023 09:00,,,,,,,,,,,0,,,,,,,,160.98,(vau),,,,,,,,,,,,,,,
30/03/2023 10:00,,,,,,,,,,,0,,,,,,,,160.91,(vau),,,,,,,,,,,,,,,
30/03/2023 11:00,,,,,,,,,,,0,,,,,,,,160.76,(vau),,,,,,,,,,,,,,,
30/03/2023 12:00,,,,,,,,,,,0,,,,,,,,160.66,(vau),,,,,,,,,,,,,,,
30/03/2023 13:00,,,,,,,,,,,0,,,,,,,,160.59,(vau),,,,,,,,,,,,,,,
30/03/2023 14:00,,,,,,,,,,,0,,,,,,,,160.45,(vau),,,,,,,,,,,,,,,
30/03/2023 15:00,,,,,,,,,,,0,,,,,,,,160.35,(vau),,,,,,,,,,,,,,,
30/03/2023 16:00,,,,,,,,,,,0,,,,,,,,160.27,(vau),,,,,,,,,,,,,,,
30/03/2023 17:00,,,,,,,,,,,0,,,,,,,,160.15,(vau),,,,,,,,,,,,,,,
30/03/2023 18:00,,,,,,,,,,,0,,,,,,,,160.02,(vau),,,,,,,,,,,,,,,
30/03/2023 19:00,,,,,,,,,,,0,,,,,,,,160.16,(vau),,,,,,,,,,,,,,,
30/03/2023 20:00,,,,,,,,,,,0,,,,,,,,160.21,(vau),,,,,,,,,,,,,,,
30/03/2023 21:00,,,,,,,,,,,0,,,,,,,,160.27,(vau),,,,,,,,,,,,,,,
30/03/2023 22:00,,,,,,,,,,,0,,,,,,,,160.35,(vau),,,,,,,,,,,,,,,
30/03/2023 23:00,,,,,,,,,,,0,,,,,,,,160.43,(vau),160.43,(vau),,,,,,,,,,,149600,,
31/03/2023 00:00,90.46,(vau),,,,,0,(vau),15,(vc),0,,15,(vau),,,,,160.51,(vau),,,,,,,,,,,,,,,
31/03/2023 01:00,,,,,,,,,,,0,,,,,,,,160.62,(vau),,,,,,,,,,,,,,,
31/03/2023 02:00,,,,,,,,,,,0,,,,,,,,160.68,(vau),,,,,,,,,,,,,,,
31/03/2023 03:00,,,,,,,,,,,0,,,,,,,,160.76,(vau),,,,,,,,,,,,,,,
31/03/2023 04:00,,,,,,,,,,,0,,,,,,,,160.91,(vau),,,,,,,,,,,,,,,
31/03/2023 05:00,,,,,,,,,,,0,,,,,,,,160.99,(vau),,,,,,,,,,,,,,,
31/03/2023 06:00,,,,,,,,,,,0,,,,,,,,161.08,(vau),,,,,,,,,,,,,,,
31/03/2023 07:00,,,,,,,,,,,0,,,,,,,,161.16,(vau),,,,,,,,,,,,,,,
31/03/2023 08:00,,,,,,,,,,,0,,,,,,,,161.23,(vau),,,,,,,,,,,,,,,
31/03/2023 09:00,,,,,,,,,,,0,,,,,,,,161.32,(vau),,,,,,,,,,,,,,,
31/03/2023 10:00,,,,,,,,,,,0,,,,,,,,161.37,(vau),,,,,,,,,,,,,,,
31/03/2023 11:00,,,,,,,,,,,0,,,,,,,,161.3,(vau),,,,,,,,,,,,,,,
31/03/2023 12:00,,,,,,,,,,,0,,,,,,,,161.16,(vau),,,,,,,,,,,,,,,
31/03/2023 13:00,,,,,,,,,,,0,,,,,,,,161.07,(vau),,,,,,,,,,,,,,,
31/03/2023 14:00,,,,,,,,,,,0,,,,,,,,161.07,(vau),,,,,,,,,,,,,,,
31/03/2023 15:00,,,,,,,,,,,0,,,,,,,,161.07,(vau),,,,,,,,,,,,,,,
31/03/2023 16:00,,,,,,,,,,,0,,,,,,,,160.99,(vau),,,,,,,,,,,,,,,
31/03/2023 17:00,,,,,,,,,,,0,,,,,,,,160.84,(vau),,,,,,,,,,,,,,,
31/03/2023 18:00,,,,,,,,,,,0,,,,,,,,160.76,(vau),,,,,,,,,,,,,,,
31/03/2023 19:00,,,,,,,,,,,0,,,,,,,,160.84,(vau),,,,,,,,,,,,,,,
31/03/2023 20:00,,,,,,,,,,,0,,,,,,,,160.91,(vau),,,,,,,,,,,,,,,
31/03/2023 21:00,,,,,,,,,,,0,,,,,,,,160.98,(vau),,,,,,,,,,,,,,,
31/03/2023 22:00,,,,,,,,,,,0,,,,,,,,161,(vau),,,,,,,,,,,,,,,
31/03/2023 23:00,,,,,,,,,,,0,,,,,,,,161.08,(vdd),161.07,,,,,,,,153000,,153000,,153000,,
01/04/2023 00:00,21.76,(vau),24.48,(vc),,,0,(vau),14.67,(vc),,,14.67,(vau),,,,,,,,,,,,,63452.16,(vc),,,,,,,
01/04/2023 23:00,,,,,,,,,,,,,,,,,,,,,160.82,,,,,,,,,,,,151530,,
02/04/2023 00:00,0.02,(vau),,,,,0,(vau),12.79,(vc),,,12.79,(vau),,,,,,,,,,,,,,,,,,,,,
02/04/2023 23:00,,,,,,,,,,,,,,,,,,,,,160.55,,,,,,,,,,,,150270,,
03/04/2023 00:00,81.05,(vau),,,,,0,(vau),28.37,(vc),,,28.37,(vau),,,,,,,,,,,,,,,,,,,,,
03/04/2023 23:00,,,,,,,,,,,,,,,,,,,161.3,(vco),161.3,(vco),,,,,,,154000,,,,154000,,
04/04/2023 00:00,3.35,(vau),,,,,0,(vau),22.85,(vc),,,22.85,(vau),,,,,,,,,,,,,,,,,,,,,
04/04/2023 23:00,,,,,,,,,,,,,,,,,,,,,160.84,,,,,,,,,,,,151620,,
05/04/2023 00:00,30.67,(vau),,,,,0,(vau),15.08,(vc),,,15.08,(vau),,,,,,,,,,,,,,,,,,,,,
05/04/2023 23:00,,,,,,,,,,,,,,,,,,,,,161.01,,,,,,,,,,,,152340,,
06/04/2023 00:00,39.23,(vau),,,,,0,(vau),44.22,(vc),,,44.22,(vau),,,,,,,,,,,,,,,,,,,,,
06/04/2023 23:00,,,,,,,,,,,,,,,,,,,,,161,,,,,,,,,,,,152300,,
07/04/2023 00:00,51.26,(vau),,,,,0,(vau),39.2,(vc),,,39.2,(vau),,,,,,,,,,,,,,,,,,,,,
07/04/2023 23:00,,,,,,,,,,,,,,,,,,,,,161.07,,,,,,,,,,,,152600,,
08/04/2023 00:00,0,(vau),,,,,0,(vau),16.04,(vc),,,16.04,(vau),,,,,,,,,,,,,,,,,,,,,
08/04/2023 23:00,,,,,,,,,,,,,,,,,,,,,160.59,,,,,,,,,,,,150470,,
09/04/2023 00:00,3.63,(vau),,,,,0,(vau),11.47,(vc),,,11.47,(vau),,,,,,,,,,,,,,,,,,,,,
09/04/2023 23:00,,,,,,,,,,,,,,,,,,,,,160.51,,,,,,,,,,,,150050,,
10/04/2023 00:00,0,(vau),,,,,0,(vau),15.21,(vc),,,15.21,(vau),,,,,,,,,,,,,,,,,,,,,
10/04/2023 23:00,,,,,,,,,,,,,,,,,,,160.6,(vco),159.95,,,,,,,,151000,,,,151000,,
11/04/2023 00:00,82.24,(vau),,,,,0,(vau),13.94,(vc),,,13.94,(vau),,,,,,,,,,,,,,,,,,,,,
11/04/2023 23:00,,,,,,,,,,,,,,,,,,,,,160.84,,,,,,,,,,,,151620,,
12/04/2023 00:00,33.16,(vau),,,,,0,(vau),17.97,(vc),,,17.97,(vau),,,,,,,,,,,,,,,,,,,,,
12/04/2023 23:00,,,,,,,,,,,,,,,,,,,,,160.99,,,,,,,,,,,,152260,,
13/04/2023 00:00,32.12,(vau),,,,,0,(vau),17.54,(vc),,,17.54,(vau),,,,,,,,,,,,,,,,,,,,,
13/04/2023 23:00,,,,,,,,,,,,,,,,,,,,,161.23,,,,,,,,,,,,153340,,
14/04/2023 00:00,0,(vau),,,,,0,(vau),15.24,(vc),,,15.24,(vau),,,,,,,,,,,,,,,,,,,,,
14/04/2023 23:00,,,,,,,,,,,,,,,,,,,,,159.95,,,,,,,,,,,,146000,,
15/04/2023 00:00,2.28,(vau),,,,,0,(vau),12.38,(vc),,,12.38,(vau),,,,,,,,,,,,,,,,,,,,,
15/04/2023 23:00,,,,,,,,,,,,,,,,,,,,,159.71,,,,,,,,,,,,144570,,
16/04/2023 00:00,0,(vau),,,,,0,(vau),12.09,(vc),,,12.09,(vau),,,,,,,,,,,,,,,,,,,,,
16/04/2023 23:00,,,,,,,,,,,,,,,,,,,,,159.24,,,,,,,,,,,,141850,,
17/04/2023 00:00,66.26,(vau),,,,,0,(vau),16.22,(vc),,,16.22,(vau),,,,,,,,,,,,,,,,,,,,,
17/04/2023 23:00,,,,,,,,,,,,,,,,,,,,,159.96,,,,,,,,,,,,146060,,
18/04/2023 00:00,61.76,(vau),,,,,0,(vau),14.9,(vc),,,14.9,(vau),,,,,,,,,,,,,,,,,,,,,
18/04/2023 23:00,,,,,,,,,,,,,,,,,,,,,160.84,,,,,,,,,,,,151620,,
19/04/2023 00:00,9.22,(vau),,,,,0,(vau),16.08,(vc),,,16.08,(vau),,,,,,,,,,,,,,,,,,,,,
19/04/2023 23:00,,,,,,,,,,,,,,,,,,,,,160.65,,,,,,,,,,,,150760,,
20/04/2023 00:00,25.18,(vau),,,,,0,(vau),17.15,(vc),,,17.15,(vau),,,,,,,,,,,,,,,,,,,,,
20/04/2023 23:00,,,,,,,,,,,,,,,,,,,,,160.75,,,,,,,,,,,,151220,,
21/04/2023 00:00,5.67,(vau),,,,,0,(vau),14.19,(vc),,,14.19,(vau),,,,,,,,,,,,,,,,,,,,,
21/04/2023 23:00,,,,,,,,,,,,,,,,,,,,,160.44,,,,,,,,,,,,149660,,
22/04/2023 00:00,55.28,(vau),,,,,0,(vau),13.17,(vc),,,13.17,(vau),,,,,,,,,,,,,,,,,,,,,
22/04/2023 23:00,,,,,,,,,,,,,,,,,,,,,161.24,,,,,,,,,,,,153390,,
23/04/2023 00:00,0,(vau),,,,,0,(vau),12.59,(vc),,,12.59,(vau),,,,,,,,,,,,,,,,,,,,,
23/04/2023 23:00,,,,,,,,,,,,,,,,,,,,,160.44,,,,,,,,,,,,149660,,
24/04/2023 00:00,0,(vau),,,,,0,(vau),15.38,(vc),,,15.38,(vau),,,,,,,,,,,,,,,,,,,,,
24/04/2023 23:00,,,,,,,,,,,,,,,,,,,160.2,(vco),160.2,(vco),,,,,,,148000,,,,148000,,
25/04/2023 00:00,39.42,(vau),,,,,0,(vau),13.87,(vc),,,13.87,(vau),,,,,,,,,,,,,,,,,,,,,
25/04/2023 23:00,,,,,,,,,,,,,,,,,,,,,160.29,,,,,,,,,,,,148710,,
26/04/2023 00:00,49.18,(vau),,,,,0,(vau),17.2,(vc),,,17.2,(vau),,,,,,,,,,,,,,,,,,,,,
26/04/2023 23:00,,,,,,,,,,,,,,,,,,,,,160.68,,,,,,,,,,,,150900,,
27/04/2023 00:00,33.08,(vau),,,,,0,(vau),16.94,(vc),,,16.94,(vau),,,,,,,,,,,,,,,,,,,,,
27/04/2023 23:00,,,,,,,,,,,,,,,,,,,,,161,,,,,,,,,,,,152300,,
28/04/2023 00:00,0,(vau),,,,,0,(vau),16.32,(vc),,,16.32,(vau),,,,,,,,,,,,,,,,,,,,,
28/04/2023 23:00,,,,,,,,,,,,,,,,,,,,,160.51,,,,,,,,,,,,150050,,
29/04/2023 00:00,0,(vau),,,,,0,(vau),11.94,(vc),,,11.94,(vau),,,,,,,,,,,,,,,,,,,,,
29/04/2023 23:00,,,,,,,,,,,,,,,,,,,,,160.12,,,,,,,,,,,,147400,,
30/04/2023 00:00,8.65,(vau),,,,,0,(vau),13.31,(vc),,,13.31,(vau),,,,,,,,,,,,,,,,,,,,,
30/04/2023 23:00,,,,,,,,,,,,,,,,,,,159.8,(vco),160.04,,,,,,,,145100,,145100,,145100,,
01/05/2023 00:00,0,(vau),19.76,(vc),,,0,(vau),13.62,(vc),,,13.62,(vau),,,,,,,,,,,,,52925.18,(vc),,,,,,,
01/05/2023 23:00,,,,,,,,,,,,,,,,,,,,,158.88,,,,,,,,,,,,139840,,
02/05/2023 00:00,21.56,(vau),,,,,0,(vau),17.31,(vc),,,17.31,(vau),,,,,,,,,,,,,,,,,,,,,
02/05/2023 23:00,,,,,,,,,,,,,,,,,,,,,158.82,,,,,,,,,,,,139510,,
03/05/2023 00:00,14.57,(vau),,,,,0,(vau),15.31,(vc),,,15.31,(vau),,,,,,,,,,,,,,,,,,,,,
03/05/2023 23:00,,,,,,,,,,,,,,,,,,,,,158.84,,,,,,,,,,,,139620,,
04/05/2023 00:00,23.85,(vau),,,,,0,(vau),14.21,(vc),,,14.21,(vau),,,,,,,,,,,,,,,,,,,,,
04/05/2023 23:00,,,,,,,,,,,,,,,,,,,,,158.96,,,,,,,,,,,,140280,,
05/05/2023 00:00,29.15,(vau),,,,,0,(vau),15.14,(vc),,,15.14,(vau),,,,,,,,,,,,,,,,,,,,,
05/05/2023 23:00,,,,,,,,,,,,,,,,,,,,,159.07,,,,,,,,,,,,140890,,
06/05/2023 00:00,27.31,(vau),,,,,0,(vau),14.81,(vc),,,14.81,(vau),,,,,,,,,,,,,,,,,,,,,
06/05/2023 23:00,,,,,,,,,,,,,,,,,,,,,159.4,,,,,,,,,,,,142760,,
07/05/2023 00:00,0,(vau),,,,,0,(vau),11.58,(vc),,,11.58,(vau),,,,,,,,,,,,,,,,,,,,,
07/05/2023 23:00,,,,,,,,,,,,,,,,,,,,,158.6,,,,,,,,,,,,138320,,
08/05/2023 00:00,21.64,(vau),,,,,0,(vau),14.6,(vc),,,14.6,(vau),,,,,,,,,,,,,,,,,,,,,
08/05/2023 23:00,,,,,,,,,,,,,,,,,,,,,158.68,,,,,,,,,,,,138750,,
09/05/2023 00:00,0,(vau),,,,,0,(vau),18.5,(vc),,,18.5,(vau),,,,,,,,,,,,,,,,,,,,,
09/05/2023 23:00,,,,,,,,,,,,,,,,,,,,,158.27,,,,,,,,,,,,136580,,
10/05/2023 00:00,0,(vau),,,,,0,(vau),15.44,(vc),,,15.44,(vau),,,,,,,,,,,,,,,,,,,,,
10/05/2023 23:00,,,,,,,,,,,,,,,,,,,,,157.79,,,,,,,,,,,,134150,,
11/05/2023 00:00,0,(vau),,,,,0,(vau),15.08,(vc),,,15.08,(vau),,,,,,,,,,,,,,,,,,,,,
11/05/2023 23:00,,,,,,,,,,,,,,,,,,,,,156.98,,,,,,,,,,,,130110,,
12/05/2023 00:00,65.44,(vau),,,,,0,(vau),15.4,(vc),,,15.4,(vau),,,,,,,,,,,,,,,,,,,,,
12/05/2023 23:00,,,,,,,,,,,,,,,,,,,,,157.65,,,,,,,,,,,,133450,,
13/05/2023 00:00,83.48,(vau),,,,,0,(vau),12.5,(vc),,,12.5,(vau),,,,,,,,,,,,,,,,,,,,,
13/05/2023 23:00,,,,,,,,,,,,,,,,,,,,,158.59,,,,,,,,,,,,138270,,
14/05/2023 00:00,0,(vau),,,,,0,(vau),12.46,(vc),,,12.46,(vau),,,,,,,,,,,,,,,,,,,,,
14/05/2023 23:00,,,,,,,,,,,,,,,,,,,,,158.27,,,,,,,,,,,,136580,,
15/05/2023 00:00,73.39,(vau),,,,,0,(vau),14.39,(vc),,,14.39,(vau),,,,,,,,,,,,,,,,,,,,,
15/05/2023 23:00,,,,,,,,,,,,,,,,,,,158.98,(vco),158.98,(vco),,,,,,,140380,,,,140380,,
16/05/2023 00:00,36.57,(vau),,,,,0,(vau),17.28,(vc),,,17.28,(vau),,,,,,,,,,,,,,,,,,,,,
16/05/2023 23:00,,,,,,,,,,,,,,,,,,,,,159.47,,,,,,,,,,,,143160,,
17/05/2023 00:00,22.62,(vau),,,,,0,(vau),15.33,(vc),,,15.33,(vau),,,,,,,,,,,,,,,,,,,,,
17/05/2023 23:00,,,,,,,,,,,,,,,,,,,,,159.4,,,,,,,,,,,,142760,,
18/05/2023 00:00,0,(vau),,,,,0,(vau),14.92,(vc),,,14.92,(vau),,,,,,,,,,,,,,,,,,,,,
18/05/2023 23:00,,,,,,,,,,,,,,,,,,,,,158.04,,,,,,,,,,,,135400,,
19/05/2023 00:00,26.98,(vau),,,,,0,(vau),15.09,(vc),,,15.09,(vau),,,,,,,,,,,,,,,,,,,,,
19/05/2023 23:00,,,,,,,,,,,,,,,,,,,,,158.04,,,,,,,,,,,,135400,,
20/05/2023 00:00,72.64,(vau),,,,,0,(vau),12.44,(vc),,,12.44,(vau),,,,,,,,,,,,,,,,,,,,,
20/05/2023 23:00,,,,,,,,,,,,,,,,,,,,,158.98,,,,,,,,,,,,140390,,
21/05/2023 00:00,6.13,(vau),,,,,0,(vau),12.28,(vc),,,12.28,(vau),,,,,,,,,,,,,,,,,,,,,
21/05/2023 23:00,,,,,,,,,,,,,,,,,,,,,158.83,,,,,,,,,,,,139560,,
22/05/2023 00:00,5.62,(vau),,,,,0,(vau),15.22,(vc),,,15.22,(vau),,,,,,,,,,,,,,,,,,,,,
22/05/2023 23:00,,,,,,,,,,,,,,,,,,,158.92,(vco),158.92,(vco),,,,,,,140000,,,,140000,,
23/05/2023 00:00,0,(vau),,,,,0,(vau),14.94,(vc),,,14.94,(vau),,,,,,,,,,,,,,,,,,,,,
23/05/2023 23:00,,,,,,,,,,,,,,,,,,,,,157.8,,,,,,,,,,,,134200,,
24/05/2023 00:00,0,(vau),,,,,0,(vau),15.14,(vc),,,15.14,(vau),,,,,,,,,,,,,,,,,,,,,
24/05/2023 23:00,,,,,,,,,,,,,,,,,,,,,157.38,,,,,,,,,,,,132100,,
25/05/2023 00:00,0,(vau),,,,,0,(vau),15,(vc),,,15,(vau),,,,,,,,,,,,,,,,,,,,,
25/05/2023 23:00,,,,,,,,,,,,,,,,,,,,,156.65,,,,,,,,,,,,128470,,
26/05/2023 00:00,0,(vau),,,,,0,(vau),15.2,(vc),,,15.2,(vau),,,,,,,,,,,,,,,,,,,,,
26/05/2023 23:00,,,,,,,,,,,,,,,,,,,,,155.8,,,,,,,,,,,,124260,,
27/05/2023 00:00,37.28,(vau),,,,,0,(vau),12.35,(vc),,,12.35,(vau),,,,,,,,,,,,,,,,,,,,,
27/05/2023 23:00,,,,,,,,,,,,,,,,,,,,,156.12,,,,,,,,,,,,125840,,
28/05/2023 00:00,0,(vau),,,,,0,(vau),12.41,(vc),,,12.41,(vau),,,,,,,,,,,,,,,,,,,,,
28/05/2023 23:00,,,,,,,,,,,,,,,,,,,,,155.72,,,,,,,,,,,,123860,,
29/05/2023 00:00,10.59,(vau),,,,,0,(vau),16.77,(vc),,,16.77,(vau),,,,,,,,,,,,,,,,,,,,,
29/05/2023 23:00,,,,,,,,,,,,,,,,,,,155.79,(vco),155.72,,,,,,,,124000,,,,124000,,
30/05/2023 00:00,17.63,(vau),,,,,0,(vau),15.47,(vc),,,15.47,(vau),,,,,,,,,,,,,,,,,,,,,
30/05/2023 23:00,,,,,,,,,,,,,,,,,,,,,155.8,,,,,,,,,,,,124260,,
31/05/2023 00:00,15.98,(vau),,,,,0,(vau),15.31,(vc),,,15.31,(vau),,,,,,,,,,,,,,,,,,,,,
31/05/2023 23:00,,,,,,,,,,,,,,,,,,,155.96,(vco),155.96,(vco),,,,,,,125000,,125000,,125000,,
01/06/2023 00:00,12.11,(vau),19.46,(vc),,,0,(vau),14.15,(vc),,,14.15,(vau),,,,,,,,,,,,,50440.32,(vc),,,,,,,
01/06/2023 23:00,,,,,,,,,,,,,,,,,,,,,155.72,,,,,,,,,,,,123860,,
02/06/2023 00:00,3.27,(vau),,,,,0,(vau),15.58,(vc),,,15.58,(vau),,,,,,,,,,,,,,,,,,,,,
02/06/2023 23:00,,,,,,,,,,,,,,,,,,,,,155.72,,,,,,,,,,,,123860,,
03/06/2023 00:00,7.08,(vau),,,,,0,(vau),12.28,(vc),,,12.28,(vau),,,,,,,,,,,,,,,,,,,,,
03/06/2023 23:00,,,,,,,,,,,,,,,,,,,,,155.55,,,,,,,,,,,,123030,,
04/06/2023 00:00,13.31,(vau),,,,,0,(vau),12.4,(vc),,,12.4,(vau),,,,,,,,,,,,,,,,,,,,,
04/06/2023 23:00,,,,,,,,,,,,,,,,,,,,,155.71,,,,,,,,,,,,123810,,
05/06/2023 00:00,21.32,(vau),,,,,0,(vau),15.93,(vc),,,15.93,(vau),,,,,,,,,,,,,,,,,,,,,
05/06/2023 23:00,,,,,,,,,,,,,,,,,,,155.71,(vco),155.87,,,,,,,,124000,,,,124000,,
06/06/2023 00:00,17.19,(vau),,,,,0,(vau),18.06,(vc),,,18.06,(vau),,,,,,,,,,,,,,,,,,,,,
06/06/2023 23:00,,,,,,,,,,,,,,,,,,,,,155.79,,,,,,,,,,,,124210,,
07/06/2023 00:00,26.78,(vau),,,,,0,(vau),14.02,(vc),,,14.02,(vau),,,,,,,,,,,,,,,,,,,,,
07/06/2023 23:00,,,,,,,,,,,,,,,,,,,,,156.04,,,,,,,,,,,,125440,,
08/06/2023 00:00,12.83,(vau),,,,,0,(vau),12.39,(vc),,,12.39,(vau),,,,,,,,,,,,,,,,,,,,,
08/06/2023 23:00,,,,,,,,,,,,,,,,,,,,,155.95,,,,,,,,,,,,125000,,
09/06/2023 00:00,69.18,(vau),,,,,0,(vau),14.99,(vc),,,14.99,(vau),,,,,,,,,,,,,,,,,,,,,
09/06/2023 23:00,,,,,,,,,,,,,,,,,,,,,156.71,,,,,,,,,,,,128770,,
10/06/2023 00:00,49.07,(vau),,,,,0,(vau),11.57,(vc),,,11.57,(vau),,,,,,,,,,,,,,,,,,,,,
10/06/2023 23:00,,,,,,,,,,,,,,,,,,,,,157.23,,,,,,,,,,,,131360,,
11/06/2023 00:00,9.2,(vau),,,,,0,(vau),12.48,(vc),,,12.48,(vau),,,,,,,,,,,,,,,,,,,,,
11/06/2023 23:00,,,,,,,,,,,,,,,,,,,,,157.16,,,,,,,,,,,,131010,,
12/06/2023 00:00,10.02,(vau),,,,,0,(vau),12.42,(vc),,,12.42,(vau),,,,,,,,,,,,,,,,,,,,,
12/06/2023 23:00,,,,,,,,,,,,,,,,,,,157.16,(vco),156.98,,,,,,,,131000,,,,131000,,
13/06/2023 00:00,0,(vau),,,,,0,(vau),15.23,(vc),,,15.23,(vau),,,,,,,,,,,,,,,,,,,,,
13/06/2023 23:00,,,,,,,,,,,,,,,,,,,,,156.11,,,,,,,,,,,,125790,,
14/06/2023 00:00,34.26,(vau),,,,,0,(vau),15.04,(vc),,,15.04,(vau),,,,,,,,,,,,,,,,,,,,,
14/06/2023 23:00,,,,,,,,,,,,,,,,,,,,,156.45,,,,,,,,,,,,127470,,
15/06/2023 00:00,47.73,(vau),,,,,0,(vau),16.92,(vc),,,16.92,(vau),,,,,,,,,,,,,,,,,,,,,
15/06/2023 23:00,,,,,,,,,,,,,,,,,,,,,157.08,,,,,,,,,,,,130610,,
16/06/2023 00:00,40.6,(vau),,,,,0,(vau),15.74,(vc),,,15.74,(vau),,,,,,,,,,,,,,,,,,,,,
16/06/2023 23:00,,,,,,,,,,,,,,,,,,,,,157.42,,,,,,,,,,,,132320,,
17/06/2023 00:00,10.75,(vau),,,,,0,(vau),15.07,(vc),,,15.07,(vau),,,,,,,,,,,,,,,,,,,,,
17/06/2023 23:00,,,,,,,,,,,,,,,,,,,,,157.31,,,,,,,,,,,,131770,,
18/06/2023 00:00,8.28,(vau),,,,,0,(vau),11.22,(vc),,,11.22,(vau),,,,,,,,,,,,,,,,,,,,,
18/06/2023 23:00,,,,,,,,,,,,,,,,,,,,,157.26,,,,,,,,,,,,131510,,
19/06/2023 00:00,14.24,(vau),,,,,0,(vau),15.58,(vc),,,15.58,(vau),,,,,,,,,,,,,,,,,,,,,
19/06/2023 23:00,,,,,,,,,,,,,,,,,,,157.08,(vco),157.08,(vco),,,,,,,131000,,,,131000,,
20/06/2023 00:00,26.53,(vau),,,,,0,(vau),15.35,(vc),,,15.35,(vau),,,,,,,,,,,,,,,,,,,,,
20/06/2023 23:00,,,,,,,,,,,,,,,,,,,,,157.44,,,,,,,,,,,,132380,,
21/06/2023 00:00,24.08,(vau),,,,,0,(vau),15.98,(vc),,,15.98,(vau),,,,,,,,,,,,,,,,,,,,,
21/06/2023 23:00,,,,,,,,,,,,,,,,,,,,,157.54,,,,,,,,,,,,132880,,
22/06/2023 00:00,0,(vau),,,,,0,(vau),14.35,(vc),,,14.35,(vau),,,,,,,,,,,,,,,,,,,,,
22/06/2023 23:00,,,,,,,,,,,,,,,,,,,,,157.16,,,,,,,,,,,,131010,,
23/06/2023 00:00,3.83,(vau),,,,,0,(vau),13.86,(vc),,,13.86,(vau),,,,,,,,,,,,,,,,,,,,,
23/06/2023 23:00,,,,,,,,,,,,,,,,,,,,,156.98,,,,,,,,,,,,130110,,
24/06/2023 00:00,40.14,(vau),,,,,0,(vau),16.8,(vc),,,16.8,(vau),,,,,,,,,,,,,,,,,,,,,
24/06/2023 23:00,,,,,,,,,,,,,,,,,,,,,157.34,,,,,,,,,,,,131890,,
25/06/2023 00:00,16.64,(vau),,,,,0,(vau),12.71,(vc),,,12.71,(vau),,,,,,,,,,,,,,,,,,,,,
25/06/2023 23:00,,,,,,,,,,,,,,,,,,,,,157.36,,,,,,,,,,,,131990,,
26/06/2023 00:00,21.93,(vau),,,,,0,(vau),14.83,(vc),,,14.83,(vau),,,,,,,,,,,,,,,,,,,,,
26/06/2023 23:00,,,,,,,,,,,,,,,,,,,,,157.43,,,,,,,,,,,,132340,,
27/06/2023 00:00,12.64,(vau),,,,,0,(vau),11.29,(vc),,,11.29,(vau),,,,,,,,,,,,,,,,,,,,,
27/06/2023 23:00,,,,,,,,,,,,,,,,,,,,,157.39,,,,,,,,,,,,132150,,
28/06/2023 00:00,23.11,(vau),,,,,0,(vau),15.77,(vc),,,15.77,(vau),,,,,,,,,,,,,,,,,,,,,
28/06/2023 23:00,,,,,,,,,,,,,,,,,,,,,157.52,,,,,,,,,,,,132780,,
29/06/2023 00:00,0,(vau),,,,,0,(vau),12.79,(vc),,,12.79,(vau),,,,,,,,,,,,,,,,,,,,,
29/06/2023 23:00,,,,,,,,,,,,,,,,,,,,,157.32,,,,,,,,,,,,131790,,
30/06/2023 00:00,7.53,(vau),,,,,0,(vau),14.05,(vc),,,14.05,(vau),,,,,,,,,,,,,,,,,,,,,
30/06/2023 23:00,,,,,,,,,,,,,,,,,,,157.33,(vco),157.33,(vco),,,,,,,132000,,132000,,132000,,
01/07/2023 00:00,6.73,(vau),16.47,(vc),,,0,(vau),11.23,(vc),,,11.23,(vau),,,,,,,,,,,,,44113.25,(vc),,,,,,,
01/07/2023 23:00,,,,,,,,,,,,,,,,,,,,,157.01,,,,,,,,,,,,130260,,
02/07/2023 00:00,21.24,(vau),,,,,0,(vau),10.3,(vc),,,10.3,(vau),,,,,,,,,,,,,,,,,,,,,
02/07/2023 23:00,,,,,,,,,,,,,,,,,,,,,157.24,,,,,,,,,,,,131400,,
03/07/2023 00:00,23.55,(vau),,,,,0,(vau),15.2,(vc),,,15.2,(vau),,,,,,,,,,,,,,,,,,,,,
03/07/2023 23:00,,,,,,,,,,,,,,,,,,,,,157.35,,,,,,,,,,,,131950,,
04/07/2023 00:00,11.18,(vau),,,,,0,(vau),16.65,(vc),,,16.65,(vau),,,,,,,,,,,,,,,,,,,,,
04/07/2023 23:00,,,,,,,,,,,,,,,,,,,,,157.23,,,,,,,,,,,,131380,,
05/07/2023 00:00,25.35,(vau),,,,,0,(vau),14.77,(vc),,,14.77,(vau),,,,,,,,,,,,,,,,,,,,,
05/07/2023 23:00,,,,,,,,,,,,,,,,,,,,,157.41,,,,,,,,,,,,132260,,
06/07/2023 00:00,20.75,(vau),,,,,0,(vau),20.94,(vc),,,20.94,(vau),,,,,,,,,,,,,,,,,,,,,
06/07/2023 23:00,,,,,,,,,,,,,,,,,,,,,157.41,,,,,,,,,,,,132250,,
07/07/2023 00:00,0,(vau),,,,,0,(vau),14.54,(vc),,,14.54,(vau),,,,,,,,,,,,,,,,,,,,,
07/07/2023 23:00,,,,,,,,,,,,,,,,,,,,,157,,,,,,,,,,,,130200,,
08/07/2023 00:00,0,(vau),,,,,0,(vau),13.25,(vc),,,13.25,(vau),,,,,,,,,,,,,,,,,,,,,
08/07/2023 23:00,,,,,,,,,,,,,,,,,,,,,156.11,,,,,,,,,,,,125810,,
09/07/2023 00:00,41.44,(vau),,,,,0,(vau),11.88,(vc),,,11.88,(vau),,,,,,,,,,,,,,,,,,,,,
09/07/2023 23:00,,,,,,,,,,,,,,,,,,,,,156.64,,,,,,,,,,,,128400,,
10/07/2023 00:00,47.71,(vau),,,,,0,(vau),15.02,(vc),,,15.02,(vau),,,,,,,,,,,,,,,,,,,,,
10/07/2023 23:00,,,,,,,,,,,,,,,,,,,156.55,(vco),156.55,(vco),,,,,,,128000,,,,128000,,
11/07/2023 00:00,11.08,(vau),,,,,0,(vau),14,(vc),,,14,(vau),,,,,,,,,,,,,,,,,,,,,
11/07/2023 23:00,,,,,,,,,,,,,,,,,,,,,157.11,,,,,,,,,,,,130750,,
12/07/2023 00:00,13.07,(vau),,,,,0,(vau),14.17,(vc),,,14.17,(vau),,,,,,,,,,,,,,,,,,,,,
12/07/2023 23:00,,,,,,,,,,,,,,,,,,,,,157.09,,,,,,,,,,,,130680,,
13/07/2023 00:00,0,(vau),,,,,0,(vau),14.23,(vc),,,14.23,(vau),,,,,,,,,,,,,,,,,,,,,
13/07/2023 23:00,,,,,,,,,,,,,,,,,,,,,156.22,,,,,,,,,,,,126310,,
14/07/2023 00:00,46.3,(vau),,,,,0,(vau),14.17,(vc),,,14.17,(vau),,,,,,,,,,,,,,,,,,,,,
14/07/2023 23:00,,,,,,,,,,,,,,,,,,,,,156.82,,,,,,,,,,,,129310,,
15/07/2023 00:00,1,(vau),,,,,0,(vau),12.35,(vc),,,12.35,(vau),,,,,,,,,,,,,,,,,,,,,
15/07/2023 23:00,,,,,,,,,,,,,,,,,,,,,156.62,,,,,,,,,,,,128310,,
16/07/2023 00:00,13.8,(vau),,,,,0,(vau),12.23,(vc),,,12.23,(vau),,,,,,,,,,,,,,,,,,,,,
16/07/2023 23:00,,,,,,,,,,,,,,,,,,,,,156.48,,,,,,,,,,,,127600,,
17/07/2023 00:00,21.3,(vau),,,,,0,(vau),14.93,(vc),,,14.93,(vau),,,,,,,,,,,,,,,,,,,,,
17/07/2023 23:00,,,,,,,,,,,,,,,,,,,156.51,(vco),156.51,(vco),,,,,,,128000,,,,128000,,
18/07/2023 00:00,23.6,(vau),,,,,0,(vau),16.08,(vc),,,16.08,(vau),,,,,,,,,,,,,,,,,,,,,
18/07/2023 23:00,,,,,,,,,,,,,,,,,,,,,156.73,,,,,,,,,,,,128890,,
19/07/2023 00:00,46.13,(vau),,,,,0,(vau),14.54,(vc),,,14.54,(vau),,,,,,,,,,,,,,,,,,,,,
19/07/2023 23:00,,,,,,,,,,,,,,,,,,,,,157.3,,,,,,,,,,,,131700,,
20/07/2023 00:00,0,(vau),,,,,0,(vau),14.05,(vc),,,14.05,(vau),,,,,,,,,,,,,,,,,,,,,
20/07/2023 23:00,,,,,,,,,,,,,,,,,,,,,156.16,,,,,,,,,,,,126060,,
21/07/2023 00:00,0,(vau),,,,,0,(vau),11.9,(vc),,,11.9,(vau),,,,,,,,,,,,,,,,,,,,,
21/07/2023 23:00,,,,,,,,,,,,,,,,,,,,,155.7,,,,,,,,,,,,123780,,
22/07/2023 00:00,4.31,(vau),,,,,0,(vau),9.25,(vc),,,9.25,(vau),,,,,,,,,,,,,,,,,,,,,
22/07/2023 23:00,,,,,,,,,,,,,,,,,,,,,155.63,,,,,,,,,,,,123400,,
23/07/2023 00:00,26.93,(vau),,,,,0,(vau),9.98,(vc),,,9.98,(vau),,,,,,,,,,,,,,,,,,,,,
23/07/2023 23:00,,,,,,,,,,,,,,,,,,,,,155.96,,,,,,,,,,,,125030,,
24/07/2023 00:00,16.11,(vau),,,,,0,(vau),11.8,(vc),,,11.8,(vau),,,,,,,,,,,,,,,,,,,,,
24/07/2023 23:00,,,,,,,,,,,,,,,,,,,156.03,(vco),156.03,(vco),,,,,,,125380,,,,125380,,
25/07/2023 00:00,13.85,(vau),,,,,0,(vau),11.5,(vc),,,11.5,(vau),,,,,,,,,,,,,,,,,,,,,
25/07/2023 23:00,,,,,,,,,,,,,,,,,,,,,155.87,,,,,,,,,,,,124610,,
26/07/2023 00:00,14.88,(vau),,,,,0,(vau),11.29,(vc),,,11.29,(vau),,,,,,,,,,,,,,,,,,,,,
26/07/2023 23:00,,,,,,,,,,,,,,,,,,,,,155.96,,,,,,,,,,,,125040,,
27/07/2023 00:00,36.27,(vau),,,,,0,(vau),11.45,(vc),,,11.45,(vau),,,,,,,,,,,,,,,,,,,,,
27/07/2023 23:00,,,,,,,,,,,,,,,,,,,,,156.29,,,,,,,,,,,,126670,,
28/07/2023 00:00,21.14,(vau),,,,,0,(vau),11.59,(vc),,,11.59,(vau),,,,,,,,,,,,,,,,,,,,,
28/07/2023 23:00,,,,,,,,,,,,,,,,,,,,,156.55,,,,,,,,,,,,127980,,
29/07/2023 00:00,2.9,(vau),,,,,0,(vau),9.99,(vc),,,9.99,(vau),,,,,,,,,,,,,,,,,,,,,
29/07/2023 23:00,,,,,,,,,,,,,,,,,,,,,156.47,,,,,,,,,,,,127550,,
30/07/2023 00:00,0,(vau),,,,,0,(vau),9.77,(vc),,,9.77,(vau),,,,,,,,,,,,,,,,,,,,,
30/07/2023 23:00,,,,,,,,,,,,,,,,,,,,,156.25,,,,,,,,,,,,126490,,
31/07/2023 00:00,0,(vau),,,,,0,(vau),10.81,(vc),,,10.81,(vau),,,,,,,,,,,,,,,,,,,,,
31/07/2023 23:00,,,,,,,,,,,,,,,,,,,156.11,(vco),155.7,,,,,,,,126000,,126000,,126000,,
01/08/2023 00:00,12.43,(vau),17.76,(vc),,,0,(vau),11.21,(vc),,,11.21,(vau),,,,,,,,,,,,,47568.38,(vc),,,,,,,
01/08/2023 23:00,,,,,,,,,,,,,,,,,,,,,155.72,,,,,,,,,,,,123860,,
02/08/2023 00:00,25.47,(vau),,,,,0,(vau),11,(vc),,,11,(vau),,,,,,,,,,,,,,,,,,,,,
02/08/2023 23:00,,,,,,,,,,,,,,,,,,,,,155.95,,,,,,,,,,,,125000,,
03/08/2023 00:00,4.65,(vau),,,,,0,(vau),11.69,(vc),,,11.69,(vau),,,,,,,,,,,,,,,,,,,,,
03/08/2023 23:00,,,,,,,,,,,,,,,,,,,,,155.8,,,,,,,,,,,,124240,,
04/08/2023 00:00,18.61,(vau),,,,,0,(vau),11.41,(vc),,,11.41,(vau),,,,,,,,,,,,,,,,,,,,,
04/08/2023 23:00,,,,,,,,,,,,,,,,,,,,,155.96,,,,,,,,,,,,125050,,
05/08/2023 00:00,30.37,(vau),,,,,0,(vau),9.33,(vc),,,9.33,(vau),,,,,,,,,,,,,,,,,,,,,
05/08/2023 23:00,,,,,,,,,,,,,,,,,,,,,156.27,,,,,,,,,,,,126570,,
06/08/2023 00:00,7.42,(vau),,,,,0,(vau),10.14,(vc),,,10.14,(vau),,,,,,,,,,,,,,,,,,,,,
06/08/2023 23:00,,,,,,,,,,,,,,,,,,,,,156.04,,,,,,,,,,,,125460,,
07/08/2023 00:00,5.2,(vau),,,,,0,(vau),11.29,(vc),,,11.29,(vau),,,,,,,,,,,,,,,,,,,,,
07/08/2023 23:00,,,,,,,,,,,,,,,,,,,155.71,(vco),156.12,,,,,,,,124000,,,,124000,,
08/08/2023 00:00,36.96,(vau),,,,,0,(vau),11.45,(vc),,,11.45,(vau),,,,,,,,,,,,,,,,,,,,,
08/08/2023 23:00,,,,,,,,,,,,,,,,,,,,,156.62,,,,,,,,,,,,128300,,
09/08/2023 00:00,1.12,(vau),,,,,0,(vau),11.34,(vc),,,11.34,(vau),,,,,,,,,,,,,,,,,,,,,
09/08/2023 23:00,,,,,,,,,,,,,,,,,,,,,156.3,,,,,,,,,,,,126740,,
10/08/2023 00:00,10.2,(vau),,,,,0,(vau),11.41,(vc),,,11.41,(vau),,,,,,,,,,,,,,,,,,,,,
10/08/2023 23:00,,,,,,,,,,,,,,,,,,,,,156.42,,,,,,,,,,,,127340,,
11/08/2023 00:00,11.01,(vau),,,,,0,(vau),10.97,(vc),,,10.97,(vau),,,,,,,,,,,,,,,,,,,,,
11/08/2023 23:00,,,,,,,,,,,,,,,,,,,,,156.1,,,,,,,,,,,,125720,,
12/08/2023 00:00,12.9,(vau),,,,,0,(vau),7.98,(vc),,,7.98,(vau),,,,,,,,,,,,,,,,,,,,,
12/08/2023 23:00,,,,,,,,,,,,,,,,,,,,,156.16,,,,,,,,,,,,126040,,
13/08/2023 00:00,26.92,(vau),,,,,0,(vau),8.5,(vc),,,8.5,(vau),,,,,,,,,,,,,,,,,,,,,
13/08/2023 23:00,,,,,,,,,,,,,,,,,,,,,156.53,,,,,,,,,,,,127890,,
14/08/2023 00:00,55.23,(vau),,,,,0,(vau),14.79,(vc),,,14.79,(vau),,,,,,,,,,,,,,,,,,,,,
14/08/2023 23:00,,,,,,,,,,,,,,,,,,,157.39,(vco),157.39,(vco),,,,,,,132170,,,,132170,,
15/08/2023 00:00,11.75,(vau),,,,,0,(vau),8.38,(vc),,,8.38,(vau),,,,,,,,,,,,,,,,,,,,,
15/08/2023 23:00,,,,,,,,,,,,,,,,,,,,,157.19,,,,,,,,,,,,131150,,
16/08/2023 00:00,0,(vau),,,,,0,(vau),10.32,(vc),,,10.32,(vau),,,,,,,,,,,,,,,,,,,,,
16/08/2023 23:00,,,,,,,,,,,,,,,,,,,,,156.72,,,,,,,,,,,,128810,,
17/08/2023 00:00,0,(vau),,,,,0,(vau),10.51,(vc),,,10.51,(vau),,,,,,,,,,,,,,,,,,,,,
17/08/2023 23:00,,,,,,,,,,,,,,,,,,,,,156.33,,,,,,,,,,,,126880,,
18/08/2023 00:00,20.21,(vau),,,,,0,(vau),10.53,(vc),,,10.53,(vau),,,,,,,,,,,,,,,,,,,,,
18/08/2023 23:00,,,,,,,,,,,,,,,,,,,,,156.4,,,,,,,,,,,,127240,,
19/08/2023 00:00,61.54,(vau),,,,,0,(vau),8.38,(vc),,,8.38,(vau),,,,,,,,,,,,,,,,,,,,,
19/08/2023 23:00,,,,,,,,,,,,,,,,,,,,,157.33,,,,,,,,,,,,131830,,
20/08/2023 00:00,14.54,(vau),,,,,0,(vau),9.66,(vc),,,9.66,(vau),,,,,,,,,,,,,,,,,,,,,
20/08/2023 23:00,,,,,,,,,,,,,,,,,,,,,157.35,,,,,,,,,,,,131950,,
21/08/2023 00:00,17.09,(vau),,,,,0,(vau),11.24,(vc),,,11.24,(vau),,,,,,,,,,,,,,,,,,,,,
21/08/2023 23:00,,,,,,,,,,,,,,,,,,,157.3,(vco),157.42,,,,,,,,131710,,,,131710,,
22/08/2023 00:00,19.24,(vau),,,,,0,(vau),17.71,(vc),,,17.71,(vau),,,,,,,,,,,,,,,,,,,,,
22/08/2023 23:00,,,,,,,,,,,,,,,,,,,,,157.5,,,,,,,,,,,,132720,,
23/08/2023 00:00,0,(vau),,,,,0,(vau),9.92,(vc),,,9.92,(vau),,,,,,,,,,,,,,,,,,,,,
23/08/2023 23:00,,,,,,,,,,,,,,,,,,,,,157.26,,,,,,,,,,,,131490,,
24/08/2023 00:00,11.45,(vau),,,,,0,(vau),10.65,(vc),,,10.65,(vau),,,,,,,,,,,,,,,,,,,,,
24/08/2023 23:00,,,,,,,,,,,,,,,,,,,,,157.19,,,,,,,,,,,,131150,,
25/08/2023 00:00,16.99,(vau),,,,,0,(vau),11.75,(vc),,,11.75,(vau),,,,,,,,,,,,,,,,,,,,,
25/08/2023 23:00,,,,,,,,,,,,,,,,,,,,,157.24,,,,,,,,,,,,131410,,
26/08/2023 00:00,19.7,(vau),,,,,0,(vau),7.97,(vc),,,7.97,(vau),,,,,,,,,,,,,,,,,,,,,
26/08/2023 23:00,,,,,,,,,,,,,,,,,,,,,157.45,,,,,,,,,,,,132440,,
27/08/2023 00:00,0,(vau),,,,,0,(vau),8.33,(vc),,,8.33,(vau),,,,,,,,,,,,,,,,,,,,,
27/08/2023 23:00,,,,,,,,,,,,,,,,,,,,,156.3,,,,,,,,,,,,126730,,
28/08/2023 00:00,0,(vau),,,,,0,(vau),10.57,(vc),,,10.57,(vau),,,,,,,,,,,,,,,,,,,,,
28/08/2023 23:00,,,,,,,,,,,,,,,,,,,156.59,(vco),155.94,,,,,,,,128170,,,,128170,,
29/08/2023 00:00,11.21,(vau),,,,,0,(vau),9.99,(vc),,,9.99,(vau),,,,,,,,,,,,,,,,,,,,,
29/08/2023 23:00,,,,,,,,,,,,,,,,,,,,,155.94,,,,,,,,,,,,124930,,
30/08/2023 00:00,56.09,(vau),,,,,0,(vau),10.79,(vc),,,10.79,(vau),,,,,,,,,,,,,,,,,,,,,
30/08/2023 23:00,,,,,,,,,,,,,,,,,,,,,156.84,,,,,,,,,,,,129430,,
31/08/2023 00:00,32.17,(vau),,,,,0,(vau),10.71,(vc),,,10.71,(vau),,,,,,,,,,,,,,,,,,,,,
31/08/2023 23:00,,,,,,,,,,,,,,,,,,,156.85,(vco),156.85,(vco),,,,,,,129443,,129443,,129443,,
01/09/2023 00:00,0,(vau),21.11,(vc),,,0,(vau),10.73,(vc),,,10.73,(vau),,,,,,,,,,,,,54717.12,(vc),,,,,,,
01/09/2023 23:00,,,,,,,,,,,,,,,,,,,,,156.64,,,,,,,,,,,,128430,,
02/09/2023 00:00,0.11,(vau),,,,,0,(vau),9.38,(vc),,,9.38,(vau),,,,,,,,,,,,,,,,,,,,,
02/09/2023 23:00,,,,,,,,,,,,,,,,,,,,,156.51,,,,,,,,,,,,127770,,
03/09/2023 00:00,0,(vau),,,,,0,(vau),7.6,(vc),,,7.6,(vau),,,,,,,,,,,,,,,,,,,,,
03/09/2023 23:00,,,,,,,,,,,,,,,,,,,,,156.05,,,,,,,,,,,,125480,,
04/09/2023 00:00,0,(vau),,,,,0,(vau),8.54,(vc),,,8.54,(vau),,,,,,,,,,,,,,,,,,,,,
04/09/2023 23:00,,,,,,,,,,,,,,,,,,,155.67,(vco),155.67,(vco),,,,,,,124000,,,,124000,,
05/09/2023 00:00,8.17,(vau),,,,,0,(vau),14.04,(vc),,,14.04,(vau),,,,,,,,,,,,,,,,,,,,,
05/09/2023 23:00,,,,,,,,,,,,,,,,,,,,,155.48,,,,,,,,,,,,122700,,
06/09/2023 00:00,25.37,(vau),,,,,0,(vau),9.97,(vc),,,9.97,(vau),,,,,,,,,,,,,,,,,,,,,
06/09/2023 23:00,,,,,,,,,,,,,,,,,,,,,155.8,,,,,,,,,,,,124250,,
07/09/2023 00:00,46.38,(vau),,,,,0,(vau),11.23,(vc),,,11.23,(vau),,,,,,,,,,,,,,,,,,,,,
07/09/2023 23:00,,,,,,,,,,,,,,,,,,,,,156.39,,,,,,,,,,,,127190,,
08/09/2023 00:00,12.47,(vau),,,,,0,(vau),11.07,(vc),,,11.07,(vau),,,,,,,,,,,,,,,,,,,,,
08/09/2023 23:00,,,,,,,,,,,,,,,,,,,,,156.43,,,,,,,,,,,,127380,,
09/09/2023 00:00,17.35,(vau),,,,,0,(vau),8.41,(vc),,,8.41,(vau),,,,,,,,,,,,,,,,,,,,,
09/09/2023 23:00,,,,,,,,,,,,,,,,,,,,,156.5,,,,,,,,,,,,127710,,
10/09/2023 00:00,10.77,(vau),,,,,0,(vau),8.48,(vc),,,8.48,(vau),,,,,,,,,,,,,,,,,,,,,
10/09/2023 23:00,,,,,,,,,,,,,,,,,,,,,156.5,,,,,,,,,,,,127730,,
11/09/2023 00:00,45.77,(vau),,,,,0,(vau),10.73,(vc),,,10.73,(vau),,,,,,,,,,,,,,,,,,,,,
11/09/2023 23:00,,,,,,,,,,,,,,,,,,,156.85,(vco),157.01,,,,,,,,129000,,,,129000,,
12/09/2023 00:00,11.18,(vau),,,,,0,(vau),12.31,(vc),,,12.31,(vau),,,,,,,,,,,,,,,,,,,,,
12/09/2023 23:00,,,,,,,,,,,,,,,,,,,,,156.95,,,,,,,,,,,,129960,,
13/09/2023 00:00,17.86,(vau),,,,,0,(vau),10.89,(vc),,,10.89,(vau),,,,,,,,,,,,,,,,,,,,,
13/09/2023 23:00,,,,,,,,,,,,,,,,,,,,,156.99,,,,,,,,,,,,130150,,
14/09/2023 00:00,9.18,(vau),,,,,0,(vau),11.07,(vc),,,11.07,(vau),,,,,,,,,,,,,,,,,,,,,
14/09/2023 23:00,,,,,,,,,,,,,,,,,,,,,156.99,,,,,,,,,,,,130170,,
15/09/2023 00:00,10.2,(vau),,,,,0,(vau),11.14,(vc),,,11.14,(vau),,,,,,,,,,,,,,,,,,,,,
15/09/2023 23:00,,,,,,,,,,,,,,,,,,,,,157.04,,,,,,,,,,,,130430,,
16/09/2023 00:00,31.37,(vau),,,,,0,(vau),10.11,(vc),,,10.11,(vau),,,,,,,,,,,,,,,,,,,,,
16/09/2023 23:00,,,,,,,,,,,,,,,,,,,,,157.35,,,,,,,,,,,,131950,,
17/09/2023 00:00,0,(vau),,,,,0,(vau),11.75,(vc),,,11.75,(vau),,,,,,,,,,,,,,,,,,,,,
17/09/2023 23:00,,,,,,,,,,,,,,,,,,,,,156.12,,,,,,,,,,,,125820,,
18/09/2023 00:00,13.9,(vau),,,,,0,(vau),13.43,(vc),,,13.43,(vau),,,,,,,,,,,,,,,,,,,,,
18/09/2023 23:00,,,,,,,,,,,,,,,,,,,156.12,(vco),156.12,(vco),,,,,,,126000,,,,126000,,
19/09/2023 00:00,3.75,(vau),,,,,0,(vau),10.28,(vc),,,10.28,(vau),,,,,,,,,,,,,,,,,,,,,
19/09/2023 23:00,,,,,,,,,,,,,,,,,,,,,155.95,,,,,,,,,,,,125020,,
20/09/2023 00:00,24.47,(vau),,,,,0,(vau),12.72,(vc),,,12.72,(vau),,,,,,,,,,,,,,,,,,,,,
20/09/2023 23:00,,,,,,,,,,,,,,,,,,,,,156.14,,,,,,,,,,,,125950,,
21/09/2023 00:00,39.61,(vau),,,,,0,(vau),11.13,(vc),,,11.13,(vau),,,,,,,,,,,,,,,,,,,,,
21/09/2023 23:00,,,,,,,,,,,,,,,,,,,,,156.77,,,,,,,,,,,,129080,,
22/09/2023 00:00,9.43,(vau),,,,,0,(vau),11.45,(vc),,,11.45,(vau),,,,,,,,,,,,,,,,,,,,,
22/09/2023 23:00,,,,,,,,,,,,,,,,,,,,,156.8,,,,,,,,,,,,129200,,
23/09/2023 00:00,29.49,(vau),,,,,0,(vau),9.65,(vc),,,9.65,(vau),,,,,,,,,,,,,,,,,,,,,
23/09/2023 23:00,,,,,,,,,,,,,,,,,,,,,157.08,,,,,,,,,,,,130610,,
24/09/2023 00:00,0,(vau),,,,,0,(vau),9.97,(vc),,,9.97,(vau),,,,,,,,,,,,,,,,,,,,,
24/09/2023 23:00,,,,,,,,,,,,,,,,,,,,,156.35,,,,,,,,,,,,126970,,
25/09/2023 00:00,67.95,(vau),,,,,0,(vau),8.66,(vc),,,8.66,(vau),,,,,,,,,,,,,,,,,,,,,
25/09/2023 23:00,,,,,,,,,,,,,,,,,,,156.83,(vco),156.83,(vco),,,,,,,129000,,,,129000,,
26/09/2023 00:00,27.26,(vau),,,,,0,(vau),13.96,(vc),,,13.96,(vau),,,,,,,,,,,,,,,,,,,,,
26/09/2023 23:00,,,,,,,,,,,,,,,,,,,,,157.27,,,,,,,,,,,,131540,,
27/09/2023 00:00,52.89,(vau),,,,,0,(vau),11.35,(vc),,,11.35,(vau),,,,,,,,,,,,,,,,,,,,,
27/09/2023 23:00,,,,,,,,,,,,,,,,,,,,,157.96,,,,,,,,,,,,135010,,
28/09/2023 00:00,46.1,(vau),,,,,0,(vau),9.42,(vc),,,9.42,(vau),,,,,,,,,,,,,,,,,,,,,
28/09/2023 23:00,,,,,,,,,,,,,,,,,,,,,158.52,,,,,,,,,,,,137870,,
29/09/2023 00:00,46.1,(vau),,,,,0,(vau),15.42,(vc),,,15.42,(vau),,,,,,,,,,,,,,,,,,,,,
29/09/2023 23:00,,,,,,,,,,,,,,,,,,,,,159,,,,,,,,,,,,140480,,
30/09/2023 00:00,26.28,(vau),,,,,0,(vau),8.85,(vc),,,8.85,(vau),,,,,,,,,,,,,,,,,,,,,
30/09/2023 23:00,,,,,,,,,,,,,,,,,,,158.97,(vco),158.97,(vco),,,,,,,140000,,140000,,140000,,
01/10/2023 00:00,0,(vau),98.88,(vc),,,0,(vau),9.92,(vc),,,9.92,(vau),,,,,,,,,,,,,264840.19,(vc),,,,,,,
01/10/2023 23:00,,,,,,,,,,,,,,,,,,,,,158.88,,,,,,,,,,,,139830,,
02/10/2023 00:00,24.42,(vau),,,,,0,(vau),17,(vc),,,17,(vau),,,,,,,,,,,,,,,,,,,,,
02/10/2023 23:00,,,,,,,,,,,,,,,,,,,,,158.75,,,,,,,,,,,,139140,,
03/10/2023 00:00,0,(vau),,,,,0,(vau),27.19,(vc),,,27.19,(vau),,,,,,,,,,,,,,,,,,,,,
03/10/2023 23:00,,,,,,,,,,,,,,,,,,,,,158.08,,,,,,,,,,,,135590,,
04/10/2023 00:00,0,(vau),,,,,0,(vau),14.9,(vc),,,14.9,(vau),,,,,,,,,,,,,,,,,,,,,
04/10/2023 23:00,,,,,,,,,,,,,,,,,,,,,157.79,,,,,,,,,,,,134160,,
05/10/2023 00:00,1.96,(vau),,,,,0,(vau),15.82,(vc),,,15.82,(vau),,,,,,,,,,,,,,,,,,,,,
05/10/2023 23:00,,,,,,,,,,,,,,,,,,,,,157.57,,,,,,,,,,,,133050,,
06/10/2023 00:00,0,(vau),,,,,0,(vau),15.51,(vc),,,15.51,(vau),,,,,,,,,,,,,,,,,,,,,
06/10/2023 23:00,,,,,,,,,,,,,,,,,,,,,156.64,,,,,,,,,,,,128390,,
07/10/2023 00:00,1.27,(vau),,,,,0,(vau),12.45,(vc),,,12.45,(vau),,,,,,,,,,,,,,,,,,,,,
07/10/2023 23:00,,,,,,,,,,,,,,,,,,,,,156.41,,,,,,,,,,,,127280,,
08/10/2023 00:00,13.57,(vau),,,,,0,(vau),45.45,(vc),,,45.45,(vau),,,,,,,,,,,,,,,,,,,,,
08/10/2023 23:00,,,,,,,,,,,,,,,,,,,,,155.87,,,,,,,,,,,,124600,,
09/10/2023 00:00,46.93,(vau),,,,,0,(vau),47.79,(vc),,,47.79,(vau),,,,,,,,,,,,,,,,,,,,,
09/10/2023 23:00,,,,,,,,,,,,,,,,,,,155.73,(vco),155.63,,,,,,,,124000,,,,124000,,
10/10/2023 00:00,43.47,(vau),,,,,0,(vau),37.94,(vc),,,37.94,(vau),,,,,,,,,,,,,,,,,,,,,
10/10/2023 23:00,,,,,,,,,,,,,,,,,,,,,155.64,,,,,,,,,,,,123470,,
11/10/2023 00:00,67.85,(vau),,,,,0,(vau),59.69,(vc),,,59.69,(vau),,,,,,,,,,,,,,,,,,,,,
11/10/2023 23:00,,,,,,,,,,,,,,,,,,,,,155.92,,,,,,,,,,,,124870,,
12/10/2023 00:00,5.73,(vau),,,,,0,(vau),43.76,(vc),,,43.76,(vau),,,,,,,,,,,,,,,,,,,,,
12/10/2023 23:00,,,,,,,,,,,,,,,,,,,,,155.2,,,,,,,,,,,,121290,,
13/10/2023 00:00,69.67,(vau),,,,,0,(vau),52.12,(vc),,,52.12,(vau),,,,,,,,,,,,,,,,,,,,,
13/10/2023 23:00,,,,,,,,,,,,,,,,,,,,,155.51,,,,,,,,,,,,122840,,
14/10/2023 00:00,131.22,(vau),,,,,0,(vau),68,(vc),,,68,(vau),,,,,,,,,,,,,,,,,,,,,
14/10/2023 23:00,,,,,,,,,,,,,,,,,,,,,156.57,,,,,,,,,,,,128070,,
15/10/2023 00:00,47.75,(vau),,,,,0,(vau),68,(vc),,,68,(vau),,,,,,,,,,,,,,,,,,,,,
15/10/2023 23:00,,,,,,,,,,,,,,,,,,,,,156.21,,,,,,,,,,,,126270,,
16/10/2023 00:00,115.62,(vau),,,,,0,(vau),68,(vc),,,68,(vau),,,,,,,,,,,,,,,,,,,,,
16/10/2023 23:00,,,,,,,,,,,,,,,,,,,156.24,(vco),156.24,(vco),,,,,,,126000,,,,126000,,
17/10/2023 00:00,94.89,(vau),,,,,0,(vau),68,(vc),,,68,(vau),,,,,,,,,,,,,,,,,,,,,
17/10/2023 23:00,,,,,,,,,,,,,,,,,,,,,157.6,,,,,,,,,,,,133210,,
18/10/2023 00:00,59.17,(vau),,,,,0,(vau),68,(vc),,,68,(vau),,,,,,,,,,,,,,,,,,,,,
18/10/2023 23:00,,,,,,,,,,,,,,,,,,,,,157.51,,,,,,,,,,,,132750,,
19/10/2023 00:00,124.66,(vau),,,,,0,(vau),68,(vc),,,68,(vau),,,,,,,,,,,,,,,,,,,,,
19/10/2023 23:00,,,,,,,,,,,,,,,,,,,,,158.43,,,,,,,,,,,,137440,,
20/10/2023 00:00,19.97,(vau),,,,,0,(vau),66.02,(vc),,,66.02,(vau),,,,,,,,,,,,,,,,,,,,,
20/10/2023 23:00,,,,,,,,,,,,,,,,,,,,,157.57,,,,,,,,,,,,133070,,
21/10/2023 00:00,105.73,(vau),,,,,0,(vau),68,(vc),,,68,(vau),,,,,,,,,,,,,,,,,,,,,
21/10/2023 23:00,,,,,,,,,,,,,,,,,,,,,158.37,,,,,,,,,,,,137080,,
22/10/2023 00:00,145.07,(vau),,,,,0,(vau),66.18,(vc),,,66.18,(vau),,,,,,,,,,,,,,,,,,,,,
22/10/2023 23:00,,,,,,,,,,,,,,,,,,,,,159.57,,,,,,,,,,,,143750,,
23/10/2023 00:00,140.99,(vau),,,,,0,(vau),65.73,(vc),,,65.73,(vau),,,,,,,,,,,,,,,,,,,,,
23/10/2023 23:00,,,,,,,,,,,,,,,,,,,159.73,(vco),160.59,,,,,,,,145000,,,,145000,,
24/10/2023 00:00,41.49,(vau),,,,,0,(vau),68,(vc),,,68,(vau),,,,,,,,,,,,,,,,,,,,,
24/10/2023 23:00,,,,,,,,,,,,,,,,,,,,,160.25,,,,,,,,,,,,148400,,
25/10/2023 00:00,97.82,(vau),,,,,0,(vau),67.6,(vc),,,67.6,(vau),,,,,,,,,,,,,,,,,,,,,
25/10/2023 23:00,,,,,,,,,,,,,,,,,,,,,160.93,,,,,,,,,,,,152000,,
26/10/2023 00:00,248.96,(vau),,,,,165.97,(vau),233.97,(vc),,,68,(vau),,,,,,,,,,,,,,,,,,,,,
26/10/2023 23:00,,,,,,,,,,,,,,,,,,,,,161.27,,,,,,,,,,,,153560,,
27/10/2023 00:00,221.33,(vau),,,,,165.94,(vau),233.94,(vc),,,68,(vau),,,,,,,,,,,,,,,,,,,,,
27/10/2023 23:00,,,,,,,,,,,,,,,,,,,,,161,,,,,,,,,,,,152300,,
28/10/2023 00:00,278.03,(vau),,,,,210.31,(vau),278.31,(vc),,,68,(vau),,,,,,,,,,,,,,,,,,,,,
28/10/2023 23:00,,,,,,,,,,,,,,,,,,,,,161.2,,,,,,,,,,,,153170,,
29/10/2023 00:00,345.2,(vau),,,,,259.84,(vau),327.84,(vc),,,68,(vau),,,,,,,,,,,,,,,,,,,,,
29/10/2023 23:00,,,,,,,,,,,,,,,,,,,,,161.51,,,,,,,,,,,,154920,,
30/10/2023 00:00,287.99,(vau),,,,,246.76,(vau),314.76,(vc),,,68,(vau),,,,,,,,,,,,,,,,,,,,,
30/10/2023 23:00,,,,,,,,,,,,,,,,,,,,,160.93,,,,,,,,,,,,152000,,
31/10/2023 00:00,284.41,(vau),,,,,221.98,(vau),289.75,(vc),,,67.76,(vau),,,,,,,,,,,,,,,,,,,,,
31/10/2023 23:00,,,,,,,,,,,,,,,,,,,160.77,(vco),160.77,(vco),,,,,,,151000,,151000,,151000,,
01/11/2023 00:00,95.84,(vau),142.7,(vc),,,21.48,(vau),89.48,(vc),,,68,(vau),,,,,,,,,,,,,369878.4,(vc),,,,,,,
01/11/2023 23:00,,,,,,,,,,,,,,,,,,,,,161.09,,,,,,,,,,,,152710,,
02/11/2023 00:00,243.7,(vau),,,,,179.85,(vau),247.85,(vc),,,68,(vau),,,,,,,,,,,,,,,,,,,,,
02/11/2023 23:00,,,,,,,,,,,,,,,,,,,,,160.89,,,,,,,,,,,,151830,,
03/11/2023 00:00,128.88,(vau),,,,,64.67,(vau),132.67,(vc),,,68,(vau),,,,,,,,,,,,,,,,,,,,,
03/11/2023 23:00,,,,,,,,,,,,,,,,,,,,,160.87,,,,,,,,,,,,151760,,
04/11/2023 00:00,427.64,(vau),,,,,332.36,(vau),400.36,(vc),,,68,(vau),,,,,,,,,,,,,,,,,,,,,
04/11/2023 23:00,,,,,,,,,,,,,,,,,,,,,161.43,,,,,,,,,,,,154390,,
05/11/2023 00:00,152.86,(vau),,,,,77.56,(vau),145.56,(vc),,,68,(vau),,,,,,,,,,,,,,,,,,,,,
05/11/2023 23:00,,,,,,,,,,,,,,,,,,,,,161.5,,,,,,,,,,,,154840,,
06/11/2023 00:00,269.25,(vau),,,,,196.95,(vau),264.95,(vc),,,68,(vau),,,,,,,,,,,,,,,,,,,,,
06/11/2023 23:00,,,,,,,,,,,,,,,,,,,,,161.49,,,,,,,,,,,,154760,,
07/11/2023 00:00,319.85,(vau),,,,,280.68,(vau),330.39,(vc),,,49.71,(vau),,,,,,,,,,,,,,,,,,,,,
07/11/2023 23:00,,,,,,,,,,,,,,,,,,,,,161.3,,,,,,,,,,,,153690,,
08/11/2023 00:00,355.43,(vau),,,,,299.04,(vau),367.04,(vc),,,68,(vau),,,,,,,,,,,,,,,,,,,,,
08/11/2023 23:00,,,,,,,,,,,,,,,,,,,,,161.15,,,,,,,,,,,,152960,,
09/11/2023 00:00,233.83,(vau),,,,,194.73,(vau),262.1,(vc),,,67.36,(vau),,,,,,,,,,,,,,,,,,,,,
09/11/2023 23:00,,,,,,,,,,,,,,,,,,,,,160.4,,,,,,,,,,,,149440,,
10/11/2023 00:00,17.5,(vau),,,,,0,(vau),68,(vc),,,68,(vau),,,,,,,,,,,,,,,,,,,,,
10/11/2023 23:00,,,,,,,,,,,,,,,,,,,,,159.75,,,,,,,,,,,,144790,,
11/11/2023 00:00,0,(vau),,,,,0,(vau),68,(vc),,,68,(vau),,,,,,,,,,,,,,,,,,,,,
11/11/2023 23:00,,,,,,,,,,,,,,,,,,,,,158.21,,,,,,,,,,,,136250,,
12/11/2023 00:00,76.56,(vau),,,,,0,(vau),67.99,(vc),,,67.99,(vau),,,,,,,,,,,,,,,,,,,,,
12/11/2023 23:00,,,,,,,,,,,,,,,,,,,,,158.42,,,,,,,,,,,,137390,,
13/11/2023 00:00,264.27,(vau),,,,,0,(vau),68,(vc),,,68,(vau),,,,,,,,,,,,,,,,,,,,,
13/11/2023 23:00,,,,,,,,,,,,,,,,,,,159.65,(vco),159.65,(vco),,,,,,,144000,,,,144000,,
14/11/2023 00:00,218.04,(vau),,,,,156.79,(vau),224.79,(vc),,,68,(vau),,,,,,,,,,,,,,,,,,,,,
14/11/2023 23:00,,,,,,,,,,,,,,,,,,,,,161.41,,,,,,,,,,,,154300,,
15/11/2023 00:00,286.62,(vau),,,,,201.33,(vau),269.33,(vc),,,68,(vau),,,,,,,,,,,,,,,,,,,,,
15/11/2023 23:00,,,,,,,,,,,,,,,,,,,,,161.65,,,,,,,,,,,,155910,,
16/11/2023 00:00,235.06,(vau),,,,,186.42,(vau),254.42,(vc),,,68,(vau),,,,,,,,,,,,,,,,,,,,,
16/11/2023 23:00,,,,,,,,,,,,,,,,,,,,,161.38,,,,,,,,,,,,154120,,
17/11/2023 00:00,56.85,(vau),,,,,19.84,(vau),87.84,(vc),,,68,(vau),,,,,,,,,,,,,,,,,,,,,
17/11/2023 23:00,,,,,,,,,,,,,,,,,,,,,160.93,,,,,,,,,,,,151980,,
18/11/2023 00:00,26.77,(vau),,,,,0,(vau),68,(vc),,,68,(vau),,,,,,,,,,,,,,,,,,,,,
18/11/2023 23:00,,,,,,,,,,,,,,,,,,,,,160.11,,,,,,,,,,,,147280,,
19/11/2023 00:00,0,(vau),,,,,0,(vau),68,(vc),,,68,(vau),,,,,,,,,,,,,,,,,,,,,
19/11/2023 23:00,,,,,,,,,,,,,,,,,,,,,159,,,,,,,,,,,,140500,,
20/11/2023 00:00,112.62,(vau),,,,,0,(vau),68,(vc),,,68,(vau),,,,,,,,,,,,,,,,,,,,,
20/11/2023 23:00,,,,,,,,,,,,,,,,,,,159.69,(vco),159.69,(vco),,,,,,,144000,,,,144000,,
21/11/2023 00:00,8.87,(vau),,,,,0,(vau),67.14,(vc),,,67.14,(vau),,,,,,,,,,,,,,,,,,,,,
21/11/2023 23:00,,,,,,,,,,,,,,,,,,,,,158.9,,,,,,,,,,,,139950,,
22/11/2023 00:00,90.26,(vau),,,,,0,(vau),68,(vc),,,68,(vau),,,,,,,,,,,,,,,,,,,,,
22/11/2023 23:00,,,,,,,,,,,,,,,,,,,,,159.15,,,,,,,,,,,,141360,,
23/11/2023 00:00,55.98,(vau),,,,,0,(vau),65.52,(vc),,,65.52,(vau),,,,,,,,,,,,,,,,,,,,,
23/11/2023 23:00,,,,,,,,,,,,,,,,,,,,,158.89,,,,,,,,,,,,139920,,
24/11/2023 00:00,35.99,(vau),,,,,0,(vau),68,(vc),,,68,(vau),,,,,,,,,,,,,,,,,,,,,
24/11/2023 23:00,,,,,,,,,,,,,,,,,,,,,158.53,,,,,,,,,,,,137970,,
25/11/2023 00:00,147.98,(vau),,,,,0,(vau),68,(vc),,,68,(vau),,,,,,,,,,,,,,,,,,,,,
25/11/2023 23:00,,,,,,,,,,,,,,,,,,,,,159.68,,,,,,,,,,,,144400,,
26/11/2023 00:00,138.84,(vau),,,,,0,(vau),68,(vc),,,68,(vau),,,,,,,,,,,,,,,,,,,,,
26/11/2023 23:00,,,,,,,,,,,,,,,,,,,,,160.47,,,,,,,,,,,,149820,,
27/11/2023 00:00,67.09,(vau),,,,,0,(vau),67.94,(vc),,,67.94,(vau),,,,,,,,,,,,,,,,,,,,,
27/11/2023 23:00,,,,,,,,,,,,,,,,,,,160.18,(vco),160.18,(vco),,,,,,,148000,,,,148000,,
28/11/2023 00:00,87.69,(vau),,,,,0,(vau),68,(vc),,,68,(vau),,,,,,,,,,,,,,,,,,,,,
28/11/2023 23:00,,,,,,,,,,,,,,,,,,,,,160.52,,,,,,,,,,,,150090,,
29/11/2023 00:00,81.68,(vau),,,,,0,(vau),63.51,(vc),,,63.51,(vau),,,,,,,,,,,,,,,,,,,,,
29/11/2023 23:00,,,,,,,,,,,,,,,,,,,,,161.33,,,,,,,,,,,,153830,,
30/11/2023 00:00,45.1,(vau),,,,,0,(vau),68,(vc),,,68,(vau),,,,,,,,,,,,,,,,,,,,,
30/11/2023 23:00,,,,,,,,,,,,,,,,,,,160.6,(vco),160.6,(vco),,,,,,,151000,,151000,,151000,,
01/12/2023 00:00,0,(vau),,,,,0,(vau),64.76,(vc),,,64.76,(vau),,,,,,,,,,,,,,,,,,,,,
01/12/2023 23:00,,,,,,,,,,,,,,,,,,,,,159.71,,,,,,,,,,,,144570,,
02/12/2023 00:00,58.29,(vau),,,,,0,(vau),67.95,(vc),,,67.95,(vau),,,,,,,,,,,,,,,,,,,,,
02/12/2023 23:00,,,,,,,,,,,,,,,,,,,,,159.71,,,,,,,,,,,,144570,,
03/12/2023 00:00,61.84,(vau),,,,,0,(vau),68,(vc),,,68,(vau),,,,,,,,,,,,,,,,,,,,,
03/12/2023 23:00,,,,,,,,,,,,,,,,,,,,,159.42,,,,,,,,,,,,142860,,
04/12/2023 00:00,52.15,(vau),,,,,0,(vau),67.3,(vc),,,67.3,(vau),,,,,,,,,,,,,,,,,,,,,
04/12/2023 23:00,,,,,,,,,,,,,,,,,,,158.96,(vco),158.96,(vco),,,,,,,140000,,,,140000,,
05/12/2023 00:00,108.39,(vau),,,,,0,(vau),68,(vc),,,68,(vau),,,,,,,,,,,,,,,,,,,,,
05/12/2023 23:00,,,,,,,,,,,,,,,,,,,,,159.87,,,,,,,,,,,,145520,,
06/12/2023 00:00,129.58,(vau),,,,,0,(vau),68,(vc),,,68,(vau),,,,,,,,,,,,,,,,,,,,,
06/12/2023 23:00,,,,,,,,,,,,,,,,,,,,,160.54,,,,,,,,,,,,150200,,
07/12/2023 00:00,215.61,(vau),,,,,95.26,(vau),163.26,(vc),,,68,(vau),,,,,,,,,,,,,,,,,,,,,
07/12/2023 23:00,,,,,,,,,,,,,,,,,,,,,161.56,,,,,,,,,,,,155250,,
08/12/2023 00:00,105.56,(vau),,,,,49.88,(vau),108.04,(vc),,,58.15,(vau),,,,,,,,,,,,,,,,,,,,,
08/12/2023 23:00,,,,,,,,,,,,,,,,,,,,,161.59,,,,,,,,,,,,155450,,
09/12/2023 00:00,38.8,(vau),,,,,0,(vau),61.21,(vc),,,61.21,(vau),,,,,,,,,,,,,,,,,,,,,
09/12/2023 23:00,,,,,,,,,,,,,,,,,,,,,161.17,,,,,,,,,,,,153080,,
10/12/2023 00:00,104.46,(vau),,,,,0,(vau),68,(vc),,,68,(vau),,,,,,,,,,,,,,,,,,,,,
10/12/2023 23:00,,,,,,,,,,,,,,,,,,,,,161.64,,,,,,,,,,,,155800,,
11/12/2023 00:00,116.51,(vau),,,,,24.78,(vau),92.78,(vc),,,68,(vau),,,,,,,,,,,,,,,,,,,,,
11/12/2023 23:00,,,,,,,,,,,,,,,,,,,161.54,(vco),161.8,,,,,,,,155000,,,,155000,,
12/12/2023 00:00,118.43,(vau),,,,,55.43,(vau),122.98,(vc),,,67.55,(vau),,,,,,,,,,,,,,,,,,,,,
12/12/2023 23:00,,,,,,,,,,,,,,,,,,,,,161.51,,,,,,,,,,,,154920,,
13/12/2023 00:00,23.32,(vau),,,,,0,(vau),55.48,(vc),,,55.48,(vau),,,,,,,,,,,,,,,,,,,,,
13/12/2023 23:00,,,,,,,,,,,,,,,,,,,,,160.92,,,,,,,,,,,,151960,,
14/12/2023 00:00,64.89,(vau),,,,,0,(vau),63.06,(vc),,,63.06,(vau),,,,,,,,,,,,,,,,,,,,,
14/12/2023 23:00,,,,,,,,,,,,,,,,,,,,,160.91,,,,,,,,,,,,151910,,
15/12/2023 00:00,73.41,(vau),,,,,0,(vau),68,(vc),,,68,(vau),,,,,,,,,,,,,,,,,,,,,
15/12/2023 23:00,,,,,,,,,,,,,,,,,,,,,160.83,,,,,,,,,,,,151590,,
16/12/2023 00:00,76.41,(vau),,,,,0,(vau),68,(vc),,,68,(vau),,,,,,,,,,,,,,,,,,,,,
16/12/2023 23:00,,,,,,,,,,,,,,,,,,,,,160.9,,,,,,,,,,,,151890,,
17/12/2023 00:00,65.7,(vau),,,,,0,(vau),68,(vc),,,68,(vau),,,,,,,,,,,,,,,,,,,,,
17/12/2023 23:00,,,,,,,,,,,,,,,,,,,,,160.7,,,,,,,,,,,,151010,,
18/12/2023 00:00,114.33,(vau),,,,,0,(vau),68,(vc),,,68,(vau),,,,,,,,,,,,,,,,,,,,,
18/12/2023 23:00,,,,,,,,,,,,,,,,,,,160.6,(vco),160.6,(vco),,,,,,,151000,,,,151000,,
19/12/2023 00:00,72.57,(vau),,,,,0,(vau),68,(vc),,,68,(vau),,,,,,,,,,,,,,,,,,,,,
19/12/2023 23:00,,,,,,,,,,,,,,,,,,,,,161.27,,,,,,,,,,,,153540,,
20/12/2023 00:00,86.18,(vau),,,,,0,(vau),68,(vc),,,68,(vau),,,,,,,,,,,,,,,,,,,,,
20/12/2023 23:00,,,,,,,,,,,,,,,,,,,,,161.56,,,,,,,,,,,,155250,,
21/12/2023 00:00,47.28,(vau),,,,,0,(vau),68,(vc),,,68,(vau),,,,,,,,,,,,,,,,,,,,,
21/12/2023 23:00,,,,,,,,,,,,,,,,,,,,,161.26,,,,,,,,,,,,153470,,
22/12/2023 00:00,40.71,(vau),,,,,0,(vau),68,(vc),,,68,(vau),,,,,,,,,,,,,,,,,,,,,
22/12/2023 23:00,,,,,,,,,,,,,,,,,,,,,160.85,,,,,,,,,,,,151650,,
23/12/2023 00:00,105.79,(vau),,,,,0,(vau),68,(vc),,,68,(vau),,,,,,,,,,,,,,,,,,,,,
23/12/2023 23:00,,,,,,,,,,,,,,,,,,,,,161.34,,,,,,,,,,,,153900,,
24/12/2023 00:00,64.53,(vau),,,,,0,(vau),68,(vc),,,68,(vau),,,,,,,,,,,,,,,,,,,,,
24/12/2023 23:00,,,,,,,,,,,,,,,,,,,,,161.16,,,,,,,,,,,,153000,,
25/12/2023 00:00,97.72,(vau),,,,,0,(vau),68,(vc),,,68,(vau),,,,,,,,,,,,,,,,,,,,,
25/12/2023 23:00,,,,,,,,,,,,,,,,,,,,,161.53,,,,,,,,,,,,155070,,
26/12/2023 00:00,80.79,(vau),,,,,0,(vau),67.28,(vc),,,67.28,(vau),,,,,,,,,,,,,,,,,,,,,
26/12/2023 23:00,,,,,,,,,,,,,,,,,,,,,161.74,,,,,,,,,,,,156610,,
27/12/2023 23:00,,,,,,,,,,,,,,,,,,,,,161.74,,,,,,,,,,,,156670,,
28/12/2023 00:00,156.45,(vau),,,,,77.07,(vau),145.07,(vc),,,68,(vau),,,,,,,,,,,,,,,,,,,,,
28/12/2023 23:00,,,,,,,,,,,,,,,,,,,,,161.83,,,,,,,,,,,,157450,,
29/12/2023 00:00,196,(vau),,,,,158.23,(vau),226.23,(vc),,,68,(vau),,,,,,,,,,,,,,,,,,,,,
29/12/2023 23:00,,,,,,,,,,,,,,,,,,,,,161.48,,,,,,,,,,,,154740,,
30/12/2023 00:00,65.52,(vau),,,,,17.66,(vau),84.63,(vc),,,66.98,(vau),,,,,,,,,,,,,,,,,,,,,
30/12/2023 23:00,,,,,,,,,,,,,,,,,,,,,161.17,,,,,,,,,,,,153080,,
31/12/2023 00:00,0,(vau),,,,,0,(vau),68,(vc),,,68,(vau),,,,,,,,,,,,,,,,,,,,,
31/12/2023 23:00,,,,,,,,,,,,,,,,,,,160.09,(vco),160,,,,,,,,147130,,147130,,147130,,
01/01/2024 00:00,64.5,(vau),,,,,0,(vau),67.82,(vc),,,67.82,(vau),,,,,,,,,,,,,,,,,,,,,
01/01/2024 23:00,,,,,,,,,,,,,,,,,,,,,159.83,,,,,,,,,,,,145260,,
02/01/2024 00:00,48.3,(vau),,,,,0,(vau),66.9,(vc),,,66.9,(vau),,,,,,,,,,,,,,,,,,,,,
02/01/2024 23:00,,,,,,,,,,,,,,,,,,,,,159.54,,,,,,,,,,,,143540,,
03/01/2024 00:00,136.46,(vau),,,,,0,(vau),62.87,(vc),,,62.87,(vau),,,,,,,,,,,,,,,,,,,,,
03/01/2024 23:00,,,,,,,,,,,,,,,,,,,,,160.95,,,,,,,,,,,,152100,,
04/01/2024 00:00,145.56,(vau),,,,,67.38,(vau),135.38,(vc),,,68,(vau),,,,,,,,,,,,,,,,,,,,,
04/01/2024 23:00,,,,,,,,,,,,,,,,,,,,,161.23,,,,,,,,,,,,153340,,
05/01/2024 00:00,67.11,(vau),,,,,0,(vau),66.6,(vc),,,66.6,(vau),,,,,,,,,,,,,,,,,,,,,
05/01/2024 23:00,,,,,,,,,,,,,,,,,,,,,161.51,,,,,,,,,,,,154920,,
06/01/2024 00:00,62.28,(vau),,,,,0,(vau),68,(vc),,,68,(vau),,,,,,,,,,,,,,,,,,,,,
06/01/2024 23:00,,,,,,,,,,,,,,,,,,,,,161.4,,,,,,,,,,,,154240,,
07/01/2024 00:00,75.8,(vau),,,,,0,(vau),68,(vc),,,68,(vau),,,,,,,,,,,,,,,,,,,,,
07/01/2024 23:00,,,,,,,,,,,,,,,,,,,,,161.51,,,,,,,,,,,,154930,,
08/01/2024 00:00,101.76,(vau),,,,,15.72,(vau),83.72,(vc),,,68,(vau),,,,,,,,,,,,,,,,,,,,,
08/01/2024 23:00,,,,,,,,,,,,,,,,,,,161.29,(vco),161.71,,,,,,,,154000,,,,154000,,
09/01/2024 00:00,180.34,(vau),,,,,108.83,(vau),176.83,(vc),,,68,(vau),,,,,,,,,,,,,,,,,,,,,
09/01/2024 23:00,,,,,,,,,,,,,,,,,,,,,161.58,,,,,,,,,,,,155380,,
10/01/2024 00:00,116.25,(vau),,,,,69.96,(vau),137.96,(vc),,,68,(vau),,,,,,,,,,,,,,,,,,,,,
10/01/2024 23:00,,,,,,,,,,,,,,,,,,,,,161.27,,,,,,,,,,,,153550,,
11/01/2024 00:00,131.11,(vau),,,,,40.23,(vau),108.23,(vc),,,68,(vau),,,,,,,,,,,,,,,,,,,,,
11/01/2024 23:00,,,,,,,,,,,,,,,,,,,,,161.48,,,,,,,,,,,,154710,,
12/01/2024 00:00,102.21,(vau),,,,,39.94,(vau),107.94,(vc),,,68,(vau),,,,,,,,,,,,,,,,,,,,,
12/01/2024 23:00,,,,,,,,,,,,,,,,,,,,,161.32,,,,,,,,,,,,153820,,
13/01/2024 00:00,105.04,(vau),,,,,39.88,(vau),107.88,(vc),,,68,(vau),,,,,,,,,,,,,,,,,,,,,
13/01/2024 23:00,,,,,,,,,,,,,,,,,,,,,161.16,,,,,,,,,,,,153010,,
14/01/2024 00:00,133.9,(vau),,,,,40.02,(vau),108.02,(vc),,,68,(vau),,,,,,,,,,,,,,,,,,,,,
14/01/2024 23:00,,,,,,,,,,,,,,,,,,,,,161.39,,,,,,,,,,,,154210,,
15/01/2024 00:00,156.2,(vau),,,,,70.17,(vau),138.17,(vc),,,68,(vau),,,,,,,,,,,,,,,,,,,,,
15/01/2024 23:00,,,,,,,,,,,,,,,,,,,160.91,(vco),160.91,(vco),,,,,,,152000,,,,152000,,
16/01/2024 00:00,226.92,(vau),,,,,187.74,(vau),254.91,(vc),,,67.18,(vau),,,,,,,,,,,,,,,,,,,,,
16/01/2024 23:00,,,,,,,,,,,,,,,,,,,,,161.04,,,,,,,,,,,,152460,,
17/01/2024 00:00,189.19,(vau),,,,,120.31,(vau),188.05,(vc),,,67.74,(vau),,,,,,,,,,,,,,,,,,,,,
17/01/2024 23:00,,,,,,,,,,,,,,,,,,,,,160.91,,,,,,,,,,,,151910,,
18/01/2024 00:00,203.9,(vau),,,,,116.24,(vau),183.51,(vc),,,67.27,(vau),,,,,,,,,,,,,,,,,,,,,
18/01/2024 23:00,,,,,,,,,,,,,,,,,,,,,161.08,,,,,,,,,,,,152640,,
19/01/2024 00:00,242.18,(vau),,,,,149.81,(vau),217.81,(vc),,,68,(vau),,,,,,,,,,,,,,,,,,,,,
19/01/2024 23:00,,,,,,,,,,,,,,,,,,,,,161.32,,,,,,,,,,,,153810,,
20/01/2024 00:00,223.51,(vau),,,,,137.08,(vau),205.07,(vc),,,68,(vau),,,,,,,,,,,,,,,,,,,,,
20/01/2024 23:00,,,,,,,,,,,,,,,,,,,,,161.45,,,,,,,,,,,,154530,,
21/01/2024 00:00,0,(vau),,,,,14.83,(vau),82.83,(vc),,,68,(vau),,,,,,,,,,,,,,,,,,,,,
21/01/2024 23:00,,,,,,,,,,,,,,,,,,,,,159.7,,,,,,,,,,,,144530,,
22/01/2024 00:00,0,(vau),,,,,0,(vau),68,(vc),,,68,(vau),,,,,,,,,,,,,,,,,,,,,
22/01/2024 23:00,,,,,,,,,,,,,,,,,,,159.04,(vco),159.04,(vco),,,,,,,141000,,,,141000,,
23/01/2024 00:00,48.96,(vau),,,,,0,(vau),68,(vc),,,68,(vau),,,,,,,,,,,,,,,,,,,,,
23/01/2024 23:00,,,,,,,,,,,,,,,,,,,,,158.07,,,,,,,,,,,,135570,,
24/01/2024 00:00,101.35,(vau),,,,,0,(vau),68,(vc),,,68,(vau),,,,,,,,,,,,,,,,,,,,,
24/01/2024 23:00,,,,,,,,,,,,,,,,,,,,,158.66,,,,,,,,,,,,138640,,
25/01/2024 00:00,119.24,(vau),,,,,0,(vau),68,(vc),,,68,(vau),,,,,,,,,,,,,,,,,,,,,
25/01/2024 23:00,,,,,,,,,,,,,,,,,,,,,159.38,,,,,,,,,,,,142630,,
26/01/2024 00:00,157.73,(vau),,,,,0,(vau),68,(vc),,,68,(vau),,,,,,,,,,,,,,,,,,,,,
26/01/2024 23:00,,,,,,,,,,,,,,,,,,,,,160.64,,,,,,,,,,,,150690,,
28/01/2024 00:00,51.1,(vau),,,,,0,(vau),68,(vc),,,68,(vau),,,,,,,,,,,,,,,,,,,,,
28/01/2024 23:00,,,,,,,,,,,,,,,,,,,,,159.52,,,,,,,,,,,,143470,,
29/01/2024 00:00,143.15,(vau),,,,,0,(vau),68,(vc),,,68,(vau),,,,,,,,,,,,,,,,,,,,,
29/01/2024 23:00,,,,,,,,,,,,,,,,,,,159.41,(vco),160.43,,,,,,,,142790,,,,142790,,
30/01/2024 00:00,122.19,(vau),,,,,0,(vau),68,(vc),,,68,(vau),,,,,160.4,(vau),,,,,,,,,,,,,,,
30/01/2024 01:00,,,,,,,,,,,,,,,,,,,160.37,(vau),,,,,,,,,,,,,,,
30/01/2024 02:00,,,,,,,,,,,,,,,,,,,160.36,(vau),,,,,,,,,,,,,,,
30/01/2024 03:00,,,,,,,,,,,,,,,,,,,160.32,(vau),,,,,,,,,,,,,,,
30/01/2024 04:00,,,,,,,,,,,,,,,,,,,160.3,(vau),,,,,,,,,,,,,,,
30/01/2024 05:00,,,,,,,,,,,,,,,,,,,160.28,(vau),,,,,,,,,,,,,,,
30/01/2024 06:00,,,,,,,,,,,,,,,,,,,160.29,(vau),,,,,,,,,,,,,,,
30/01/2024 07:00,,,,,,,,,,,,,,,,,,,160.43,(vau),,,,,,,,,,,,,,,
30/01/2024 08:00,,,,,,,,,,,,,,,,,,,160.51,(vau),,,,,,,,,,,,,,,
30/01/2024 09:00,,,,,,,,,,,,,,,,,,,160.63,(vau),,,,,,,,,,,,,,,
30/01/2024 10:00,,,,,,,,,,,,,,,,,,,160.59,(vau),,,,,,,,,,,,,,,
30/01/2024 11:00,,,,,,,,,,,,,,,,,,,160.57,(vau),,,,,,,,,,,,,,,
30/01/2024 12:00,,,,,,,,,,,,,,,,,,,160.58,(vau),,,,,,,,,,,,,,,
30/01/2024 13:00,,,,,,,,,,,,,,,,,,,160.63,(vau),,,,,,,,,,,,,,,
30/01/2024 14:00,,,,,,,,,,,,,,,,,,,160.69,(vau),,,,,,,,,,,,,,,
30/01/2024 15:00,,,,,,,,,,,,,,,,,,,160.6,(vau),,,,,,,,,,,,,,,
30/01/2024 16:00,,,,,,,,,,,,,,,,,,,160.63,(vau),,,,,,,,,,,,,,,
30/01/2024 17:00,,,,,,,,,,,,,,,,,,,160.68,(vau),,,,,,,,,,,,,,,
30/01/2024 18:00,,,,,,,,,,,,,,,,,,,160.81,(vau),,,,,,,,,,,,,,,
30/01/2024 19:00,,,,,,,,,,,,,,,,,,,161.01,(vau),,,,,,,,,,,,,,,
30/01/2024 20:00,,,,,,,,,,,,,,,,,,,161.08,(vau),,,,,,,,,,,,,,,
30/01/2024 21:00,,,,,,,,,,,,,,,,,,,161.28,(vau),,,,,,,,,,,,,,,
30/01/2024 22:00,,,,,,,,,,,,,,,,,,,161.4,(vau),,,,,,,,,,,,,,,
30/01/2024 23:00,,,,,,,,,,,,,,,,,,,160.63,(vdd),160.63,(vdd),,,,,,,150656,,,,150656,,
31/01/2024 00:00,152.24,(vau),,,,,48.05,(vau),116.05,(vc),,,68,(vau),,,,,,,,,,,,,,,,,,,,,
31/01/2024 23:00,,,,,,,,,,,,,,,,,,,,,161.79,,,,,,,,,,157130,,157130,,
01/02/2024 00:00,122.37,(vau),92.53,(vc),,,39.96,(vau),107.96,(vc),,,68,(vau),,,,,,,,,,,,,231843.17,(vc),,,,,,,
01/02/2024 23:00,,,,,,,,,,,,,,,,,,,,,161.72,,,,,,,,,,,,156460,,
02/02/2024 00:00,84.28,(vau),,,,,10.91,(vau),78.91,(vc),,,68,(vau),,,,,161.73,(vau),,,,,,,,,,,,,,,
02/02/2024 01:00,,,,,,,,,,,,,,,,,,,161.72,(vau),,,,,,,,,,,,,,,
02/02/2024 02:00,,,,,,,,,,,,,,,,,,,161.64,(vau),,,,,,,,,,,,,,,
02/02/2024 03:00,,,,,,,,,,,,,,,,,,,161.47,(vau),,,,,,,,,,,,,,,
02/02/2024 04:00,,,,,,,,,,,,,,,,,,,161.31,(vau),,,,,,,,,,,,,,,
02/02/2024 05:00,,,,,,,,,,,,,,,,,,,161.15,(vau),,,,,,,,,,,,,,,
02/02/2024 06:00,,,,,,,,,,,,,,,,,,,161.09,(vau),,,,,,,,,,,,,,,
02/02/2024 07:00,,,,,,,,,,,,,,,,,,,161.09,(vau),,,,,,,,,,,,,,,
02/02/2024 08:00,,,,,,,,,,,,,,,,,,,161.11,(vau),,,,,,,,,,,,,,,
02/02/2024 09:00,,,,,,,,,,,,,,,,,,,161.16,(vau),,,,,,,,,,,,,,,
02/02/2024 10:00,,,,,,,,,,,,,,,,,,,160.99,(vau),,,,,,,,,,,,,,,
02/02/2024 11:00,,,,,,,,,,,,,,,,,,,160.89,(vau),,,,,,,,,,,,,,,
02/02/2024 12:00,,,,,,,,,,,,,,,,,,,160.82,(vau),,,,,,,,,,,,,,,
02/02/2024 13:00,,,,,,,,,,,,,,,,,,,160.64,(vau),,,,,,,,,,,,,,,
02/02/2024 14:00,,,,,,,,,,,,,,,,,,,160.46,(vau),,,,,,,,,,,,,,,
02/02/2024 15:00,,,,,,,,,,,,,,,,,,,160.35,(vau),,,,,,,,,,,,,,,
02/02/2024 16:00,,,,,,,,,,,,,,,,,,,160.15,(vau),,,,,,,,,,,,,,,
02/02/2024 17:00,,,,,,,,,,,,,,,,,,,160.21,(vau),,,,,,,,,,,,,,,
02/02/2024 18:00,,,,,,,,,,,,,,,,,,,160.36,(vau),,,,,,,,,,,,,,,
02/02/2024 19:00,,,,,,,,,,,,,,,,,,,160.43,(vau),,,,,,,,,,,,,,,
02/02/2024 20:00,,,,,,,,,,,,,,,,,,,160.46,(vau),,,,,,,,,,,,,,,
02/02/2024 21:00,,,,,,,,,,,,,,,,,,,160.58,(vau),,,,,,,,,,,,,,,
02/02/2024 22:00,,,,,,,,,,,,,,,,,,,160.57,(vau),,,,,,,,,,,,,,,
02/02/2024 23:00,,,,,,,,,,,,,,,,,,,160.6,(vau),160.6,(vau),,,,,,,,,,,150499,,
03/02/2024 00:00,111.61,(vau),,,,,0,(vau),68,(vc),,,68,(vau),,,,,160.67,(vau),,,,,,,,,,,,,,,
03/02/2024 01:00,,,,,,,,,,,,,,,,,,,160.72,(vau),,,,,,,,,,,,,,,
03/02/2024 02:00,,,,,,,,,,,,,,,,,,,160.83,(vau),,,,,,,,,,,,,,,
03/02/2024 03:00,,,,,,,,,,,,,,,,,,,160.74,(vau),,,,,,,,,,,,,,,
03/02/2024 04:00,,,,,,,,,,,,,,,,,,,160.68,(vau),,,,,,,,,,,,,,,
03/02/2024 05:00,,,,,,,,,,,,,,,,,,,160.67,(vau),,,,,,,,,,,,,,,
03/02/2024 06:00,,,,,,,,,,,,,,,,,,,160.66,(vau),,,,,,,,,,,,,,,
03/02/2024 07:00,,,,,,,,,,,,,,,,,,,160.86,(vau),,,,,,,,,,,,,,,
03/02/2024 08:00,,,,,,,,,,,,,,,,,,,160.91,(vau),,,,,,,,,,,,,,,
03/02/2024 09:00,,,,,,,,,,,,,,,,,,,161.01,(vau),,,,,,,,,,,,,,,
03/02/2024 10:00,,,,,,,,,,,,,,,,,,,161.04,(vau),,,,,,,,,,,,,,,
03/02/2024 11:00,,,,,,,,,,,,,,,,,,,160.86,(vau),,,,,,,,,,,,,,,
03/02/2024 12:00,,,,,,,,,,,,,,,,,,,160.84,(vau),,,,,,,,,,,,,,,
03/02/2024 13:00,,,,,,,,,,,,,,,,,,,160.75,(vau),,,,,,,,,,,,,,,
03/02/2024 14:00,,,,,,,,,,,,,,,,,,,160.66,(vau),,,,,,,,,,,,,,,
03/02/2024 15:00,,,,,,,,,,,,,,,,,,,160.68,(vau),,,,,,,,,,,,,,,
03/02/2024 16:00,,,,,,,,,,,,,,,,,,,160.48,(vau),,,,,,,,,,,,,,,
03/02/2024 17:00,,,,,,,,,,,,,,,,,,,160.59,(vau),,,,,,,,,,,,,,,
03/02/2024 18:00,,,,,,,,,,,,,,,,,,,160.75,(vau),,,,,,,,,,,,,,,
03/02/2024 19:00,,,,,,,,,,,,,,,,,,,160.83,(vau),,,,,,,,,,,,,,,
03/02/2024 20:00,,,,,,,,,,,,,,,,,,,161.01,(vau),,,,,,,,,,,,,,,
03/02/2024 21:00,,,,,,,,,,,,,,,,,,,161.11,(vau),,,,,,,,,,,,,,,
03/02/2024 22:00,,,,,,,,,,,,,,,,,,,161.22,(vau),,,,,,,,,,,,,,,
03/02/2024 23:00,,,,,,,,,,,,,,,,,,,161.39,(vau),161.39,(vau),,,,,,,,,,,154184,,
04/02/2024 00:00,55.91,(vau),,,,,0,(vau),68,(vc),,,68,(vau),,,,,161.35,(vau),,,,,,,,,,,,,,,
04/02/2024 01:00,,,,,,,,,,,,,,,,,,,161.42,(vau),,,,,,,,,,,,,,,
04/02/2024 02:00,,,,,,,,,,,,,,,,,,,161.36,(vau),,,,,,,,,,,,,,,
04/02/2024 03:00,,,,,,,,,,,,,,,,,,,161.26,(vau),,,,,,,,,,,,,,,
04/02/2024 04:00,,,,,,,,,,,,,,,,,,,161.29,(vau),,,,,,,,,,,,,,,
04/02/2024 05:00,,,,,,,,,,,,,,,,,,,161.16,(vau),,,,,,,,,,,,,,,
04/02/2024 06:00,,,,,,,,,,,,,,,,,,,161.17,(vau),,,,,,,,,,,,,,,
04/02/2024 07:00,,,,,,,,,,,,,,,,,,,161.11,(vau),,,,,,,,,,,,,,,
04/02/2024 08:00,,,,,,,,,,,,,,,,,,,161.04,(vau),,,,,,,,,,,,,,,
04/02/2024 09:00,,,,,,,,,,,,,,,,,,,161.07,(vau),,,,,,,,,,,,,,,
04/02/2024 10:00,,,,,,,,,,,,,,,,,,,160.92,(vau),,,,,,,,,,,,,,,
04/02/2024 11:00,,,,,,,,,,,,,,,,,,,160.85,(vau),,,,,,,,,,,,,,,
04/02/2024 12:00,,,,,,,,,,,,,,,,,,,160.66,(vau),,,,,,,,,,,,,,,
04/02/2024 13:00,,,,,,,,,,,,,,,,,,,160.47,(vau),,,,,,,,,,,,,,,
04/02/2024 14:00,,,,,,,,,,,,,,,,,,,160.37,(vau),,,,,,,,,,,,,,,
04/02/2024 15:00,,,,,,,,,,,,,,,,,,,160.21,(vau),,,,,,,,,,,,,,,
04/02/2024 16:00,,,,,,,,,,,,,,,,,,,160.24,(vau),,,,,,,,,,,,,,,
04/02/2024 17:00,,,,,,,,,,,,,,,,,,,160.18,(vau),,,,,,,,,,,,,,,
04/02/2024 18:00,,,,,,,,,,,,,,,,,,,160.12,(vau),,,,,,,,,,,,,,,
04/02/2024 19:00,,,,,,,,,,,,,,,,,,,160.28,(vau),,,,,,,,,,,,,,,
04/02/2024 20:00,,,,,,,,,,,,,,,,,,,160.29,(vau),,,,,,,,,,,,,,,
04/02/2024 21:00,,,,,,,,,,,,,,,,,,,160.43,(vau),,,,,,,,,,,,,,,
04/02/2024 22:00,,,,,,,,,,,,,,,,,,,160.6,(vau),,,,,,,,,,,,,,,
04/02/2024 23:00,,,,,,,,,,,,,,,,,,,160.65,(vau),160.65,,,,,,,,,,,,150781,,
05/02/2024 00:00,141.93,(vau),,,,,2.82,(vau),70.82,(vc),,,68,(vau),,,,,,,,,,,,,,,,,,,,,
05/02/2024 23:00,,,,,,,,,,,,,,,,,,,161.42,(vco),161.93,,,,,,,,154350,,,,154350,,
06/02/2024 00:00,128.34,(vau),,,,,105.69,(vau),173.69,(vc),,,68,(vau),,,,,,,,,,,,,,,,,,,,,
06/02/2024 23:00,,,,,,,,,,,,,,,,,,,,,161.3,,,,,,,,,,,,153670,,
07/02/2024 00:00,120.93,(vau),,,,,3.18,(vau),71.18,(vc),,,68,(vau),,,,,,,,,,,,,,,,,,,,,
07/02/2024 23:00,,,,,,,,,,,,,,,,,,,,,161.33,,,,,,,,,,,,153850,,
08/02/2024 00:00,72.12,(vau),,,,,12.09,(vau),80.09,(vc),,,68,(vau),,,,,,,,,,,,,,,,,,,,,
08/02/2024 23:00,,,,,,,,,,,,,,,,,,,,,160.92,,,,,,,,,,,,151960,,
09/02/2024 00:00,170.89,(vau),,,,,96.38,(vau),164.38,(vc),,,68,(vau),,,,,,,,,,,,,,,,,,,,,
09/02/2024 23:00,,,,,,,,,,,,,,,,,,,,,160.75,,,,,,,,,,,,151210,,
10/02/2024 00:00,16.57,(vau),,,,,0,(vau),68,(vc),,,68,(vau),,,,,,,,,,,,,,,,,,,,,
10/02/2024 23:00,,,,,,,,,,,,,,,,,,,,,159.25,,,,,,,,,,,,141890,,
11/02/2024 00:00,65.26,(vau),,,,,0,(vau),68,(vc),,,68,(vau),,,,,,,,,,,,,,,,,,,,,
11/02/2024 23:00,,,,,,,,,,,,,,,,,,,,,159.05,,,,,,,,,,,,140780,,
12/02/2024 00:00,57.42,(vau),,,,,0,(vau),68,(vc),,,68,(vau),,,,,,,,,,,,,,,,,,,,,
12/02/2024 23:00,,,,,,,,,,,,,,,,,,,158.37,(vco),157.27,,,,,,,,137000,,,,137000,,
13/02/2024 00:00,87.98,(vau),,,,,0,(vau),68,(vc),,,68,(vau),,,,,,,,,,,,,,,,,,,,,
13/02/2024 23:00,,,,,,,,,,,,,,,,,,,,,157.07,,,,,,,,,,,,130560,,
14/02/2024 00:00,108.78,(vau),,,,,0,(vau),68,(vc),,,68,(vau),,,,,,,,,,,,,,,,,,,,,
14/02/2024 23:00,,,,,,,,,,,,,,,,,,,,,157.7,,,,,,,,,,,,133690,,
15/02/2024 00:00,88.26,(vau),,,,,0,(vau),68,(vc),,,68,(vau),,,,,,,,,,,,,,,,,,,,,
15/02/2024 23:00,,,,,,,,,,,,,,,,,,,,,158.16,,,,,,,,,,,,135990,,
16/02/2024 00:00,152.38,(vau),,,,,0,(vau),68,(vc),,,68,(vau),,,,,158.27,(vau),,,,,,,,,,,,,,,
16/02/2024 01:00,,,,,,,,,,,,,,,,,,,158.35,(vau),,,,,,,,,,,,,,,
16/02/2024 02:00,,,,,,,,,,,,,,,,,,,158.44,(vau),,,,,,,,,,,,,,,
16/02/2024 03:00,,,,,,,,,,,,,,,,,,,158.45,(vau),,,,,,,,,,,,,,,
16/02/2024 04:00,,,,,,,,,,,,,,,,,,,158.36,(vau),,,,,,,,,,,,,,,
16/02/2024 05:00,,,,,,,,,,,,,,,,,,,158.35,(vau),,,,,,,,,,,,,,,
16/02/2024 06:00,,,,,,,,,,,,,,,,,,,158.51,(vau),,,,,,,,,,,,,,,
16/02/2024 07:00,,,,,,,,,,,,,,,,,,,158.6,(vau),,,,,,,,,,,,,,,
16/02/2024 08:00,,,,,,,,,,,,,,,,,,,158.76,(vau),,,,,,,,,,,,,,,
16/02/2024 09:00,,,,,,,,,,,,,,,,,,,158.93,(vau),,,,,,,,,,,,,,,
16/02/2024 10:00,,,,,,,,,,,,,,,,,,,159.07,(vau),,,,,,,,,,,,,,,
16/02/2024 11:00,,,,,,,,,,,,,,,,,,,159.09,(vau),,,,,,,,,,,,,,,
16/02/2024 12:00,,,,,,,,,,,,,,,,,,,159.06,(vau),,,,,,,,,,,,,,,
16/02/2024 13:00,,,,,,,,,,,,,,,,,,,159,(vau),,,,,,,,,,,,,,,
16/02/2024 14:00,,,,,,,,,,,,,,,,,,,158.95,(vau),,,,,,,,,,,,,,,
16/02/2024 15:00,,,,,,,,,,,,,,,,,,,158.91,(vau),,,,,,,,,,,,,,,
16/02/2024 16:00,,,,,,,,,,,,,,,,,,,158.85,(vau),,,,,,,,,,,,,,,
16/02/2024 17:00,,,,,,,,,,,,,,,,,,,158.85,(vau),,,,,,,,,,,,,,,
16/02/2024 18:00,,,,,,,,,,,,,,,,,,,158.93,(vau),,,,,,,,,,,,,,,
16/02/2024 19:00,,,,,,,,,,,,,,,,,,,159.12,(vau),,,,,,,,,,,,,,,
16/02/2024 20:00,,,,,,,,,,,,,,,,,,,159.22,(vau),,,,,,,,,,,,,,,
16/02/2024 21:00,,,,,,,,,,,,,,,,,,,159.38,(vau),,,,,,,,,,,,,,,
16/02/2024 22:00,,,,,,,,,,,,,,,,,,,159.57,(vau),,,,,,,,,,,,,,,
16/02/2024 23:00,,,,,,,,,,,,,,,,,,,159.62,(vau),159.62,(vau),,,,,,,,,,,144037,,
17/02/2024 00:00,146.74,(vau),,,,,0,(vau),68,(vc),,,68,(vau),,,,,,,,,,,,,,,,,,,,,
17/02/2024 23:00,,,,,,,,,,,,,,,,,,,,,160.09,,,,,,,,,,,,147110,,
18/02/2024 00:00,44.86,(vau),,,,,0,(vau),67.64,(vc),,,67.64,(vau),,,,,,,,,,,,,,,,,,,,,
18/02/2024 23:00,,,,,,,,,,,,,,,,,,,,,158.98,,,,,,,,,,,,140410,,
19/02/2024 00:00,82.5,(vau),,,,,0,(vau),53.36,(vc),,,53.36,(vau),,,,,,,,,,,,,,,,,,,,,
19/02/2024 23:00,,,,,,,,,,,,,,,,,,,158.73,(vco),158.73,(vco),,,,,,,139020,,,,139020,,
20/02/2024 00:00,108.81,(vau),,,,,0,(vau),60.07,(vc),,,60.07,(vau),,,,,,,,,,,,,,,,,,,,,
20/02/2024 23:00,,,,,,,,,,,,,,,,,,,,,158.93,,,,,,,,,,,,140090,,
21/02/2024 00:00,159.41,(vau),,,,,0,(vau),68,(vc),,,68,(vau),,,,,,,,,,,,,,,,,,,,,
21/02/2024 23:00,,,,,,,,,,,,,,,,,,,,,160.08,,,,,,,,,,,,147070,,
22/02/2024 00:00,30.42,(vau),,,,,0,(vau),68,(vc),,,68,(vau),,,,,,,,,,,,,,,,,,,,,
22/02/2024 23:00,,,,,,,,,,,,,,,,,,,,,158.98,,,,,,,,,,,,140390,,
23/02/2024 00:00,34.24,(vau),,,,,0,(vau),64.98,(vc),,,64.98,(vau),,,,,158.92,(vau),,,,,,,,,,,,,,,
23/02/2024 01:00,,,,,,,,,,,,,,,,,,,158.91,(vau),,,,,,,,,,,,,,,
23/02/2024 02:00,,,,,,,,,,,,,,,,,,,158.76,(vau),,,,,,,,,,,,,,,
23/02/2024 03:00,,,,,,,,,,,,,,,,,,,158.69,(vau),,,,,,,,,,,,,,,
23/02/2024 04:00,,,,,,,,,,,,,,,,,,,158.71,(vau),,,,,,,,,,,,,,,
23/02/2024 05:00,,,,,,,,,,,,,,,,,,,158.6,(vau),,,,,,,,,,,,,,,
23/02/2024 06:00,,,,,,,,,,,,,,,,,,,158.59,(vau),,,,,,,,,,,,,,,
23/02/2024 07:00,,,,,,,,,,,,,,,,,,,158.59,(vau),,,,,,,,,,,,,,,
23/02/2024 08:00,,,,,,,,,,,,,,,,,,,158.57,(vau),,,,,,,,,,,,,,,
23/02/2024 09:00,,,,,,,,,,,,,,,,,,,158.51,(vau),,,,,,,,,,,,,,,
23/02/2024 10:00,,,,,,,,,,,,,,,,,,,158.48,(vau),,,,,,,,,,,,,,,
23/02/2024 11:00,,,,,,,,,,,,,,,,,,,158.43,(vau),,,,,,,,,,,,,,,
23/02/2024 12:00,,,,,,,,,,,,,,,,,,,158.36,(vau),,,,,,,,,,,,,,,
23/02/2024 13:00,,,,,,,,,,,,,,,,,,,158.43,(vau),,,,,,,,,,,,,,,
23/02/2024 14:00,,,,,,,,,,,,,,,,,,,158.34,(vau),,,,,,,,,,,,,,,
23/02/2024 15:00,,,,,,,,,,,,,,,,,,,158.28,(vau),,,,,,,,,,,,,,,
23/02/2024 16:00,,,,,,,,,,,,,,,,,,,158.32,(vau),,,,,,,,,,,,,,,
23/02/2024 17:00,,,,,,,,,,,,,,,,,,,158.21,(vau),,,,,,,,,,,,,,,
23/02/2024 18:00,,,,,,,,,,,,,,,,,,,158.12,(vau),,,,,,,,,,,,,,,
23/02/2024 19:00,,,,,,,,,,,,,,,,,,,158.04,(vau),,,,,,,,,,,,,,,
23/02/2024 20:00,,,,,,,,,,,,,,,,,,,158.05,(vau),,,,,,,,,,,,,,,
23/02/2024 21:00,,,,,,,,,,,,,,,,,,,158.29,(vau),,,,,,,,,,,,,,,
23/02/2024 22:00,,,,,,,,,,,,,,,,,,,158.16,(vau),,,,,,,,,,,,,,,
23/02/2024 23:00,,,,,,,,,,,,,,,,,,,158.07,(vau),158.07,,,,,,,,,,,,135575,,
24/02/2024 00:00,26.7,(vau),,,,,0,(vau),48.17,(vc),,,48.17,(vau),,,,,,,,,,,,,,,,,,,,,
24/02/2024 23:00,,,,,,,,,,,,,,,,,,,,,157.73,,,,,,,,,,,,133850,,
25/02/2024 00:00,107.48,(vau),,,,,0,(vau),48.17,(vc),,,48.17,(vau),,,,,,,,,,,,,,,,,,,,,
25/02/2024 23:00,,,,,,,,,,,,,,,,,,,,,158.07,,,,,,,,,,,,135560,,
26/02/2024 00:00,84.87,(vau),,,,,0,(vau),62.13,(vc),,,62.13,(vau),,,,,,,,,,,,,,,,,,,,,
26/02/2024 23:00,,,,,,,,,,,,,,,,,,,158.2,(vco),158.2,(vco),,,,,,,136000,,,,136000,,
27/02/2024 00:00,104.61,(vau),,,,,0,(vau),56.54,(vc),,,56.54,(vau),,,,,,,,,,,,,,,,,,,,,
27/02/2024 23:00,,,,,,,,,,,,,,,,,,,,,158.28,,,,,,,,,,,,136610,,
28/02/2024 00:00,121.7,(vau),,,,,0,(vau),62.52,(vc),,,62.52,(vau),,,,,,,,,,,,,,,,,,,,,
28/02/2024 23:00,,,,,,,,,,,,,,,,,,,,,159,,,,,,,,,,,,140500,,
29/02/2024 00:00,45.86,(vau),,,,,0,(vau),56.52,(vc),,,56.52,(vau),,,,,,,,,,,,,,,,,,,,,
29/02/2024 23:00,,,,,,,,,,,,,,,,,,,158.92,(vco),158.92,(vco),,,,,,,140000,,140000,,140000,,
01/03/2024 00:00,62.75,(vau),,,,,0,(vau),34.09,(vc),,,34.09,(vau),,,,,,,,,,,,,,,,,,,,,
01/03/2024 23:00,,,,,,,,,,,,,,,,,,,,,158.6,,,,,,,,,,,,138310,,
02/03/2024 00:00,111.48,(vau),,,,,0,(vau),55.49,(vc),,,55.49,(vau),,,,,,,,,,,,,,,,,,,,,
02/03/2024 23:00,,,,,,,,,,,,,,,,,,,,,159.32,,,,,,,,,,,,142300,,
03/03/2024 00:00,65.41,(vau),,,,,0,(vau),32.75,(vc),,,32.75,(vau),,,,,,,,,,,,,,,,,,,,,
03/03/2024 23:00,,,,,,,,,,,,,,,,,,,,,159.47,,,,,,,,,,,,143160,,
04/03/2024 00:00,162,(vau),,,,,16.83,(vau),83.83,(vc),,,66.99,(vau),,,,,,,,,,,,,,,,,,,,,
04/03/2024 23:00,,,,,,,,,,,,,,,,,,,159.63,(vco),159.63,(vco),,,,,,,144000,,,,144000,,
05/03/2024 00:00,227.99,(vau),,,,,106.46,(vau),173.88,(vc),,,67.43,(vau),,,,,,,,,,,,,,,,,,,,,
05/03/2024 23:00,,,,,,,,,,,,,,,,,,,,,161.49,,,,,,,,,,,,154770,,
06/03/2024 00:00,193.72,(vau),,,,,179.23,(vau),247.23,(vc),,,68,(vau),,,,,,,,,,,,,,,,,,,,,
06/03/2024 23:00,,,,,,,,,,,,,,,,,,,,,160.46,,,,,,,,,,,,149760,,
07/03/2024 00:00,51.73,(vau),,,,,134.31,(vau),202.31,(vc),,,68,(vau),,,,,,,,,,,,,,,,,,,,,
07/03/2024 23:00,,,,,,,,,,,,,,,,,,,,,157.89,,,,,,,,,,,,134660,,
08/03/2024 00:00,43.08,(vau),,,,,37.26,(vau),88.49,(vc),,,51.24,(vau),,,,,,,,,,,,,,,,,,,,,
08/03/2024 23:00,,,,,,,,,,,,,,,,,,,,,157.07,,,,,,,,,,,,130560,,
09/03/2024 00:00,107.88,(vau),,,,,0,(vau),37.77,(vc),,,37.77,(vau),,,,,,,,,,,,,,,,,,,,,
09/03/2024 23:00,,,,,,,,,,,,,,,,,,,,,158.16,,,,,,,,,,,,136030,,
10/03/2024 00:00,78.41,(vau),,,,,0,(vau),10.86,(vc),,,10.86,(vau),,,,,,,,,,,,,,,,,,,,,
10/03/2024 23:00,,,,,,,,,,,,,,,,,,,,,157.89,,,,,,,,,,,,134670,,
11/03/2024 00:00,157.96,(vau),,,,,0,(vau),46.6,(vc),,,46.6,(vau),,,,,,,,,,,,,,,,,,,,,
11/03/2024 23:00,,,,,,,,,,,,,,,,,,,158.45,(vco),159.72,,,,,,,,137540,,,,137540,,
12/03/2024 00:00,160.88,(vau),,,,,0,(vau),68,(vc),,,68,(vau),,,,,,,,,,,,,,,,,,,,,
12/03/2024 23:00,,,,,,,,,,,,,,,,,,,,,161.23,,,,,,,,,,,,153360,,
13/03/2024 00:00,156.69,(vau),,,,,72.82,(vau),140.82,(vc),,,68,(vau),,,,,,,,,,,,,,,,,,,,,
13/03/2024 23:00,,,,,,,,,,,,,,,,,,,,,161.6,,,,,,,,,,,,155540,,
14/03/2024 00:00,121.63,(vau),,,,,80.4,(vau),148.4,(vc),,,68,(vau),,,,,,,,,,,,,,,,,,,,,
14/03/2024 23:00,,,,,,,,,,,,,,,,,,,,,160.62,,,,,,,,,,,,150600,,
15/03/2024 00:00,94.15,(vau),,,,,3.26,(vau),71.26,(vc),,,68,(vau),,,,,,,,,,,,,,,,,,,,,
15/03/2024 23:00,,,,,,,,,,,,,,,,,,,,,160.92,,,,,,,,,,,,151950,,
16/03/2024 00:00,106.74,(vau),,,,,0,(vau),65.92,(vc),,,65.92,(vau),,,,,161,(vau),,,,,,,,,,,,,,,
16/03/2024 01:00,,,,,,,,,,,,,,,,,,,161.08,(vau),,,,,,,,,,,,,,,
16/03/2024 02:00,,,,,,,,,,,,,,,,,,,161.15,(vau),,,,,,,,,,,,,,,
16/03/2024 03:00,,,,,,,,,,,,,,,,,,,161.25,(vau),,,,,,,,,,,,,,,
16/03/2024 04:00,,,,,,,,,,,,,,,,,,,161.31,(vau),,,,,,,,,,,,,,,
16/03/2024 05:00,,,,,,,,,,,,,,,,,,,161.41,(vau),,,,,,,,,,,,,,,
16/03/2024 06:00,,,,,,,,,,,,,,,,,,,161.47,(vau),,,,,,,,,,,,,,,
16/03/2024 07:00,,,,,,,,,,,,,,,,,,,161.5,(vau),,,,,,,,,,,,,,,
16/03/2024 08:00,,,,,,,,,,,,,,,,,,,161.57,(vau),,,,,,,,,,,,,,,
16/03/2024 09:00,,,,,,,,,,,,,,,,,,,161.57,(vau),,,,,,,,,,,,,,,
16/03/2024 10:00,,,,,,,,,,,,,,,,,,,161.48,(vau),,,,,,,,,,,,,,,
16/03/2024 11:00,,,,,,,,,,,,,,,,,,,161.39,(vau),,,,,,,,,,,,,,,
16/03/2024 12:00,,,,,,,,,,,,,,,,,,,161.22,(vau),,,,,,,,,,,,,,,
16/03/2024 13:00,,,,,,,,,,,,,,,,,,,161.01,(vau),,,,,,,,,,,,,,,
16/03/2024 14:00,,,,,,,,,,,,,,,,,,,160.92,(vau),,,,,,,,,,,,,,,
16/03/2024 15:00,,,,,,,,,,,,,,,,,,,160.71,(vau),,,,,,,,,,,,,,,
16/03/2024 16:00,,,,,,,,,,,,,,,,,,,160.59,(vau),,,,,,,,,,,,,,,
16/03/2024 17:00,,,,,,,,,,,,,,,,,,,160.51,(vau),,,,,,,,,,,,,,,
16/03/2024 18:00,,,,,,,,,,,,,,,,,,,160.45,(vau),,,,,,,,,,,,,,,
16/03/2024 19:00,,,,,,,,,,,,,,,,,,,160.56,(vau),,,,,,,,,,,,,,,
16/03/2024 20:00,,,,,,,,,,,,,,,,,,,160.71,(vau),,,,,,,,,,,,,,,
16/03/2024 21:00,,,,,,,,,,,,,,,,,,,160.85,(vau),,,,,,,,,,,,,,,
16/03/2024 22:00,,,,,,,,,,,,,,,,,,,160.9,(vau),,,,,,,,,,,,,,,
16/03/2024 23:00,,,,,,,,,,,,,,,,,,,160.99,(vau),160.99,(vau),,,,,,,,,,,152257,,
17/03/2024 00:00,57.94,(vau),,,,,0,(vau),67.27,(vc),,,67.27,(vau),,,,,,,,,,,,,,,,,,,,,
17/03/2024 23:00,,,,,,,,,,,,,,,,,,,,,159.75,,,,,,,,,,,,144790,,
18/03/2024 00:00,163.67,(vau),,,,,0,(vau),68,(vc),,,68,(vau),,,,,,,,,,,,,,,,,,,,,
18/03/2024 23:00,,,,,,,,,,,,,,,,,,,160.64,(vco),160.64,(vco),,,,,,,151000,,,,151000,,
19/03/2024 00:00,73.43,(vau),,,,,0,(vau),68,(vc),,,68,(vau),,,,,,,,,,,,,,,,,,,,,
19/03/2024 23:00,,,,,,,,,,,,,,,,,,,,,161.22,,,,,,,,,,,,153270,,
20/03/2024 00:00,56.04,(vau),,,,,0,(vau),57.61,(vc),,,57.61,(vau),,,,,,,,,,,,,,,,,,,,,
20/03/2024 23:00,,,,,,,,,,,,,,,,,,,,,161.24,,,,,,,,,,,,153390,,
21/03/2024 00:00,22.31,(vau),,,,,0,(vau),65.33,(vc),,,65.33,(vau),,,,,,,,,,,,,,,,,,,,,
21/03/2024 23:00,,,,,,,,,,,,,,,,,,,,,159.83,,,,,,,,,,,,145270,,
22/03/2024 00:00,27.01,(vau),,,,,0,(vau),68,(vc),,,68,(vau),,,,,,,,,,,,,,,,,,,,,
22/03/2024 23:00,,,,,,,,,,,,,,,,,,,,,159.17,,,,,,,,,,,,141470,,
23/03/2024 00:00,31.72,(vau),,,,,0,(vau),44.67,(vc),,,44.67,(vau),,,,,,,,,,,,,,,,,,,,,
23/03/2024 23:00,,,,,,,,,,,,,,,,,,,,,158.12,,,,,,,,,,,,135830,,
24/03/2024 00:00,57.99,(vau),,,,,0,(vau),21.29,(vc),,,21.29,(vau),,,,,,,,,,,,,,,,,,,,,
24/03/2024 23:00,,,,,,,,,,,,,,,,,,,,,156.95,,,,,,,,,,,,129980,,
25/03/2024 00:00,114.49,(vau),,,,,0,(vau),67.19,(vc),,,67.19,(vau),,,,,,,,,,,,,,,,,,,,,
25/03/2024 23:00,,,,,,,,,,,,,,,,,,,157.28,(vco),157.64,,,,,,,,132000,,,,132000,,
26/03/2024 00:00,114.53,(vau),,,,,0,(vau),67.2,(vc),,,67.2,(vau),,,,,,,,,,,,,,,,,,,,,
26/03/2024 23:00,,,,,,,,,,,,,,,,,,,,,157.86,,,,,,,,,,,,134480,,
27/03/2024 00:00,49.48,(vau),,,,,0,(vau),60.83,(vc),,,60.83,(vau),,,,,,,,,,,,,,,,,,,,,
27/03/2024 23:00,,,,,,,,,,,,,,,,,,,,,157.31,,,,,,,,,,,,131760,,
28/03/2024 00:00,72.47,(vau),,,,,0,(vau),49.09,(vc),,,49.09,(vau),,,,,,,,,,,,,,,,,,,,,
28/03/2024 23:00,,,,,,,,,,,,,,,,,,,,,156.68,,,,,,,,,,,,128620,,
29/03/2024 00:00,100.05,(vau),,,,,0,(vau),66.37,(vc),,,66.37,(vau),,,,,,,,,,,,,,,,,,,,,
29/03/2024 23:00,,,,,,,,,,,,,,,,,,,,,157.27,,,,,,,,,,,,131550,,
30/03/2024 00:00,188.07,(vau),,,,,0,(vau),65.93,(vc),,,65.93,(vau),,,,,,,,,,,,,,,,,,,,,
30/03/2024 23:00,,,,,,,,,,,,,,,,,,,,,159.09,,,,,,,,,,,,141020,,
31/03/2024 23:00,,,,,,,,,,,,,,,,,,,159.17,(vco),159.17,(vco),,,,,,,141000,,141000,,141000,,
01/04/2024 00:00,69.95,(vau),90.47,(vc),,,0,(vau),36.86,(vc),,,36.86,(vau),,,,,,,,,,,,,234498.24,(vc),,,,,,,
01/04/2024 23:00,,,,,,,,,,,,,,,,,,,,,158.73,,,,,,,,,,,,139010,,
02/04/2024 00:00,171.52,(vau),,,,,0,(vau),58.29,(vc),,,58.29,(vau),,,,,,,,,,,,,,,,,,,,,
02/04/2024 23:00,,,,,,,,,,,,,,,,,,,,,160.11,,,,,,,,,,,,147320,,
03/04/2024 00:00,165.37,(vau),,,,,0,(vau),60.74,(vc),,,60.74,(vau),,,,,,,,,,,,,,,,,,,,,
03/04/2024 23:00,,,,,,,,,,,,,,,,,,,,,161.67,,,,,,,,,,,,156070,,
04/04/2024 00:00,111.75,(vau),,,,,132.92,(vau),177.46,(vc),,,44.54,(vau),,,,,,,,,,,,,,,,,,,,,
04/04/2024 23:00,,,,,,,,,,,,,,,,,,,,,160.51,,,,,,,,,,,,150050,,
05/04/2024 00:00,10.7,(vau),,,,,0,(vau),12.08,(vc),,,12.08,(vau),,,,,,,,,,,,,,,,,,,,,
05/04/2024 23:00,,,,,,,,,,,,,,,,,,,,,159.73,,,,,,,,,,,,144710,,
06/04/2024 00:00,52.07,(vau),,,,,0,(vau),27.79,(vc),,,27.79,(vau),,,,,,,,,,,,,,,,,,,,,
06/04/2024 23:00,,,,,,,,,,,,,,,,,,,,,159.87,,,,,,,,,,,,145530,,
07/04/2024 00:00,103.22,(vau),,,,,0,(vau),32.35,(vc),,,32.35,(vau),,,,,,,,,,,,,,,,,,,,,
07/04/2024 23:00,,,,,,,,,,,,,,,,,,,,,160.65,,,,,,,,,,,,150780,,
08/04/2024 00:00,80.81,(vau),,,,,0,(vau),31.4,(vc),,,31.4,(vau),,,,,,,,,,,,,,,,,,,,,
08/04/2024 23:00,,,,,,,,,,,,,,,,,,,,,161.3,,,,,,,,,,,,153690,,
09/04/2024 00:00,79.52,(vau),,,,,11.33,(vau),64.28,(vc),,,52.95,(vau),,,,,,,,,,,,,,,,,,,,,
09/04/2024 23:00,,,,,,,,,,,,,,,,,,,,,161.63,,,,,,,,,,,,155730,,
10/04/2024 00:00,159.01,(vau),,,,,98.95,(vau),147.88,(vc),,,48.93,(vau),,,,,,,,,,,,,,,,,,,,,
10/04/2024 23:00,,,,,,,,,,,,,,,,,,,,,161.84,,,,,,,,,,,,157570,,
11/04/2024 00:00,87.66,(vau),,,,,79.22,(vau),130.88,(vc),,,51.65,(vau),,,,,,,,,,,,,,,,,,,,,
11/04/2024 23:00,,,,,,,,,,,,,,,,,,,,,161.38,,,,,,,,,,,,154100,,
12/04/2024 00:00,158.07,(vau),,,,,82.16,(vau),140.65,(vc),,,58.49,(vau),,,,,161.41,(vau),,,,,,,,,,,,,,,
12/04/2024 01:00,,,,,,,,,,,,,,,,,,,161.49,(vau),,,,,,,,,,,,,,,
12/04/2024 02:00,,,,,,,,,,,,,,,,,,,161.54,(vau),,,,,,,,,,,,,,,
12/04/2024 03:00,,,,,,,,,,,,,,,,,,,161.62,(vau),,,,,,,,,,,,,,,
12/04/2024 04:00,,,,,,,,,,,,,,,,,,,161.67,(vau),,,,,,,,,,,,,,,
12/04/2024 05:00,,,,,,,,,,,,,,,,,,,161.72,(vau),,,,,,,,,,,,,,,
12/04/2024 06:00,,,,,,,,,,,,,,,,,,,161.79,(vau),,,,,,,,,,,,,,,
12/04/2024 07:00,,,,,,,,,,,,,,,,,,,161.79,(vau),,,,,,,,,,,,,,,
12/04/2024 08:00,,,,,,,,,,,,,,,,,,,161.8,(vau),,,,,,,,,,,,,,,
12/04/2024 09:00,,,,,,,,,,,,,,,,,,,161.8,(vau),,,,,,,,,,,,,,,
12/04/2024 10:00,,,,,,,,,,,,,,,,,,,161.72,(vau),,,,,,,,,,,,,,,
12/04/2024 11:00,,,,,,,,,,,,,,,,,,,161.56,(vau),,,,,,,,,,,,,,,
12/04/2024 12:00,,,,,,,,,,,,,,,,,,,161.47,(vau),,,,,,,,,,,,,,,
12/04/2024 13:00,,,,,,,,,,,,,,,,,,,161.43,(vau),,,,,,,,,,,,,,,
12/04/2024 14:00,,,,,,,,,,,,,,,,,,,161.3,(vau),,,,,,,,,,,,,,,
12/04/2024 15:00,,,,,,,,,,,,,,,,,,,161.15,(vau),,,,,,,,,,,,,,,
12/04/2024 16:00,,,,,,,,,,,,,,,,,,,161.06,(vau),,,,,,,,,,,,,,,
12/04/2024 17:00,,,,,,,,,,,,,,,,,,,160.98,(vau),,,,,,,,,,,,,,,
12/04/2024 18:00,,,,,,,,,,,,,,,,,,,160.91,(vau),,,,,,,,,,,,,,,
12/04/2024 19:00,,,,,,,,,,,,,,,,,,,160.99,(vau),,,,,,,,,,,,,,,
12/04/2024 20:00,,,,,,,,,,,,,,,,,,,161.15,(vau),,,,,,,,,,,,,,,
12/04/2024 21:00,,,,,,,,,,,,,,,,,,,161.23,(vau),,,,,,,,,,,,,,,
12/04/2024 22:00,,,,,,,,,,,,,,,,,,,161.29,(vau),,,,,,,,,,,,,,,
12/04/2024 23:00,,,,,,,,,,,,,,,,,,,161.39,(vau),161.39,(vau),,,,,,,,,,,154184,,
13/04/2024 00:00,145.94,(vau),,,,,89,(vau),142.87,(vc),,,53.87,(vau),,,,,161.42,(vau),,,,,,,,,,,,,,,
13/04/2024 01:00,,,,,,,,,,,,,,,,,,,161.55,(vau),,,,,,,,,,,,,,,
13/04/2024 02:00,,,,,,,,,,,,,,,,,,,161.58,(vau),,,,,,,,,,,,,,,
13/04/2024 03:00,,,,,,,,,,,,,,,,,,,161.63,(vau),,,,,,,,,,,,,,,
13/04/2024 04:00,,,,,,,,,,,,,,,,,,,161.71,(vau),,,,,,,,,,,,,,,
13/04/2024 05:00,,,,,,,,,,,,,,,,,,,161.71,(vau),,,,,,,,,,,,,,,
13/04/2024 06:00,,,,,,,,,,,,,,,,,,,161.71,(vau),,,,,,,,,,,,,,,
13/04/2024 07:00,,,,,,,,,,,,,,,,,,,161.65,(vau),,,,,,,,,,,,,,,
13/04/2024 08:00,,,,,,,,,,,,,,,,,,,161.71,(vau),,,,,,,,,,,,,,,
13/04/2024 09:00,,,,,,,,,,,,,,,,,,,161.58,(vau),,,,,,,,,,,,,,,
13/04/2024 10:00,,,,,,,,,,,,,,,,,,,161.48,(vau),,,,,,,,,,,,,,,
13/04/2024 11:00,,,,,,,,,,,,,,,,,,,161.44,(vau),,,,,,,,,,,,,,,
13/04/2024 12:00,,,,,,,,,,,,,,,,,,,161.27,(vau),,,,,,,,,,,,,,,
13/04/2024 13:00,,,,,,,,,,,,,,,,,,,161.17,(vau),,,,,,,,,,,,,,,
13/04/2024 14:00,,,,,,,,,,,,,,,,,,,161.04,(vau),,,,,,,,,,,,,,,
13/04/2024 15:00,,,,,,,,,,,,,,,,,,,160.84,(vau),,,,,,,,,,,,,,,
13/04/2024 16:00,,,,,,,,,,,,,,,,,,,160.74,(vau),,,,,,,,,,,,,,,
13/04/2024 17:00,,,,,,,,,,,,,,,,,,,160.63,(vau),,,,,,,,,,,,,,,
13/04/2024 18:00,,,,,,,,,,,,,,,,,,,160.6,(vau),,,,,,,,,,,,,,,
13/04/2024 19:00,,,,,,,,,,,,,,,,,,,160.64,(vau),,,,,,,,,,,,,,,
13/04/2024 20:00,,,,,,,,,,,,,,,,,,,160.75,(vau),,,,,,,,,,,,,,,
13/04/2024 21:00,,,,,,,,,,,,,,,,,,,160.84,(vau),,,,,,,,,,,,,,,
13/04/2024 22:00,,,,,,,,,,,,,,,,,,,160.86,(vau),,,,,,,,,,,,,,,
13/04/2024 23:00,,,,,,,,,,,,,,,,,,,160.91,(vau),160.91,(vau),,,,,,,,,,,151932,,
14/04/2024 00:00,84.56,(vau),,,,,0,(vau),39.74,(vc),,,39.74,(vau),,,,,,,,,,,,,,,,,,,,,
14/04/2024 23:00,,,,,,,,,,,,,,,,,,,,,160.51,,,,,,,,,,,,150070,,
15/04/2024 00:00,96.83,(vau),,,,,0,(vau),59.09,(vc),,,59.09,(vau),,,,,,,,,,,,,,,,,,,,,
15/04/2024 23:00,,,,,,,,,,,,,,,,,,,160.49,(vco),160.49,(vco),,,,,,,149940,,,,149940,,
16/04/2024 00:00,60.2,(vau),,,,,0,(vau),44.49,(vc),,,44.49,(vau),,,,,,,,,,,,,,,,,,,,,
16/04/2024 23:00,,,,,,,,,,,,,,,,,,,,,160.85,,,,,,,,,,,,151650,,
17/04/2024 00:00,85.76,(vau),,,,,0,(vau),55.74,(vc),,,55.74,(vau),,,,,,,,,,,,,,,,,,,,,
17/04/2024 23:00,,,,,,,,,,,,,,,,,,,,,161.39,,,,,,,,,,,,154210,,
18/04/2024 00:00,46.87,(vau),,,,,3.34,(vau),62.19,(vc),,,58.85,(vau),,,,,,,,,,,,,,,,,,,,,
18/04/2024 23:00,,,,,,,,,,,,,,,,,,,,,160.63,,,,,,,,,,,,150650,,
19/04/2024 00:00,82.6,(vau),,,,,0,(vau),63.93,(vc),,,63.93,(vau),,,,,,,,,,,,,,,,,,,,,
19/04/2024 23:00,,,,,,,,,,,,,,,,,,,,,160.37,,,,,,,,,,,,149250,,
20/04/2024 00:00,94.2,(vau),,,,,0,(vau),53.55,(vc),,,53.55,(vau),,,,,,,,,,,,,,,,,,,,,
20/04/2024 23:00,,,,,,,,,,,,,,,,,,,,,160.39,,,,,,,,,,,,149340,,
21/04/2024 00:00,27.75,(vau),,,,,0,(vau),48.17,(vc),,,48.17,(vau),,,,,,,,,,,,,,,,,,,,,
21/04/2024 23:00,,,,,,,,,,,,,,,,,,,,,159.07,,,,,,,,,,,,140910,,
22/04/2024 00:00,6.27,(vau),,,,,0,(vau),45.97,(vc),,,45.97,(vau),,,,,,,,,,,,,,,,,,,,,
22/04/2024 23:00,,,,,,,,,,,,,,,,,,,158.66,(vco),158.66,(vco),,,,,,,139000,,,,139000,,
23/04/2024 00:00,37.12,(vau),,,,,0,(vau),34.01,(vc),,,34.01,(vau),,,,,,,,,,,,,,,,,,,,,
23/04/2024 23:00,,,,,,,,,,,,,,,,,,,,,157.25,,,,,,,,,,,,131480,,
24/04/2024 00:00,88.2,(vau),,,,,0,(vau),42.38,(vc),,,42.38,(vau),,,,,,,,,,,,,,,,,,,,,
24/04/2024 23:00,,,,,,,,,,,,,,,,,,,,,157.95,,,,,,,,,,,,134970,,
25/04/2024 00:00,105.2,(vau),,,,,0,(vau),68,(vc),,,68,(vau),,,,,,,,,,,,,,,,,,,,,
25/04/2024 23:00,,,,,,,,,,,,,,,,,,,,,158.03,,,,,,,,,,,,135350,,
26/04/2024 00:00,116.63,(vau),,,,,0,(vau),67.8,(vc),,,67.8,(vau),,,,,,,,,,,,,,,,,,,,,
26/04/2024 23:00,,,,,,,,,,,,,,,,,,,,,158.66,,,,,,,,,,,,138640,,
27/04/2024 00:00,80.31,(vau),,,,,0,(vau),49.15,(vc),,,49.15,(vau),,,,,,,,,,,,,,,,,,,,,
27/04/2024 23:00,,,,,,,,,,,,,,,,,,,,,158.64,,,,,,,,,,,,138550,,
28/04/2024 00:00,78.27,(vau),,,,,0,(vau),41.4,(vc),,,41.4,(vau),,,,,,,,,,,,,,,,,,,,,
28/04/2024 23:00,,,,,,,,,,,,,,,,,,,,,158.37,,,,,,,,,,,,137120,,
29/04/2024 00:00,118.89,(vau),,,,,0,(vau),68,(vc),,,68,(vau),,,,,,,,,,,,,,,,,,,,,
29/04/2024 23:00,,,,,,,,,,,,,,,,,,,158.99,(vco),158.99,(vco),,,,,,,140000,,,,140000,,
30/04/2024 00:00,108.75,(vau),,,,,0,(vau),59.91,(vc),,,59.91,(vau),,,,,,,,,,,,,,,,,,,,,
30/04/2024 23:00,,,,,,,,,,,,,,,,,,,159.73,(vco),159.73,(vco),,,,,,,145000,,145000,,145000,,
01/05/2024 00:00,32.95,(vau),71.73,(vc),,,0,(vau),29.72,(vc),,,29.72,(vau),,,,,,,,,,,,,192121.63,(vc),,,,,,,
01/05/2024 23:00,,,,,,,,,,,,,,,,,,,,,157.99,,,,,,,,,,,,135150,,
02/05/2024 00:00,33.73,(vau),,,,,0,(vau),38.57,(vc),,,38.57,(vau),,,,,,,,,,,,,,,,,,,,,
02/05/2024 23:00,,,,,,,,,,,,,,,,,,,,,157.24,,,,,,,,,,,,131390,,
03/05/2024 00:00,68.37,(vau),,,,,0,(vau),51.9,(vc),,,51.9,(vau),,,,,,,,,,,,,,,,,,,,,
03/05/2024 23:00,,,,,,,,,,,,,,,,,,,,,156.05,,,,,,,,,,,,125510,,
04/05/2024 00:00,87.3,(vau),,,,,0,(vau),21.68,(vc),,,21.68,(vau),,,,,,,,,,,,,,,,,,,,,
04/05/2024 23:00,,,,,,,,,,,,,,,,,,,,,156.51,,,,,,,,,,,,127780,,
05/05/2024 00:00,136.37,(vau),,,,,0,(vau),55.6,(vc),,,55.6,(vau),,,,,,,,,,,,,,,,,,,,,
05/05/2024 23:00,,,,,,,,,,,,,,,,,,,,,157.23,,,,,,,,,,,,131380,,
06/05/2024 00:00,166.66,(vau),,,,,0,(vau),66.25,(vc),,,66.25,(vau),,,,,,,,,,,,,,,,,,,,,
06/05/2024 23:00,,,,,,,,,,,,,,,,,,,158.12,(vco),158.12,(vco),,,,,,,136000,,,,136000,,
07/05/2024 00:00,71.29,(vau),,,,,0,(vau),61.01,(vc),,,61.01,(vau),,,,,,,,,,,,,,,,,,,,,
07/05/2024 23:00,,,,,,,,,,,,,,,,,,,,,158.47,,,,,,,,,,,,137620,,
08/05/2024 00:00,88.94,(vau),,,,,0,(vau),36,(vc),,,36,(vau),,,,,,,,,,,,,,,,,,,,,
08/05/2024 23:00,,,,,,,,,,,,,,,,,,,,,159,,,,,,,,,,,,140510,,
09/05/2024 00:00,97.42,(vau),,,,,0,(vau),42.48,(vc),,,42.48,(vau),,,,,,,,,,,,,,,,,,,,,
09/05/2024 23:00,,,,,,,,,,,,,,,,,,,,,159.28,,,,,,,,,,,,142090,,
10/05/2024 00:00,97.22,(vau),,,,,0,(vau),50.67,(vc),,,50.67,(vau),,,,,,,,,,,,,,,,,,,,,
10/05/2024 23:00,,,,,,,,,,,,,,,,,,,,,159.69,,,,,,,,,,,,144450,,
11/05/2024 00:00,90.4,(vau),,,,,0,(vau),45.93,(vc),,,45.93,(vau),,,,,,,,,,,,,,,,,,,,,
11/05/2024 23:00,,,,,,,,,,,,,,,,,,,,,159.79,,,,,,,,,,,,145040,,
12/05/2024 00:00,99.64,(vau),,,,,0,(vau),51.75,(vc),,,51.75,(vau),,,,,,,,,,,,,,,,,,,,,
12/05/2024 23:00,,,,,,,,,,,,,,,,,,,,,159.24,,,,,,,,,,,,141840,,
13/05/2024 00:00,101.62,(vau),,,,,0,(vau),63.67,(vc),,,63.67,(vau),,,,,,,,,,,,,,,,,,,,,
13/05/2024 23:00,,,,,,,,,,,,,,,,,,,159.95,(vco),159.31,,,,,,,,146000,,,,146000,,
14/05/2024 00:00,33.3,(vau),,,,,0,(vau),41.45,(vc),,,41.45,(vau),,,,,,,,,,,,,,,,,,,,,
14/05/2024 23:00,,,,,,,,,,,,,,,,,,,,,156.96,,,,,,,,,,,,130010,,
15/05/2024 00:00,84.51,(vau),,,,,0,(vau),58.03,(vc),,,58.03,(vau),,,,,,,,,,,,,,,,,,,,,
15/05/2024 23:00,,,,,,,,,,,,,,,,,,,,,156.34,,,,,,,,,,,,126950,,
16/05/2024 00:00,110.27,(vau),,,,,0,(vau),68,(vc),,,68,(vau),,,,,,,,,,,,,,,,,,,,,
16/05/2024 23:00,,,,,,,,,,,,,,,,,,,,,156.99,,,,,,,,,,,,130160,,
17/05/2024 00:00,105.97,(vau),,,,,0,(vau),65.97,(vc),,,65.97,(vau),,,,,,,,,,,,,,,,,,,,,
17/05/2024 23:00,,,,,,,,,,,,,,,,,,,,,157.45,,,,,,,,,,,,132440,,
18/05/2024 00:00,44.82,(vau),,,,,0,(vau),63.69,(vc),,,63.69,(vau),,,,,,,,,,,,,,,,,,,,,
18/05/2024 23:00,,,,,,,,,,,,,,,,,,,,,155.95,,,,,,,,,,,,125010,,
19/05/2024 00:00,59.59,(vau),,,,,0,(vau),64.79,(vc),,,64.79,(vau),,,,,,,,,,,,,,,,,,,,,
19/05/2024 23:00,,,,,,,,,,,,,,,,,,,,,154.66,,,,,,,,,,,,118670,,
20/05/2024 00:00,31.42,(vau),,,,,0,(vau),48.53,(vc),,,48.53,(vau),,,,,,,,,,,,,,,,,,,,,
20/05/2024 23:00,,,,,,,,,,,,,,,,,,,154.24,(vco),154.24,(vco),,,,,,,117000,,,,117000,,
21/05/2024 00:00,55.61,(vau),,,,,0,(vau),60.73,(vc),,,60.73,(vau),,,,,,,,,,,,,,,,,,,,,
21/05/2024 23:00,,,,,,,,,,,,,,,,,,,,,154.16,,,,,,,,,,,,116250,,
22/05/2024 00:00,70.9,(vau),,,,,0,(vau),59.7,(vc),,,59.7,(vau),,,,,,,,,,,,,,,,,,,,,
22/05/2024 23:00,,,,,,,,,,,,,,,,,,,,,154.14,,,,,,,,,,,,116140,,
23/05/2024 00:00,69.05,(vau),,,,,0,(vau),56.75,(vc),,,56.75,(vau),,,,,,,,,,,,,,,,,,,,,
23/05/2024 23:00,,,,,,,,,,,,,,,,,,,,,154.2,,,,,,,,,,,,116430,,
24/05/2024 00:00,73.54,(vau),,,,,0,(vau),46.51,(vc),,,46.51,(vau),,,,,,,,,,,,,,,,,,,,,
24/05/2024 23:00,,,,,,,,,,,,,,,,,,,,,154.15,,,,,,,,,,,,116200,,
25/05/2024 00:00,54.68,(vau),,,,,0,(vau),34.78,(vc),,,34.78,(vau),,,,,,,,,,,,,,,,,,,,,
25/05/2024 23:00,,,,,,,,,,,,,,,,,,,,,154.19,,,,,,,,,,,,116380,,
26/05/2024 00:00,43.83,(vau),,,,,0,(vau),30.23,(vc),,,30.23,(vau),,,,,,,,,,,,,,,,,,,,,
26/05/2024 23:00,,,,,,,,,,,,,,,,,,,,,154.18,,,,,,,,,,,,116360,,
27/05/2024 00:00,49.58,(vau),,,,,0,(vau),28.17,(vc),,,28.17,(vau),,,,,,,,,,,,,,,,,,,,,
27/05/2024 23:00,,,,,,,,,,,,,,,,,,,154.02,(vco),154.02,(vco),,,,,,,116000,,,,116000,,
28/05/2024 00:00,39.21,(vau),,,,,0,(vau),41.21,(vc),,,41.21,(vau),,,,,,,,,,,,,,,,,,,,,
28/05/2024 23:00,,,,,,,,,,,,,,,,,,,,,153.99,,,,,,,,,,,,115420,,
29/05/2024 00:00,56.96,(vau),,,,,0,(vau),50.05,(vc),,,50.05,(vau),,,,,,,,,,,,,,,,,,,,,
29/05/2024 23:00,,,,,,,,,,,,,,,,,,,,,154.13,,,,,,,,,,,,116090,,
30/05/2024 00:00,50.44,(vau),,,,,0,(vau),33.32,(vc),,,33.32,(vau),,,,,,,,,,,,,,,,,,,,,
30/05/2024 23:00,,,,,,,,,,,,,,,,,,,,,154.36,,,,,,,,,,,,117190,,
31/05/2024 00:00,18,(vau),,,,,0,(vau),25.04,(vc),,,25.04,(vau),,,,,,,,,,,,,,,,,,,,,
31/05/2024 23:00,,,,,,,,,,,,,,,,,,,153.97,(vco),153.97,(vco),,,,,,,115000,,115000,,115000,,
01/06/2024 00:00,45.99,(vau),56.69,(vc),,,0,(vau),9.92,(vc),,,9.92,(vau),,,,,,,,,,,,,146940.48,(vc),,,,,,,
01/06/2024 23:00,,,,,,,,,,,,,,,,,,,,,154.88,,,,,,,,,,,,119740,,
02/06/2024 00:00,52,(vau),,,,,0,(vau),12.94,(vc),,,12.94,(vau),,,,,,,,,,,,,,,,,,,,,
02/06/2024 23:00,,,,,,,,,,,,,,,,,,,,,155.34,,,,,,,,,,,,121970,,
03/06/2024 00:00,77.93,(vau),,,,,0,(vau),15.98,(vc),,,15.98,(vau),,,,,,,,,,,,,,,,,,,,,
03/06/2024 23:00,,,,,,,,,,,,,,,,,,,,,156.13,,,,,,,,,,,,125890,,
04/06/2024 00:00,68.14,(vau),,,,,0,(vau),44.94,(vc),,,44.94,(vau),,,,,,,,,,,,,,,,,,,,,
04/06/2024 23:00,,,,,,,,,,,,,,,,,,,,,156.57,,,,,,,,,,,,128060,,
05/06/2024 00:00,68.19,(vau),,,,,0,(vau),56.17,(vc),,,56.17,(vau),,,,,,,,,,,,,,,,,,,,,
05/06/2024 23:00,,,,,,,,,,,,,,,,,,,,,156.42,,,,,,,,,,,,127340,,
06/06/2024 00:00,87.03,(vau),,,,,0,(vau),40.91,(vc),,,40.91,(vau),,,,,,,,,,,,,,,,,,,,,
06/06/2024 23:00,,,,,,,,,,,,,,,,,,,,,157.17,,,,,,,,,,,,131070,,
07/06/2024 00:00,20.34,(vau),,,,,0,(vau),39.83,(vc),,,39.83,(vau),,,,,,,,,,,,,,,,,,,,,
07/06/2024 23:00,,,,,,,,,,,,,,,,,,,,,156.05,,,,,,,,,,,,125480,,
08/06/2024 00:00,84.8,(vau),,,,,0,(vau),34.19,(vc),,,34.19,(vau),,,,,,,,,,,,,,,,,,,,,
08/06/2024 23:00,,,,,,,,,,,,,,,,,,,,,156.83,,,,,,,,,,,,129350,,
09/06/2024 00:00,82.98,(vau),,,,,0,(vau),25.05,(vc),,,25.05,(vau),,,,,,,,,,,,,,,,,,,,,
09/06/2024 23:00,,,,,,,,,,,,,,,,,,,,,156.83,,,,,,,,,,,,129350,,
10/06/2024 00:00,75.52,(vau),,,,,0,(vau),45.04,(vc),,,45.04,(vau),,,,,,,,,,,,,,,,,,,,,
10/06/2024 23:00,,,,,,,,,,,,,,,,,,,,,157.3,,,,,,,,,,,,131710,,
11/06/2024 00:00,56.68,(vau),,,,,0,(vau),35.67,(vc),,,35.67,(vau),,,,,,,,,,,,,,,,,,,,,
11/06/2024 23:00,,,,,,,,,,,,,,,,,,,,,156.55,,,,,,,,,,,,127980,,
12/06/2024 00:00,80.98,(vau),,,,,0,(vau),40.73,(vc),,,40.73,(vau),,,,,,,,,,,,,,,,,,,,,
12/06/2024 23:00,,,,,,,,,,,,,,,,,,,,,157.15,,,,,,,,,,,,130960,,
13/06/2024 00:00,56.78,(vau),,,,,0,(vau),27.15,(vc),,,27.15,(vau),,,,,,,,,,,,,,,,,,,,,
13/06/2024 23:00,,,,,,,,,,,,,,,,,,,,,156.65,,,,,,,,,,,,128460,,
14/06/2024 00:00,60.94,(vau),,,,,0,(vau),21.41,(vc),,,21.41,(vau),,,,,,,,,,,,,,,,,,,,,
14/06/2024 23:00,,,,,,,,,,,,,,,,,,,,,156.68,,,,,,,,,,,,128640,,
15/06/2024 00:00,72.09,(vau),,,,,0,(vau),15.24,(vc),,,15.24,(vau),,,,,,,,,,,,,,,,,,,,,
15/06/2024 23:00,,,,,,,,,,,,,,,,,,,,,156.43,,,,,,,,,,,,127390,,
16/06/2024 00:00,70.74,(vau),,,,,0,(vau),17.21,(vc),,,17.21,(vau),,,,,,,,,,,,,,,,,,,,,
16/06/2024 23:00,,,,,,,,,,,,,,,,,,,,,156.2,,,,,,,,,,,,126250,,
17/06/2024 00:00,82.07,(vau),,,,,0,(vau),18,(vc),,,18,(vau),,,,,,,,,,,,,,,,,,,,,
17/06/2024 23:00,,,,,,,,,,,,,,,,,,,156.89,(vco),156.89,(vco),,,,,,,130000,,,,130000,,
18/06/2024 00:00,44.55,(vau),,,,,0,(vau),0,(vc),,,0,(vau),,,,,,,,,,,,,,,,,,,,,
18/06/2024 23:00,,,,,,,,,,,,,,,,,,,,,156.9,,,,,,,,,,,,129730,,
19/06/2024 00:00,55.65,(vau),,,,,0,(vau),0,(vc),,,0,(vau),,,,,,,,,,,,,,,,,,,,,
19/06/2024 23:00,,,,,,,,,,,,,,,,,,,,,156.94,,,,,,,,,,,,129900,,
20/06/2024 00:00,55.2,(vau),,,,,0,(vau),0,(vc),,,0,(vau),,,,,,,,,,,,,,,,,,,,,
20/06/2024 23:00,,,,,,,,,,,,,,,,,,,,,157.21,,,,,,,,,,,,131270,,
21/06/2024 00:00,56.66,(vau),,,,,0,(vau),6.67,(vc),,,6.67,(vau),,,,,,,,,,,,,,,,,,,,,
21/06/2024 23:00,,,,,,,,,,,,,,,,,,,,,157.23,,,,,,,,,,,,131360,,
22/06/2024 00:00,9.77,(vau),,,,,0,(vau),19.23,(vc),,,19.23,(vau),,,,,,,,,,,,,,,,,,,,,
22/06/2024 23:00,,,,,,,,,,,,,,,,,,,,,156.79,,,,,,,,,,,,129170,,
23/06/2024 00:00,41.93,(vau),,,,,0,(vau),13.63,(vc),,,13.63,(vau),,,,,,,,,,,,,,,,,,,,,
23/06/2024 23:00,,,,,,,,,,,,,,,,,,,,,157.08,,,,,,,,,,,,130610,,
24/06/2024 00:00,43.57,(vau),,,,,0,(vau),17.04,(vc),,,17.04,(vau),,,,,,,,,,,,,,,,,,,,,
24/06/2024 23:00,,,,,,,,,,,,,,,,,,,156.82,(vco),156.82,(vco),,,,,,,129000,,,,129000,,
25/06/2024 00:00,71.12,(vau),,,,,0,(vau),30.73,(vc),,,30.73,(vau),,,,,,,,,,,,,,,,,,,,,
25/06/2024 23:00,,,,,,,,,,,,,,,,,,,,,157.52,,,,,,,,,,,,132800,,
26/06/2024 00:00,55.72,(vau),,,,,0,(vau),31.79,(vc),,,31.79,(vau),,,,,,,,,,,,,,,,,,,,,
26/06/2024 23:00,,,,,,,,,,,,,,,,,,,,,157.78,,,,,,,,,,,,134090,,
27/06/2024 00:00,35.39,(vau),,,,,0,(vau),26.28,(vc),,,26.28,(vau),,,,,,,,,,,,,,,,,,,,,
27/06/2024 23:00,,,,,,,,,,,,,,,,,,,,,157.8,,,,,,,,,,,,134190,,
28/06/2024 00:00,4.8,(vau),,,,,0,(vau),32.68,(vc),,,32.68,(vau),,,,,,,,,,,,,,,,,,,,,
28/06/2024 23:00,,,,,,,,,,,,,,,,,,,,,157.03,,,,,,,,,,,,130350,,
29/06/2024 00:00,48.69,(vau),,,,,0,(vau),21.2,(vc),,,21.2,(vau),,,,,,,,,,,,,,,,,,,,,
29/06/2024 23:00,,,,,,,,,,,,,,,,,,,,,157.53,,,,,,,,,,,,132850,,
30/06/2024 00:00,34.52,(vau),,,,,0,(vau),32.78,(vc),,,32.78,(vau),,,,,,,,,,,,,,,,,,,,,
30/06/2024 23:00,,,,,,,,,,,,,,,,,,,156.98,(vco),156.98,(vco),,,,,,,130130,,130130,,130130,,
01/07/2024 00:00,72.2,(vau),46.79,(vc),,,0,(vau),32.1,(vc),,,32.1,(vau),,,,,,,,,,,,,125322.34,(vc),,,,,,,
01/07/2024 23:00,,,,,,,,,,,,,,,,,,,,,157.4,,,,,,,,,,,,132210,,
02/07/2024 00:00,61.53,(vau),,,,,0,(vau),31.79,(vc),,,31.79,(vau),,,,,,,,,,,,,,,,,,,,,
02/07/2024 23:00,,,,,,,,,,,,,,,,,,,,,157.03,,,,,,,,,,,,130350,,
03/07/2024 00:00,61.71,(vau),,,,,0,(vau),31.27,(vc),,,31.27,(vau),,,,,,,,,,,,,,,,,,,,,
03/07/2024 23:00,,,,,,,,,,,,,,,,,,,,,157.22,,,,,,,,,,,,131290,,
04/07/2024 00:00,64.58,(vau),,,,,0,(vau),20.12,(vc),,,20.12,(vau),,,,,,,,,,,,,,,,,,,,,
04/07/2024 23:00,,,,,,,,,,,,,,,,,,,,,157.42,,,,,,,,,,,,132290,,
05/07/2024 00:00,55.46,(vau),,,,,0,(vau),29.31,(vc),,,29.31,(vau),,,,,,,,,,,,,,,,,,,,,
05/07/2024 23:00,,,,,,,,,,,,,,,,,,,,,157.2,,,,,,,,,,,,131220,,
06/07/2024 00:00,20.21,(vau),,,,,0,(vau),26.75,(vc),,,26.75,(vau),,,,,,,,,,,,,,,,,,,,,
06/07/2024 23:00,,,,,,,,,,,,,,,,,,,,,157.07,,,,,,,,,,,,130580,,
07/07/2024 00:00,69.67,(vau),,,,,0,(vau),15.63,(vc),,,15.63,(vau),,,,,,,,,,,,,,,,,,,,,
07/07/2024 23:00,,,,,,,,,,,,,,,,,,,,,156.9,,,,,,,,,,,,129720,,
08/07/2024 00:00,70.78,(vau),,,,,0,(vau),30.81,(vc),,,30.81,(vau),,,,,,,,,,,,,,,,,,,,,
08/07/2024 23:00,,,,,,,,,,,,,,,,,,,157.44,(vco),157.44,(vco),,,,,,,132000,,,,132000,,
09/07/2024 00:00,46.45,(vau),,,,,0,(vau),23.83,(vc),,,23.83,(vau),,,,,,,,,,,,,,,,,,,,,
09/07/2024 23:00,,,,,,,,,,,,,,,,,,,,,157.3,,,,,,,,,,,,131690,,
10/07/2024 00:00,52.16,(vau),,,,,0,(vau),29.44,(vc),,,29.44,(vau),,,,,,,,,,,,,,,,,,,,,
10/07/2024 23:00,,,,,,,,,,,,,,,,,,,,,157.23,,,,,,,,,,,,131380,,
11/07/2024 00:00,43.71,(vau),,,,,0,(vau),25.4,(vc),,,25.4,(vau),,,,,,,,,,,,,,,,,,,,,
11/07/2024 23:00,,,,,,,,,,,,,,,,,,,,,157.39,,,,,,,,,,,,132160,,
12/07/2024 00:00,34.99,(vau),,,,,0,(vau),29.9,(vc),,,29.9,(vau),,,,,,,,,,,,,,,,,,,,,
12/07/2024 23:00,,,,,,,,,,,,,,,,,,,,,157.43,,,,,,,,,,,,132330,,
13/07/2024 00:00,49.45,(vau),,,,,0,(vau),21.98,(vc),,,21.98,(vau),,,,,,,,,,,,,,,,,,,,,
13/07/2024 23:00,,,,,,,,,,,,,,,,,,,,,157.53,,,,,,,,,,,,132860,,
14/07/2024 00:00,39.25,(vau),,,,,0,(vau),25.2,(vc),,,25.2,(vau),,,,,,,,,,,,,,,,,,,,,
14/07/2024 23:00,,,,,,,,,,,,,,,,,,,,,157.35,,,,,,,,,,,,131940,,
15/07/2024 00:00,43.37,(vau),,,,,0,(vau),16.6,(vc),,,16.6,(vau),,,,,,,,,,,,,,,,,,,,,
15/07/2024 23:00,,,,,,,,,,,,,,,,,,,157.08,(vco),157.08,(vco),,,,,,,131000,,,,131000,,
16/07/2024 00:00,79.34,(vau),,,,,0,(vau),30.65,(vc),,,30.65,(vau),,,,,,,,,,,,,,,,,,,,,
16/07/2024 23:00,,,,,,,,,,,,,,,,,,,,,157.33,,,,,,,,,,,,131830,,
17/07/2024 00:00,60.64,(vau),,,,,0,(vau),27.83,(vc),,,27.83,(vau),,,,,,,,,,,,,,,,,,,,,
17/07/2024 23:00,,,,,,,,,,,,,,,,,,,,,157.41,,,,,,,,,,,,132230,,
18/07/2024 00:00,44.06,(vau),,,,,0,(vau),31.56,(vc),,,31.56,(vau),,,,,,,,,,,,,,,,,,,,,
18/07/2024 23:00,,,,,,,,,,,,,,,,,,,,,157.59,,,,,,,,,,,,133140,,
19/07/2024 00:00,28.29,(vau),,,,,0,(vau),31.62,(vc),,,31.62,(vau),,,,,157.58,(vau),,,,,,,,,,,,,,,
19/07/2024 01:00,,,,,,,,,,,,,,,,,,,157.57,(vau),,,,,,,,,,,,,,,
19/07/2024 02:00,,,,,,,,,,,,,,,,,,,157.53,(vau),,,,,,,,,,,,,,,
19/07/2024 03:00,,,,,,,,,,,,,,,,,,,157.48,(vau),,,,,,,,,,,,,,,
19/07/2024 04:00,,,,,,,,,,,,,,,,,,,157.49,(vau),,,,,,,,,,,,,,,
19/07/2024 05:00,,,,,,,,,,,,,,,,,,,157.48,(vau),,,,,,,,,,,,,,,
19/07/2024 06:00,,,,,,,,,,,,,,,,,,,157.47,(vau),,,,,,,,,,,,,,,
19/07/2024 07:00,,,,,,,,,,,,,,,,,,,157.48,(vau),,,,,,,,,,,,,,,
19/07/2024 08:00,,,,,,,,,,,,,,,,,,,157.48,(vau),,,,,,,,,,,,,,,
19/07/2024 09:00,,,,,,,,,,,,,,,,,,,157.46,(vau),,,,,,,,,,,,,,,
19/07/2024 10:00,,,,,,,,,,,,,,,,,,,157.44,(vau),,,,,,,,,,,,,,,
19/07/2024 11:00,,,,,,,,,,,,,,,,,,,157.41,(vau),,,,,,,,,,,,,,,
19/07/2024 12:00,,,,,,,,,,,,,,,,,,,157.4,(vau),,,,,,,,,,,,,,,
19/07/2024 13:00,,,,,,,,,,,,,,,,,,,157.38,(vau),,,,,,,,,,,,,,,
19/07/2024 14:00,,,,,,,,,,,,,,,,,,,157.32,(vau),,,,,,,,,,,,,,,
19/07/2024 15:00,,,,,,,,,,,,,,,,,,,157.32,(vau),,,,,,,,,,,,,,,
19/07/2024 16:00,,,,,,,,,,,,,,,,,,,157.3,(vau),,,,,,,,,,,,,,,
19/07/2024 17:00,,,,,,,,,,,,,,,,,,,157.3,(vau),,,,,,,,,,,,,,,
19/07/2024 18:00,,,,,,,,,,,,,,,,,,,157.24,(vau),,,,,,,,,,,,,,,
19/07/2024 19:00,,,,,,,,,,,,,,,,,,,157.23,(vau),,,,,,,,,,,,,,,
19/07/2024 20:00,,,,,,,,,,,,,,,,,,,157.24,(vau),,,,,,,,,,,,,,,
19/07/2024 21:00,,,,,,,,,,,,,,,,,,,157.46,(vau),,,,,,,,,,,,,,,
19/07/2024 22:00,,,,,,,,,,,,,,,,,,,157.46,(vau),,,,,,,,,,,,,,,
19/07/2024 23:00,,,,,,,,,,,,,,,,,,,157.39,(vau),157.39,(vau),,,,,,,,,,,132154,,
20/07/2024 00:00,31.75,(vau),,,,,0,(vau),21.36,(vc),,,21.36,(vau),,,,,157.53,(vau),,,,,,,,,,,,,,,
20/07/2024 01:00,,,,,,,,,,,,,,,,,,,157.64,(vau),,,,,,,,,,,,,,,
20/07/2024 02:00,,,,,,,,,,,,,,,,,,,157.54,(vau),,,,,,,,,,,,,,,
20/07/2024 03:00,,,,,,,,,,,,,,,,,,,157.51,(vau),,,,,,,,,,,,,,,
20/07/2024 04:00,,,,,,,,,,,,,,,,,,,157.53,(vau),,,,,,,,,,,,,,,
20/07/2024 05:00,,,,,,,,,,,,,,,,,,,157.48,(vau),,,,,,,,,,,,,,,
20/07/2024 06:00,,,,,,,,,,,,,,,,,,,157.4,(vau),,,,,,,,,,,,,,,
20/07/2024 07:00,,,,,,,,,,,,,,,,,,,157.41,(vau),,,,,,,,,,,,,,,
20/07/2024 08:00,,,,,,,,,,,,,,,,,,,157.4,(vau),,,,,,,,,,,,,,,
20/07/2024 09:00,,,,,,,,,,,,,,,,,,,157.35,(vau),,,,,,,,,,,,,,,
20/07/2024 10:00,,,,,,,,,,,,,,,,,,,157.36,(vau),,,,,,,,,,,,,,,
20/07/2024 11:00,,,,,,,,,,,,,,,,,,,157.36,(vau),,,,,,,,,,,,,,,
20/07/2024 12:00,,,,,,,,,,,,,,,,,,,157.33,(vau),,,,,,,,,,,,,,,
20/07/2024 13:00,,,,,,,,,,,,,,,,,,,157.36,(vau),,,,,,,,,,,,,,,
20/07/2024 14:00,,,,,,,,,,,,,,,,,,,157.39,(vau),,,,,,,,,,,,,,,
20/07/2024 15:00,,,,,,,,,,,,,,,,,,,157.22,(vau),,,,,,,,,,,,,,,
20/07/2024 16:00,,,,,,,,,,,,,,,,,,,157.08,(vau),,,,,,,,,,,,,,,
20/07/2024 17:00,,,,,,,,,,,,,,,,,,,157.08,(vau),,,,,,,,,,,,,,,
20/07/2024 18:00,,,,,,,,,,,,,,,,,,,156.95,(vau),,,,,,,,,,,,,,,
20/07/2024 19:00,,,,,,,,,,,,,,,,,,,156.92,(vau),,,,,,,,,,,,,,,
20/07/2024 20:00,,,,,,,,,,,,,,,,,,,157.01,(vau),,,,,,,,,,,,,,,
20/07/2024 21:00,,,,,,,,,,,,,,,,,,,157.08,(vau),,,,,,,,,,,,,,,
20/07/2024 22:00,,,,,,,,,,,,,,,,,,,157.16,(vau),,,,,,,,,,,,,,,
20/07/2024 23:00,,,,,,,,,,,,,,,,,,,157.23,(vau),157.23,(vau),,,,,,,,,,,131366,,
21/07/2024 00:00,34.65,(vau),,,,,0,(vau),29.26,(vc),,,29.26,(vau),,,,,,,,,,,,,,,,,,,,,
21/07/2024 23:00,,,,,,,,,,,,,,,,,,,,,156.87,,,,,,,,,,,,129560,,
22/07/2024 00:00,98.71,(vau),,,,,0,(vau),11.98,(vc),,,11.98,(vau),,,,,,,,,,,,,,,,,,,,,
22/07/2024 23:00,,,,,,,,,,,,,,,,,,,157.63,(vco),157.63,(vco),,,,,,,133342,,,,133342,,
23/07/2024 00:00,49.32,(vau),,,,,0,(vau),0,(vc),,,0,(vau),,,,,,,,,,,,,,,,,,,,,
23/07/2024 23:00,,,,,,,,,,,,,,,,,,,,,157.39,,,,,,,,,,,,132150,,
24/07/2024 00:00,31.5,(vau),,,,,0,(vau),0,(vc),,,0,(vau),,,,,,,,,,,,,,,,,,,,,
24/07/2024 23:00,,,,,,,,,,,,,,,,,,,,,157.78,,,,,,,,,,,,134080,,
25/07/2024 00:00,28.88,(vau),,,,,0,(vau),0,(vc),,,0,(vau),,,,,,,,,,,,,,,,,,,,,
25/07/2024 23:00,,,,,,,,,,,,,,,,,,,,,157.83,,,,,,,,,,,,134340,,
26/07/2024 00:00,24.79,(vau),,,,,0,(vau),12.08,(vc),,,12.08,(vau),,,,,,,,,,,,,,,,,,,,,
26/07/2024 23:00,,,,,,,,,,,,,,,,,,,,,157.95,,,,,,,,,,,,134970,,
27/07/2024 00:00,26.97,(vau),,,,,0,(vau),30.03,(vc),,,30.03,(vau),,,,,,,,,,,,,,,,,,,,,
27/07/2024 23:00,,,,,,,,,,,,,,,,,,,,,157.76,,,,,,,,,,,,134000,,
28/07/2024 00:00,30.01,(vau),,,,,0,(vau),23.48,(vc),,,23.48,(vau),,,,,,,,,,,,,,,,,,,,,
28/07/2024 23:00,,,,,,,,,,,,,,,,,,,,,157.49,,,,,,,,,,,,132670,,
29/07/2024 00:00,35.65,(vau),,,,,0,(vau),31.28,(vc),,,31.28,(vau),,,,,,,,,,,,,,,,,,,,,
29/07/2024 23:00,,,,,,,,,,,,,,,,,,,157.46,(vco),157.44,,,,,,,,133000,,,,133000,,
30/07/2024 00:00,20.17,(vau),,,,,0,(vau),29.78,(vc),,,29.78,(vau),,,,,,,,,,,,,,,,,,,,,
30/07/2024 23:00,,,,,,,,,,,,,,,,,,,,,157.32,,,,,,,,,,,,131810,,
31/07/2024 00:00,40.15,(vau),,,,,0,(vau),30.55,(vc),,,30.55,(vau),,,,,,,,,,,,,,,,,,,,,
31/07/2024 23:00,,,,,,,,,,,,,,,,,,,157.35,(vco),157.35,(vco),,,,,,,132000,,132000,,132000,,
01/08/2024 00:00,22.01,(vau),,,,,0,(vau),28.98,(vc),,,28.98,(vau),,,,,,,,,,,,,,,,,,,,,
01/08/2024 23:00,,,,,,,,,,,,,,,,,,,,,157.24,,,,,,,,,,,,131390,,
02/08/2024 00:00,49.33,(vau),,,,,0,(vau),29.88,(vc),,,29.88,(vau),,,,,,,,,,,,,,,,,,,,,
02/08/2024 23:00,,,,,,,,,,,,,,,,,,,,,157.39,,,,,,,,,,,,132150,,
03/08/2024 00:00,41.35,(vau),,,,,0,(vau),31.96,(vc),,,31.96,(vau),,,,,,,,,,,,,,,,,,,,,
03/08/2024 23:00,,,,,,,,,,,,,,,,,,,,,157.2,,,,,,,,,,,,131220,,
04/08/2024 00:00,36.31,(vau),,,,,0,(vau),26.84,(vc),,,26.84,(vau),,,,,157.24,(vau),,,,,,,,,,,,,,,
04/08/2024 01:00,,,,,,,,,,,,,,,,,,,157.31,(vau),,,,,,,,,,,,,,,
04/08/2024 02:00,,,,,,,,,,,,,,,,,,,157.25,(vau),,,,,,,,,,,,,,,
04/08/2024 03:00,,,,,,,,,,,,,,,,,,,157.16,(vau),,,,,,,,,,,,,,,
04/08/2024 04:00,,,,,,,,,,,,,,,,,,,157.2,(vau),,,,,,,,,,,,,,,
04/08/2024 05:00,,,,,,,,,,,,,,,,,,,157.16,(vau),,,,,,,,,,,,,,,
04/08/2024 06:00,,,,,,,,,,,,,,,,,,,157.11,(vau),,,,,,,,,,,,,,,
04/08/2024 07:00,,,,,,,,,,,,,,,,,,,157.14,(vau),,,,,,,,,,,,,,,
04/08/2024 08:00,,,,,,,,,,,,,,,,,,,157.15,(vau),,,,,,,,,,,,,,,
04/08/2024 09:00,,,,,,,,,,,,,,,,,,,157.01,(vau),,,,,,,,,,,,,,,
04/08/2024 10:00,,,,,,,,,,,,,,,,,,,156.97,(vau),,,,,,,,,,,,,,,
04/08/2024 11:00,,,,,,,,,,,,,,,,,,,156.99,(vau),,,,,,,,,,,,,,,
04/08/2024 12:00,,,,,,,,,,,,,,,,,,,157.01,(vau),,,,,,,,,,,,,,,
04/08/2024 13:00,,,,,,,,,,,,,,,,,,,156.99,(vau),,,,,,,,,,,,,,,
04/08/2024 14:00,,,,,,,,,,,,,,,,,,,156.99,(vau),,,,,,,,,,,,,,,
04/08/2024 15:00,,,,,,,,,,,,,,,,,,,156.99,(vau),,,,,,,,,,,,,,,
04/08/2024 16:00,,,,,,,,,,,,,,,,,,,156.92,(vau),,,,,,,,,,,,,,,
04/08/2024 17:00,,,,,,,,,,,,,,,,,,,156.92,(vau),,,,,,,,,,,,,,,
04/08/2024 18:00,,,,,,,,,,,,,,,,,,,156.8,(vau),,,,,,,,,,,,,,,
04/08/2024 19:00,,,,,,,,,,,,,,,,,,,156.83,(vau),,,,,,,,,,,,,,,
04/08/2024 20:00,,,,,,,,,,,,,,,,,,,156.82,(vau),,,,,,,,,,,,,,,
04/08/2024 21:00,,,,,,,,,,,,,,,,,,,156.94,(vau),,,,,,,,,,,,,,,
04/08/2024 22:00,,,,,,,,,,,,,,,,,,,157.15,(vau),,,,,,,,,,,,,,,
04/08/2024 23:00,,,,,,,,,,,,,,,,,,,157.22,(vau),157.22,(vau),,,,,,,,,,,131286,,
05/08/2024 00:00,53.4,(vau),,,,,0,(vau),32.8,(vc),,,32.8,(vau),,,,,157.23,(vau),,,,,,,,,,,,,,,
05/08/2024 01:00,,,,,,,,,,,,,,,,,,,157.23,(vau),,,,,,,,,,,,,,,
05/08/2024 02:00,,,,,,,,,,,,,,,,,,,157.16,(vau),,,,,,,,,,,,,,,
05/08/2024 03:00,,,,,,,,,,,,,,,,,,,157.15,(vau),,,,,,,,,,,,,,,
05/08/2024 04:00,,,,,,,,,,,,,,,,,,,157.15,(vau),,,,,,,,,,,,,,,
05/08/2024 05:00,,,,,,,,,,,,,,,,,,,157.08,(vau),,,,,,,,,,,,,,,
05/08/2024 06:00,,,,,,,,,,,,,,,,,,,157.16,(vau),,,,,,,,,,,,,,,
05/08/2024 07:00,,,,,,,,,,,,,,,,,,,157.3,(vau),,,,,,,,,,,,,,,
05/08/2024 08:00,,,,,,,,,,,,,,,,,,,157.46,(vau),,,,,,,,,,,,,,,
05/08/2024 09:00,,,,,,,,,,,,,,,,,,,157.48,(vau),,,,,,,,,,,,,,,
05/08/2024 10:00,,,,,,,,,,,,,,,,,,,157.38,(vau),,,,,,,,,,,,,,,
05/08/2024 11:00,,,,,,,,,,,,,,,,,,,157.23,(vau),,,,,,,,,,,,,,,
05/08/2024 12:00,,,,,,,,,,,,,,,,,,,157.14,(vau),,,,,,,,,,,,,,,
05/08/2024 13:00,,,,,,,,,,,,,,,,,,,157.16,(vau),,,,,,,,,,,,,,,
05/08/2024 14:00,,,,,,,,,,,,,,,,,,,157.14,(vau),,,,,,,,,,,,,,,
05/08/2024 15:00,,,,,,,,,,,,,,,,,,,157.08,(vau),,,,,,,,,,,,,,,
05/08/2024 16:00,,,,,,,,,,,,,,,,,,,157.08,(vau),,,,,,,,,,,,,,,
05/08/2024 17:00,,,,,,,,,,,,,,,,,,,157.08,(vau),,,,,,,,,,,,,,,
05/08/2024 18:00,,,,,,,,,,,,,,,,,,,156.92,(vau),,,,,,,,,,,,,,,
05/08/2024 19:00,,,,,,,,,,,,,,,,,,,157,(vau),,,,,,,,,,,,,,,
05/08/2024 20:00,,,,,,,,,,,,,,,,,,,157.01,(vau),,,,,,,,,,,,,,,
05/08/2024 21:00,,,,,,,,,,,,,,,,,,,157.09,(vau),,,,,,,,,,,,,,,
05/08/2024 22:00,,,,,,,,,,,,,,,,,,,157.27,(vau),,,,,,,,,,,,,,,
05/08/2024 23:00,,,,,,,,,,,,,,,,,,,157.23,(vdd),157.23,(vdd),,,,,,,131000,,,,131000,,
06/08/2024 00:00,,,,,,,,,,,,,,,,,,,157.39,(vau),,,,,,,,,,,,,,,
06/08/2024 01:00,,,,,,,,,,,,,,,,,,,157.35,(vau),,,,,,,,,,,,,,,
06/08/2024 02:00,,,,,,,,,,,,,,,,,,,157.33,(vau),,,,,,,,,,,,,,,
06/08/2024 03:00,,,,,,,,,,,,,,,,,,,157.31,(vau),,,,,,,,,,,,,,,
06/08/2024 04:00,,,,,,,,,,,,,,,,,,,157.3,(vau),,,,,,,,,,,,,,,
06/08/2024 05:00,,,,,,,,,,,,,,,,,,,157.24,(vau),,,,,,,,,,,,,,,
06/08/2024 06:00,,,,,,,,,,,,,,,,,,,157.25,(vau),,,,,,,,,,,,,,,
06/08/2024 07:00,,,,,,,,,,,,,,,,,,,157.33,(vau),,,,,,,,,,,,,,,
06/08/2024 08:00,,,,,,,,,,,,,,,,,,,157.41,(vau),,,,,,,,,,,,,,,
06/08/2024 09:00,,,,,,,,,,,,,,,,,,,157.47,(vau),,,,,,,,,,,,,,,
06/08/2024 10:00,,,,,,,,,,,,,,,,,,,157.37,(vau),,,,,,,,,,,,,,,
06/08/2024 11:00,,,,,,,,,,,,,,,,,,,157.16,(vau),,,,,,,,,,,,,,,
06/08/2024 12:00,,,,,,,,,,,,,,,,,,,157.16,(vau),,,,,,,,,,,,,,,
06/08/2024 13:00,,,,,,,,,,,,,,,,,,,157.16,(vau),,,,,,,,,,,,,,,
06/08/2024 14:00,,,,,,,,,,,,,,,,,,,157.08,(vau),,,,,,,,,,,,,,,
06/08/2024 15:00,,,,,,,,,,,,,,,,,,,157.07,(vau),,,,,,,,,,,,,,,
06/08/2024 16:00,,,,,,,,,,,,,,,,,,,157.08,(vau),,,,,,,,,,,,,,,
06/08/2024 17:00,,,,,,,,,,,,,,,,,,,157.06,(vau),,,,,,,,,,,,,,,
06/08/2024 18:00,,,,,,,,,,,,,,,,,,,157,(vau),,,,,,,,,,,,,,,
06/08/2024 20:00,,,,,,,,,,,,,,,,,,,157.22,(vau),,,,,,,,,,,,,,,
06/08/2024 21:00,,,,,,,,,,,,,,,,,,,157.31,(vau),,,,,,,,,,,,,,,
06/08/2024 22:00,,,,,,,,,,,,,,,,,,,157.4,(vau),,,,,,,,,,,,,,,
06/08/2024 23:00,,,,,,,,,,,,,,,,,,,157.45,(vau),157.45,(vau),,,,,,,,,,,132463,,
12/08/2024 00:00,28.71,(vau),,,,,0,(vau),30.81,(vc),,,30.81,(vau),,,,,,,,,,,,,,,,,,,,,
12/08/2024 23:00,,,,,,,,,,,,,,,,,,,,,157,,,,,,,,,,,,130210,,
13/08/2024 00:00,82.41,(vau),,,,,0,(vau),30.3,(vc),,,30.3,(vau),,,,,,,,,,,,,,,,,,,,,
13/08/2024 23:00,,,,,,,,,,,,,,,,,,,,,157.33,,,,,,,,,,,,131850,,
14/08/2024 00:00,28.56,(vau),,,,,0,(vau),33.63,(vc),,,33.63,(vau),,,,,,,,,,,,,,,,,,,,,
14/08/2024 23:00,,,,,,,,,,,,,,,,,,,,,157.24,,,,,,,,,,,,131410,,
15/08/2024 00:00,31.43,(vau),,,,,0,(vau),32.1,(vc),,,32.1,(vau),,,,,,,,,,,,,,,,,,,,,
15/08/2024 23:00,,,,,,,,,,,,,,,,,,,,,156.51,,,,,,,,,,,,127770,,
16/08/2024 00:00,83.5,(vau),,,,,0,(vau),34.93,(vc),,,34.93,(vau),,,,,,,,,,,,,,,,,,,,,
16/08/2024 23:00,,,,,,,,,,,,,,,,,,,,,156.62,,,,,,,,,,,,128320,,
17/08/2024 00:00,75.9,(vau),,,,,0,(vau),39.78,(vc),,,39.78,(vau),,,,,,,,,,,,,,,,,,,,,
17/08/2024 23:00,,,,,,,,,,,,,,,,,,,,,157.39,,,,,,,,,,,,132150,,
18/08/2024 00:00,28.37,(vau),,,,,0,(vau),32.37,(vc),,,32.37,(vau),,,,,,,,,,,,,,,,,,,,,
18/08/2024 23:00,,,,,,,,,,,,,,,,,,,,,157.08,,,,,,,,,,,,130610,,
19/08/2024 00:00,67.86,(vau),,,,,0,(vau),23.67,(vc),,,23.67,(vau),,,,,,,,,,,,,,,,,,,,,
19/08/2024 23:00,,,,,,,,,,,,,,,,,,,,,156.68,,,,,,,,,,,,128620,,
20/08/2024 00:00,28.34,(vau),,,,,0,(vau),0,(vc),,,0,(vau),,,,,,,,,,,,,,,,,,,,,
20/08/2024 23:00,,,,,,,,,,,,,,,,,,,,,156.37,,,,,,,,,,,,127080,,
31/08/2024 23:00,,,,,,,,,,,,,,,,,,,157.32,(vco),157.32,(vco),,,,,,,131800,,131800,,131800,,
09/09/2024 23:00,,,,,,,,,,,,,,,,,,,157.08,(vco),157.08,(vco),,,,,,,131000,,,,131000,,
16/09/2024 23:00,,,,,,,,,,,,,,,,,,,156.21,(vco),156.21,(vco),,,,,,,126000,,,,126000,,
21/09/2024 00:00,44.62,(vau),,,,,0,(vau),33.68,(vc),,,33.68,(vau),,,,,,,,,,,,,,,,,,,,,
21/09/2024 23:00,,,,,,,,,,,,,,,,,,,,,157.08,,,,,,,,,,,,130610,,
22/09/2024 00:00,46.66,(vau),,,,,0,(vau),34,(vc),,,34,(vau),,,,,,,,,,,,,,,,,,,,,
22/09/2024 23:00,,,,,,,,,,,,,,,,,,,,,157.08,,,,,,,,,,,,130610,,
23/09/2024 00:00,35.52,(vau),,,,,0,(vau),31.54,(vc),,,31.54,(vau),,,,,,,,,,,,,,,,,,,,,
23/09/2024 23:00,,,,,,,,,,,,,,,,,,,156.98,(vco),156.98,(vco),,,,,,,130000,,,,130000,,
24/09/2024 00:00,96.86,(vau),,,,,0,(vau),30.23,(vc),,,30.23,(vau),,,,,,,,,,,,,,,,,,,,,
24/09/2024 23:00,,,,,,,,,,,,,,,,,,,,,157.46,,,,,,,,,,,,132500,,
25/09/2024 00:00,26.66,(vau),,,,,0,(vau),33.62,(vc),,,33.62,(vau),,,,,,,,,,,,,,,,,,,,,
25/09/2024 23:00,,,,,,,,,,,,,,,,,,,,,157.39,,,,,,,,,,,,132150,,
26/09/2024 00:00,135.18,(vau),,,,,0,(vau),26.36,(vc),,,26.36,(vau),,,,,,,,,,,,,,,,,,,,,
26/09/2024 23:00,,,,,,,,,,,,,,,,,,,,,158.68,,,,,,,,,,,,138750,,
27/09/2024 00:00,79.01,(vau),,,,,0,(vau),1.53,(vc),,,1.53,(vau),,,,,,,,,,,,,,,,,,,,,
27/09/2024 23:00,,,,,,,,,,,,,,,,,,,,,159.31,,,,,,,,,,,,142250,,
28/09/2024 00:00,63.36,(vau),,,,,0,(vau),0,(vc),,,0,(vau),,,,,,,,,,,,,,,,,,,,,
28/09/2024 23:00,,,,,,,,,,,,,,,,,,,,,159.8,,,,,,,,,,,,145100,,
29/09/2024 00:00,10.54,(vau),,,,,0,(vau),0,(vc),,,0,(vau),,,,,,,,,,,,,,,,,,,,,
29/09/2024 23:00,,,,,,,,,,,,,,,,,,,,,159.88,,,,,,,,,,,,145580,,
30/09/2024 00:00,71.67,(vau),,,,,0,(vau),0,(vc),,,0,(vau),,,,,,,,,,,,,,,,,,,,,
30/09/2024 23:00,,,,,,,,,,,,,,,,,,,160.43,(vco),160.52,,,,,,,,150000,,150000,,150000,,
01/10/2024 00:00,21.17,(vau),75.99,(vc),,,0,(vau),0,(vc),,,0,(vau),,,,,,,,,,,,,203531.62,(vc),,,,,,,
01/10/2024 23:00,,,,,,,,,,,,,,,,,,,,,160.84,,,,,,,,,,,,151620,,
02/10/2024 00:00,41,(vau),,,,,0,(vau),0,(vc),,,0,(vau),,,,,,,,,,,,,,,,,,,,,
02/10/2024 23:00,,,,,,,,,,,,,,,,,,,,,161.49,,,,,,,,,,,,154790,,
03/10/2024 00:00,15.96,(vau),,,,,16.09,(vau),16.09,(vc),,,0,(vau),,,,,,,,,,,,,,,,,,,,,
03/10/2024 23:00,,,,,,,,,,,,,,,,,,,,,161.27,,,,,,,,,,,,153540,,
04/10/2024 00:00,45.42,(vau),,,,,28.5,(vau),38.8,(vc),,,10.3,(vau),,,,,,,,,,,,,,,,,,,,,
04/10/2024 23:00,,,,,,,,,,,,,,,,,,,,,161.32,,,,,,,,,,,,153800,,
05/10/2024 00:00,54.79,(vau),,,,,0,(vau),29.98,(vc),,,29.98,(vau),,,,,,,,,,,,,,,,,,,,,
05/10/2024 23:00,,,,,,,,,,,,,,,,,,,,,161.33,,,,,,,,,,,,153850,,
06/10/2024 00:00,137.72,(vau),,,,,98.58,(vau),132.49,(vc),,,33.9,(vau),,,,,,,,,,,,,,,,,,,,,
06/10/2024 23:00,,,,,,,,,,,,,,,,,,,,,161.33,,,,,,,,,,,,153850,,
07/10/2024 00:00,118.34,(vau),,,,,74.41,(vau),108.41,(vc),,,34,(vau),,,,,,,,,,,,,,,,,,,,,
07/10/2024 23:00,,,,,,,,,,,,,,,,,,,161.16,(vco),161.16,(vco),,,,,,,153000,,,,153000,,
08/10/2024 00:00,121.04,(vau),,,,,23.53,(vau),57.24,(vc),,,33.71,(vau),,,,,,,,,,,,,,,,,,,,,
08/10/2024 23:00,,,,,,,,,,,,,,,,,,,,,161.71,,,,,,,,,,,,156390,,
09/10/2024 00:00,466.7,(vau),,,,,427.19,(vau),461.19,(vc),,,34,(vau),,,,,,,,,,,,,,,,,,,,,
09/10/2024 23:00,,,,,,,,,,,,,,,,,,,,,161.55,,,,,,,,,,,,155180,,
10/10/2024 00:00,172.35,(vau),,,,,132.7,(vau),165.95,(vc),,,33.26,(vau),,,,,,,,,,,,,,,,,,,,,
10/10/2024 23:00,,,,,,,,,,,,,,,,,,,,,161.65,,,,,,,,,,,,155910,,
11/10/2024 00:00,87.93,(vau),,,,,80.4,(vau),114.4,(vc),,,34,(vau),,,,,,,,,,,,,,,,,,,,,
11/10/2024 23:00,,,,,,,,,,,,,,,,,,,,,160.91,,,,,,,,,,,,151920,,
12/10/2024 00:00,72.26,(vau),,,,,0,(vau),33.19,(vc),,,33.19,(vau),,,,,,,,,,,,,,,,,,,,,
12/10/2024 23:00,,,,,,,,,,,,,,,,,,,,,160.84,,,,,,,,,,,,151620,,
13/10/2024 00:00,42.46,(vau),,,,,0,(vau),34,(vc),,,34,(vau),,,,,,,,,,,,,,,,,,,,,
13/10/2024 23:00,,,,,,,,,,,,,,,,,,,,,160.05,,,,,,,,,,,,146780,,
14/10/2024 00:00,99.26,(vau),,,,,0,(vau),31.72,(vc),,,31.72,(vau),,,,,,,,,,,,,,,,,,,,,
14/10/2024 23:00,,,,,,,,,,,,,,,,,,,160.37,(vco),160.37,(vco),,,,,,,149000,,,,149000,,
15/10/2024 00:00,43.82,(vau),,,,,0,(vau),32.43,(vc),,,32.43,(vau),,,,,,,,,,,,,,,,,,,,,
15/10/2024 23:00,,,,,,,,,,,,,,,,,,,,,161.15,,,,,,,,,,,,152960,,
16/10/2024 00:00,65.17,(vau),,,,,0,(vau),34.23,(vc),,,34.23,(vau),,,,,,,,,,,,,,,,,,,,,
16/10/2024 23:00,,,,,,,,,,,,,,,,,,,,,161.48,,,,,,,,,,,,154720,,
17/10/2024 00:00,53.87,(vau),,,,,2.36,(vau),,,,,,,,,,,,,,,,,,,,,,,,,,,
17/10/2024 23:00,,,,,,,,,,,,,,,,,,,,,160.75,,,,,,,,,,,,151220,,
18/10/2024 00:00,46.15,(vau),,,,,0,(vau),68,(vc),,,68,(vau),,,,,160.68,(vau),,,,,,,,,,,,,,,
18/10/2024 01:00,,,,,,,,,,,,,,,,,,,160.6,(vau),,,,,,,,,,,,,,,
18/10/2024 02:00,,,,,,,,,,,,,,,,,,,160.59,(vau),,,,,,,,,,,,,,,
18/10/2024 03:00,,,,,,,,,,,,,,,,,,,160.52,(vau),,,,,,,,,,,,,,,
18/10/2024 04:00,,,,,,,,,,,,,,,,,,,160.51,(vau),,,,,,,,,,,,,,,
18/10/2024 05:00,,,,,,,,,,,,,,,,,,,160.52,(vau),,,,,,,,,,,,,,,
18/10/2024 06:00,,,,,,,,,,,,,,,,,,,160.36,(vau),,,,,,,,,,,,,,,
18/10/2024 07:00,,,,,,,,,,,,,,,,,,,160.36,(vau),,,,,,,,,,,,,,,
18/10/2024 08:00,,,,,,,,,,,,,,,,,,,160.43,(vau),,,,,,,,,,,,,,,
18/10/2024 09:00,,,,,,,,,,,,,,,,,,,160.36,(vau),,,,,,,,,,,,,,,
18/10/2024 10:00,,,,,,,,,,,,,,,,,,,160.28,(vau),,,,,,,,,,,,,,,
18/10/2024 11:00,,,,,,,,,,,,,,,,,,,160.35,(vau),,,,,,,,,,,,,,,
18/10/2024 12:00,,,,,,,,,,,,,,,,,,,160.12,(vau),,,,,,,,,,,,,,,
18/10/2024 13:00,,,,,,,,,,,,,,,,,,,160.21,(vau),,,,,,,,,,,,,,,
18/10/2024 14:00,,,,,,,,,,,,,,,,,,,160.12,(vau),,,,,,,,,,,,,,,
18/10/2024 15:00,,,,,,,,,,,,,,,,,,,160.05,(vau),,,,,,,,,,,,,,,
18/10/2024 16:00,,,,,,,,,,,,,,,,,,,160.11,(vau),,,,,,,,,,,,,,,
18/10/2024 17:00,,,,,,,,,,,,,,,,,,,160.16,(vau),,,,,,,,,,,,,,,
18/10/2024 18:00,,,,,,,,,,,,,,,,,,,160.18,(vau),,,,,,,,,,,,,,,
18/10/2024 19:00,,,,,,,,,,,,,,,,,,,160.27,(vau),,,,,,,,,,,,,,,
18/10/2024 20:00,,,,,,,,,,,,,,,,,,,160.34,(vau),,,,,,,,,,,,,,,
18/10/2024 21:00,,,,,,,,,,,,,,,,,,,160.35,(vau),,,,,,,,,,,,,,,
18/10/2024 22:00,,,,,,,,,,,,,,,,,,,160.43,(vau),,,,,,,,,,,,,,,
18/10/2024 23:00,,,,,,,,,,,,,,,,,,,160.43,(vau),160.43,(vau),,,,,,,,,,,149604,,
19/10/2024 00:00,68.48,(vau),,,,,0,(vau),68,(vc),,,68,(vau),,,,,,,,,,,,,,,,,,,,,
19/10/2024 23:00,,,,,,,,,,,,,,,,,,,,,160.43,,,,,,,,,,,,149600,,
20/10/2024 00:00,125.92,(vau),,,,,0,(vau),67.51,(vc),,,67.51,(vau),,,,,160.36,(vau),,,,,,,,,,,,,,,
20/10/2024 01:00,,,,,,,,,,,,,,,,,,,160.37,(vau),,,,,,,,,,,,,,,
20/10/2024 02:00,,,,,,,,,,,,,,,,,,,160.35,(vau),,,,,,,,,,,,,,,
20/10/2024 03:00,,,,,,,,,,,,,,,,,,,160.51,(vau),,,,,,,,,,,,,,,
20/10/2024 04:00,,,,,,,,,,,,,,,,,,,160.51,(vau),,,,,,,,,,,,,,,
20/10/2024 05:00,,,,,,,,,,,,,,,,,,,160.6,(vau),,,,,,,,,,,,,,,
20/10/2024 06:00,,,,,,,,,,,,,,,,,,,160.68,(vau),,,,,,,,,,,,,,,
20/10/2024 07:00,,,,,,,,,,,,,,,,,,,160.75,(vau),,,,,,,,,,,,,,,
20/10/2024 08:00,,,,,,,,,,,,,,,,,,,160.85,(vau),,,,,,,,,,,,,,,
20/10/2024 09:00,,,,,,,,,,,,,,,,,,,160.84,(vau),,,,,,,,,,,,,,,
20/10/2024 10:00,,,,,,,,,,,,,,,,,,,160.91,(vau),,,,,,,,,,,,,,,
20/10/2024 11:00,,,,,,,,,,,,,,,,,,,160.99,(vau),,,,,,,,,,,,,,,
20/10/2024 12:00,,,,,,,,,,,,,,,,,,,161.07,(vau),,,,,,,,,,,,,,,
20/10/2024 13:00,,,,,,,,,,,,,,,,,,,161.07,(vau),,,,,,,,,,,,,,,
20/10/2024 14:00,,,,,,,,,,,,,,,,,,,161.16,(vau),,,,,,,,,,,,,,,
20/10/2024 15:00,,,,,,,,,,,,,,,,,,,161.24,(vau),,,,,,,,,,,,,,,
20/10/2024 16:00,,,,,,,,,,,,,,,,,,,161.31,(vau),,,,,,,,,,,,,,,
20/10/2024 17:00,,,,,,,,,,,,,,,,,,,161.39,(vau),,,,,,,,,,,,,,,
20/10/2024 18:00,,,,,,,,,,,,,,,,,,,161.35,(vau),,,,,,,,,,,,,,,
20/10/2024 19:00,,,,,,,,,,,,,,,,,,,161.32,(vau),,,,,,,,,,,,,,,
20/10/2024 20:00,,,,,,,,,,,,,,,,,,,161.39,(vau),,,,,,,,,,,,,,,
20/10/2024 21:00,,,,,,,,,,,,,,,,,,,161.48,(vau),,,,,,,,,,,,,,,
20/10/2024 22:00,,,,,,,,,,,,,,,,,,,161.48,(vau),,,,,,,,,,,,,,,
20/10/2024 23:00,,,,,,,,,,,,,,,,,,,161.57,(vau),161.57,(vau),,,,,,,,,,,155321,,
21/10/2024 00:00,74.99,(vau),,,,,0,(vau),62.16,(vc),,,62.16,(vau),,,,,,,,,,,,,,,,,,,,,
21/10/2024 23:00,,,,,,,,,,,,,,,,,,,161.48,(vco),161.48,(vco),,,,,,,155000,,,,155000,,
22/10/2024 00:00,58.01,(vau),,,,,0,(vau),63.35,(vc),,,63.35,(vau),,,,,,,,,,,,,,,,,,,,,
22/10/2024 23:00,,,,,,,,,,,,,,,,,,,,,160.91,,,,,,,,,,,,151920,,
23/10/2024 00:00,22.15,(vau),,,,,0,(vau),54.35,(vc),,,54.35,(vau),,,,,,,,,,,,,,,,,,,,,
23/10/2024 23:00,,,,,,,,,,,,,,,,,,,,,160.2,,,,,,,,,,,,148050,,
24/10/2024 00:00,0,(vau),,,,,0,(vau),68,(vc),,,68,(vau),,,,,,,,,,,,,,,,,,,,,
24/10/2024 23:00,,,,,,,,,,,,,,,,,,,,,159.16,,,,,,,,,,,,141390,,
25/10/2024 00:00,19.96,(vau),,,,,0,(vau),64.65,(vc),,,64.65,(vau),,,,,,,,,,,,,,,,,,,,,
25/10/2024 23:00,,,,,,,,,,,,,,,,,,,,,158.44,,,,,,,,,,,,137470,,
26/10/2024 00:00,20.97,(vau),,,,,0,(vau),67.62,(vc),,,67.62,(vau),,,,,,,,,,,,,,,,,,,,,
26/10/2024 23:00,,,,,,,,,,,,,,,,,,,,,157.65,,,,,,,,,,,,133450,,
27/10/2024 00:00,20.25,(vau),,,,,0,(vau),60.12,(vc),,,60.12,(vau),,,,,,,,,,,,,,,,,,,,,
27/10/2024 23:00,,,,,,,,,,,,,,,,,,,,,157.08,,,,,,,,,,,,130610,,
28/10/2024 00:00,11.45,(vau),,,,,0,(vau),49.87,(vc),,,49.87,(vau),,,,,,,,,,,,,,,,,,,,,
28/10/2024 23:00,,,,,,,,,,,,,,,,,,,156.6,(vco),156.6,(vco),,,,,,,128000,,,,128000,,
29/10/2024 00:00,59.12,(vau),,,,,0,(vau),42.83,(vc),,,42.83,(vau),,,,,,,,,,,,,,,,,,,,,
29/10/2024 23:00,,,,,,,,,,,,,,,,,,,,,156.65,,,,,,,,,,,,128470,,
30/10/2024 00:00,43.16,(vau),,,,,0,(vau),63.6,(vc),,,63.6,(vau),,,,,,,,,,,,,,,,,,,,,
30/10/2024 23:00,,,,,,,,,,,,,,,,,,,,,156.59,,,,,,,,,,,,128170,,
31/10/2024 00:00,125.95,(vau),,,,,0,(vau),61.15,(vc),,,61.15,(vau),,,,,,,,,,,,,,,,,,,,,
31/10/2024 23:00,,,,,,,,,,,,,,,,,,,156.91,(vco),156.91,(vco),,,,,,,130000,,130000,,130000,,
01/11/2024 00:00,117.14,(vau),,,,,0,(vau),67.2,(vc),,,67.2,(vau),,,,,,,,,,,,,,,,,,,,,
01/11/2024 23:00,,,,,,,,,,,,,,,,,,,,,158.35,,,,,,,,,,,,137000,,
02/11/2024 00:00,110.94,(vau),,,,,0,(vau),67.28,(vc),,,67.28,(vau),,,,,,,,,,,,,,,,,,,,,
02/11/2024 23:00,,,,,,,,,,,,,,,,,,,,,159.18,,,,,,,,,,,,141510,,
03/11/2024 00:00,71.99,(vau),,,,,0,(vau),53.87,(vc),,,53.87,(vau),,,,,,,,,,,,,,,,,,,,,
03/11/2024 23:00,,,,,,,,,,,,,,,,,,,,,158.44,,,,,,,,,,,,137470,,
04/11/2024 00:00,95.08,(vau),,,,,0,(vau),65.37,(vc),,,65.37,(vau),,,,,,,,,,,,,,,,,,,,,
04/11/2024 23:00,,,,,,,,,,,,,,,,,,,158.6,(vco),159.31,,,,,,,,138000,,,,138000,,
05/11/2024 00:00,89.38,(vau),,,,,0,(vau),66.91,(vc),,,66.91,(vau),,,,,,,,,,,,,,,,,,,,,
05/11/2024 23:00,,,,,,,,,,,,,,,,,,,,,159.47,,,,,,,,,,,,143160,,
06/11/2024 00:00,116.06,(vau),,,,,0,(vau),65.78,(vc),,,65.78,(vau),,,,,,,,,,,,,,,,,,,,,
06/11/2024 23:00,,,,,,,,,,,,,,,,,,,,,159.8,,,,,,,,,,,,145100,,
07/11/2024 00:00,30.38,(vau),,,,,0,(vau),67.55,(vc),,,67.55,(vau),,,,,,,,,,,,,,,,,,,,,
07/11/2024 23:00,,,,,,,,,,,,,,,,,,,,,158.44,,,,,,,,,,,,137470,,
08/11/2024 00:00,133.08,(vau),,,,,0,(vau),68,(vc),,,68,(vau),,,,,,,,,,,,,,,,,,,,,
08/11/2024 23:00,,,,,,,,,,,,,,,,,,,,,159.71,,,,,,,,,,,,144570,,
09/11/2024 00:00,0,(vau),,,,,0,(vau),68,(vc),,,68,(vau),,,,,,,,,,,,,,,,,,,,,
09/11/2024 23:00,,,,,,,,,,,,,,,,,,,,,158.19,,,,,,,,,,,,136170,,
10/11/2024 00:00,56.15,(vau),,,,,0,(vau),67.82,(vc),,,67.82,(vau),,,,,,,,,,,,,,,,,,,,,
10/11/2024 23:00,,,,,,,,,,,,,,,,,,,,,156.93,,,,,,,,,,,,129860,,
11/11/2024 00:00,12.96,(vau),,,,,0,(vau),44.4,(vc),,,44.4,(vau),,,,,,,,,,,,,,,,,,,,,
11/11/2024 23:00,,,,,,,,,,,,,,,,,,,156.27,(vco),156.27,(vco),,,,,,,127000,,,,127000,,
12/11/2024 00:00,36.65,(vau),,,,,0,(vau),42.13,(vc),,,42.13,(vau),,,,,,,,,,,,,,,,,,,,,
12/11/2024 23:00,,,,,,,,,,,,,,,,,,,,,155.23,,,,,,,,,,,,121450,,
13/11/2024 00:00,112.27,(vau),,,,,0,(vau),63.44,(vc),,,63.44,(vau),,,,,,,,,,,,,,,,,,,,,
13/11/2024 23:00,,,,,,,,,,,,,,,,,,,,,155.88,,,,,,,,,,,,124650,,
14/11/2024 00:00,123.59,(vau),,,,,0,(vau),66.09,(vc),,,66.09,(vau),,,,,,,,,,,,,,,,,,,,,
14/11/2024 23:00,,,,,,,,,,,,,,,,,,,,,156.99,,,,,,,,,,,,130160,,
15/11/2024 00:00,111.95,(vau),,,,,0,(vau),67.12,(vc),,,67.12,(vau),,,,,,,,,,,,,,,,,,,,,
15/11/2024 23:00,,,,,,,,,,,,,,,,,,,,,157.7,,,,,,,,,,,,133700,,
17/11/2024 00:00,77.04,(vau),,,,,0,(vau),59.82,(vc),,,59.82,(vau),,,,,,,,,,,,,,,,,,,,,
17/11/2024 23:00,,,,,,,,,,,,,,,,,,,,,157.75,,,,,,,,,,,,133950,,
18/11/2024 23:00,,,,,,,,,,,,,,,,,,,157.79,(vco),157.79,(vco),,,,,,,134151,,,,134151,,
19/11/2024 00:00,100.64,(vau),,,,,0,(vau),68,(vc),,,68,(vau),,,,,,,,,,,,,,,,,,,,,
19/11/2024 23:00,,,,,,,,,,,,,,,,,,,,,158.12,,,,,,,,,,,,135810,,
20/11/2024 00:00,34.03,(vau),,,,,0,(vau),64.74,(vc),,,64.74,(vau),,,,,,,,,,,,,,,,,,,,,
20/11/2024 23:00,,,,,,,,,,,,,,,,,,,,,157.4,,,,,,,,,,,,132200,,
21/11/2024 00:00,32.91,(vau),,,,,0,(vau),41.24,(vc),,,41.24,(vau),,,,,,,,,,,,,,,,,,,,,
21/11/2024 23:00,,,,,,,,,,,,,,,,,,,,,156.04,,,,,,,,,,,,125440,,
22/11/2024 00:00,94.36,(vau),,,,,0,(vau),46.72,(vc),,,46.72,(vau),,,,,,,,,,,,,,,,,,,,,
22/11/2024 23:00,,,,,,,,,,,,,,,,,,,,,156.71,,,,,,,,,,,,128770,,
23/11/2024 00:00,65.96,(vau),,,,,0,(vau),22.26,(vc),,,22.26,(vau),,,,,,,,,,,,,,,,,,,,,
23/11/2024 23:00,,,,,,,,,,,,,,,,,,,,,156.43,,,,,,,,,,,,127380,,
24/11/2024 00:00,13.13,(vau),,,,,0,(vau),12.76,(vc),,,12.76,(vau),,,,,,,,,,,,,,,,,,,,,
24/11/2024 23:00,,,,,,,,,,,,,,,,,,,,,153.8,,,,,,,,,,,,114510,,
25/11/2024 00:00,85.14,(vau),,,,,0,(vau),18.58,(vc),,,18.58,(vau),,,,,,,,,,,,,,,,,,,,,
25/11/2024 23:00,,,,,,,,,,,,,,,,,,,154.02,(vco),154.02,(vco),,,,,,,116000,,,,116000,,
26/11/2024 00:00,109.95,(vau),,,,,0,(vau),45.87,(vc),,,45.87,(vau),,,,,,,,,,,,,,,,,,,,,
26/11/2024 23:00,,,,,,,,,,,,,,,,,,,,,155.7,,,,,,,,,,,,123760,,
27/11/2024 00:00,86.32,(vau),,,,,0,(vau),55.34,(vc),,,55.34,(vau),,,,,,,,,,,,,,,,,,,,,
27/11/2024 23:00,,,,,,,,,,,,,,,,,,,,,156.11,,,,,,,,,,,,125790,,
28/11/2024 00:00,44.38,(vau),,,,,0,(vau),47.94,(vc),,,47.94,(vau),,,,,,,,,,,,,,,,,,,,,
28/11/2024 23:00,,,,,,,,,,,,,,,,,,,,,156.11,,,,,,,,,,,,125790,,
29/11/2024 00:00,86.88,(vau),,,,,0,(vau),63.93,(vc),,,63.93,(vau),,,,,,,,,,,,,,,,,,,,,
29/11/2024 23:00,,,,,,,,,,,,,,,,,,,,,156.59,,,,,,,,,,,,128170,,
30/11/2024 00:00,100.52,(vau),,,,,0,(vau),68,(vc),,,68,(vau),,,,,,,,,,,,,,,,,,,,,
30/11/2024 23:00,,,,,,,,,,,,,,,,,,,157.08,(vco),157.08,,,,,,,,130610,,130610,,130610,,
01/12/2024 00:00,29.27,(vau),,,,,0,(vau),68,(vc),,,68,(vau),,,,,,,,,,,,,,,,,,,,,
01/12/2024 23:00,,,,,,,,,,,,,,,,,,,,,156.51,,,,,,,,,,,,127770,,
02/12/2024 00:00,59.31,(vau),,,,,0,(vau),67.08,(vc),,,67.08,(vau),,,,,,,,,,,,,,,,,,,,,
02/12/2024 23:00,,,,,,,,,,,,,,,,,,,,,156.36,,,,,,,,,,,,127030,,
03/12/2024 00:00,47.99,(vau),,,,,0,(vau),66.97,(vc),,,66.97,(vau),,,,,,,,,,,,,,,,,,,,,
03/12/2024 23:00,,,,,,,,,,,,,,,,,,,,,155.88,,,,,,,,,,,,124650,,
04/12/2024 00:00,57.67,(vau),,,,,0,(vau),48.45,(vc),,,48.45,(vau),,,,,,,,,,,,,,,,,,,,,
04/12/2024 23:00,,,,,,,,,,,,,,,,,,,,,155.51,,,,,,,,,,,,122830,,
05/12/2024 00:00,21.49,(vau),,,,,0,(vau),34.17,(vc),,,34.17,(vau),,,,,,,,,,,,,,,,,,,,,
05/12/2024 23:00,,,,,,,,,,,,,,,,,,,,,154.76,,,,,,,,,,,,119160,,
06/12/2024 00:00,38.76,(vau),,,,,0,(vau),16.11,(vc),,,16.11,(vau),,,,,,,,,,,,,,,,,,,,,
06/12/2024 23:00,,,,,,,,,,,,,,,,,,,,,155.16,,,,,,,,,,,,121110,,
07/12/2024 00:00,54.13,(vau),,,,,0,(vau),10.02,(vc),,,10.02,(vau),,,,,,,,,,,,,,,,,,,,,
07/12/2024 23:00,,,,,,,,,,,,,,,,,,,,,154.75,,,,,,,,,,,,119110,,
08/12/2024 00:00,11.06,(vau),,,,,0,(vau),9.35,(vc),,,9.35,(vau),,,,,,,,,,,,,,,,,,,,,
08/12/2024 23:00,,,,,,,,,,,,,,,,,,,,,153.55,,,,,,,,,,,,113320,,
09/12/2024 00:00,43.87,(vau),,,,,0,(vau),10.46,(vc),,,10.46,(vau),,,,,,,,,,,,,,,,,,,,,
09/12/2024 23:00,,,,,,,,,,,,,,,,,,,153.57,(vco),153.57,(vco),,,,,,,113000,,,,113000,,
10/12/2024 00:00,101.88,(vau),,,,,0,(vau),14.08,(vc),,,14.08,(vau),,,,,,,,,,,,,,,,,,,,,
10/12/2024 23:00,,,,,,,,,,,,,,,,,,,,,155.73,,,,,,,,,,,,123910,,
11/12/2024 00:00,58.06,(vau),,,,,0,(vau),16.62,(vc),,,16.62,(vau),,,,,,,,,,,,,,,,,,,,,
11/12/2024 23:00,,,,,,,,,,,,,,,,,,,,,156.15,,,,,,,,,,,,125990,,
12/12/2024 00:00,62.63,(vau),,,,,0,(vau),17.47,(vc),,,17.47,(vau),,,,,,,,,,,,,,,,,,,,,
12/12/2024 23:00,,,,,,,,,,,,,,,,,,,,,156.75,,,,,,,,,,,,128970,,
13/12/2024 00:00,89.58,(vau),,,,,0,(vau),41.56,(vc),,,41.56,(vau),,,,,,,,,,,,,,,,,,,,,
13/12/2024 23:00,,,,,,,,,,,,,,,,,,,,,157.46,,,,,,,,,,,,132500,,
14/12/2024 00:00,27.52,(vau),,,,,0,(vau),15.38,(vc),,,15.38,(vau),,,,,,,,,,,,,,,,,,,,,
14/12/2024 23:00,,,,,,,,,,,,,,,,,,,,,157.24,,,,,,,,,,,,131410,,
15/12/2024 00:00,24.2,(vau),,,,,0,(vau),15.31,(vc),,,15.31,(vau),,,,,,,,,,,,,,,,,,,,,
15/12/2024 23:00,,,,,,,,,,,,,,,,,,,,,156.05,,,,,,,,,,,,125490,,
16/12/2024 00:00,57.86,(vau),,,,,0,(vau),15.57,(vc),,,15.57,(vau),,,,,,,,,,,,,,,,,,,,,
16/12/2024 23:00,,,,,,,,,,,,,,,,,,,155.88,(vco),155.88,(vco),,,,,,,125000,,,,125000,,
17/12/2024 00:00,52.53,(vau),,,,,0,(vau),15.12,(vc),,,15.12,(vau),,,,,,,,,,,,,,,,,,,,,
17/12/2024 23:00,,,,,,,,,,,,,,,,,,,,,156.76,,,,,,,,,,,,129020,,
18/12/2024 00:00,91.68,(vau),,,,,0,(vau),15.75,(vc),,,15.75,(vau),,,,,,,,,,,,,,,,,,,,,
18/12/2024 23:00,,,,,,,,,,,,,,,,,,,,,157.54,,,,,,,,,,,,132900,,
19/12/2024 00:00,,,,,,,,,,,,,,,,,,,157.65,(vau),,,,,,,,,,,,,,,
19/12/2024 01:00,,,,,,,,,,,,,,,,,,,157.79,(vau),,,,,,,,,,,,,,,
19/12/2024 02:00,,,,,,,,,,,,,,,,,,,157.79,(vau),,,,,,,,,,,,,,,
19/12/2024 03:00,,,,,,,,,,,,,,,,,,,157.87,(vau),,,,,,,,,,,,,,,
19/12/2024 04:00,,,,,,,,,,,,,,,,,,,157.88,(vau),,,,,,,,,,,,,,,
19/12/2024 05:00,,,,,,,,,,,,,,,,,,,157.87,(vau),,,,,,,,,,,,,,,
19/12/2024 06:00,,,,,,,,,,,,,,,,,,,157.88,(vau),,,,,,,,,,,,,,,
19/12/2024 07:00,,,,,,,,,,,,,,,,,,,157.88,(vau),,,,,,,,,,,,,,,
19/12/2024 08:00,,,,,,,,,,,,,,,,,,,157.87,(vau),,,,,,,,,,,,,,,
19/12/2024 09:00,,,,,,,,,,,,,,,,,,,157.96,(vau),,,,,,,,,,,,,,,
19/12/2024 10:00,,,,,,,,,,,,,,,,,,,157.8,(vau),,,,,,,,,,,,,,,
19/12/2024 11:00,,,,,,,,,,,,,,,,,,,157.65,(vau),,,,,,,,,,,,,,,
19/12/2024 12:00,,,,,,,,,,,,,,,,,,,157.65,(vau),,,,,,,,,,,,,,,
19/12/2024 13:00,,,,,,,,,,,,,,,,,,,157.54,(vau),,,,,,,,,,,,,,,
19/12/2024 15:00,,,,,,,,,,,,,,,,,,,157.46,(vau),,,,,,,,,,,,,,,
19/12/2024 16:00,,,,,,,,,,,,,,,,,,,157.4,(vau),,,,,,,,,,,,,,,
19/12/2024 17:00,,,,,,,,,,,,,,,,,,,157.41,(vau),,,,,,,,,,,,,,,
19/12/2024 18:00,,,,,,,,,,,,,,,,,,,157.63,(vau),,,,,,,,,,,,,,,
19/12/2024 19:00,,,,,,,,,,,,,,,,,,,157.56,(vau),,,,,,,,,,,,,,,
19/12/2024 20:00,,,,,,,,,,,,,,,,,,,157.7,(vau),,,,,,,,,,,,,,,
19/12/2024 21:00,,,,,,,,,,,,,,,,,,,157.87,(vau),,,,,,,,,,,,,,,
19/12/2024 22:00,,,,,,,,,,,,,,,,,,,157.7,(vau),,,,,,,,,,,,,,,
19/12/2024 23:00,,,,,,,,,,,,,,,,,,,157.71,(vau),157.71,,,,,,,,,,,,133751,,
20/12/2024 00:00,60.39,(vau),,,,,0,(vau),13.69,(vc),,,13.69,(vau),,,,,157.79,(vau),,,,,,,,,,,,,,,
20/12/2024 01:00,,,,,,,,,,,,,,,,,,,157.8,(vau),,,,,,,,,,,,,,,
20/12/2024 02:00,,,,,,,,,,,,,,,,,,,157.73,(vau),,,,,,,,,,,,,,,
20/12/2024 03:00,,,,,,,,,,,,,,,,,,,157.65,(vau),,,,,,,,,,,,,,,
20/12/2024 04:00,,,,,,,,,,,,,,,,,,,157.56,(vau),,,,,,,,,,,,,,,
20/12/2024 05:00,,,,,,,,,,,,,,,,,,,157.38,(vau),,,,,,,,,,,,,,,
20/12/2024 06:00,,,,,,,,,,,,,,,,,,,157.33,(vau),,,,,,,,,,,,,,,
20/12/2024 07:00,,,,,,,,,,,,,,,,,,,157.32,(vau),,,,,,,,,,,,,,,
20/12/2024 08:00,,,,,,,,,,,,,,,,,,,157.38,(vau),,,,,,,,,,,,,,,
20/12/2024 09:00,,,,,,,,,,,,,,,,,,,157.49,(vau),,,,,,,,,,,,,,,
20/12/2024 10:00,,,,,,,,,,,,,,,,,,,157.48,(vau),,,,,,,,,,,,,,,
20/12/2024 11:00,,,,,,,,,,,,,,,,,,,157.48,(vau),,,,,,,,,,,,,,,
20/12/2024 12:00,,,,,,,,,,,,,,,,,,,157.48,(vau),,,,,,,,,,,,,,,
20/12/2024 13:00,,,,,,,,,,,,,,,,,,,157.41,(vau),,,,,,,,,,,,,,,
20/12/2024 14:00,,,,,,,,,,,,,,,,,,,157.3,(vau),,,,,,,,,,,,,,,
20/12/2024 15:00,,,,,,,,,,,,,,,,,,,157.24,(vau),,,,,,,,,,,,,,,
20/12/2024 16:00,,,,,,,,,,,,,,,,,,,157.24,(vau),,,,,,,,,,,,,,,
20/12/2024 17:00,,,,,,,,,,,,,,,,,,,157.24,(vau),,,,,,,,,,,,,,,
20/12/2024 18:00,,,,,,,,,,,,,,,,,,,157.4,(vau),,,,,,,,,,,,,,,
20/12/2024 19:00,,,,,,,,,,,,,,,,,,,157.48,(vau),,,,,,,,,,,,,,,
20/12/2024 20:00,,,,,,,,,,,,,,,,,,,157.48,(vau),,,,,,,,,,,,,,,
20/12/2024 21:00,,,,,,,,,,,,,,,,,,,157.55,(vau),,,,,,,,,,,,,,,
20/12/2024 22:00,,,,,,,,,,,,,,,,,,,157.7,(vau),,,,,,,,,,,,,,,
20/12/2024 23:00,,,,,,,,,,,,,,,,,,,157.56,(vau),157.56,(vau),,,,,,,,,,,133002,,
21/12/2024 00:00,65.59,(vau),,,,,0,(vau),14.98,(vc),,,14.98,(vau),,,,,157.65,(vau),,,,,,,,,,,,,,,
21/12/2024 01:00,,,,,,,,,,,,,,,,,,,157.79,(vau),,,,,,,,,,,,,,,
21/12/2024 02:00,,,,,,,,,,,,,,,,,,,157.72,(vau),,,,,,,,,,,,,,,
21/12/2024 03:00,,,,,,,,,,,,,,,,,,,157.79,(vau),,,,,,,,,,,,,,,
21/12/2024 04:00,,,,,,,,,,,,,,,,,,,157.72,(vau),,,,,,,,,,,,,,,
21/12/2024 05:00,,,,,,,,,,,,,,,,,,,157.72,(vau),,,,,,,,,,,,,,,
21/12/2024 06:00,,,,,,,,,,,,,,,,,,,157.79,(vau),,,,,,,,,,,,,,,
21/12/2024 07:00,,,,,,,,,,,,,,,,,,,157.79,(vau),,,,,,,,,,,,,,,
21/12/2024 08:00,,,,,,,,,,,,,,,,,,,157.79,(vau),,,,,,,,,,,,,,,
21/12/2024 09:00,,,,,,,,,,,,,,,,,,,157.79,(vau),,,,,,,,,,,,,,,
21/12/2024 10:00,,,,,,,,,,,,,,,,,,,157.79,(vau),,,,,,,,,,,,,,,
21/12/2024 11:00,,,,,,,,,,,,,,,,,,,157.79,(vau),,,,,,,,,,,,,,,
21/12/2024 12:00,,,,,,,,,,,,,,,,,,,157.71,(vau),,,,,,,,,,,,,,,
21/12/2024 13:00,,,,,,,,,,,,,,,,,,,157.56,(vau),,,,,,,,,,,,,,,
21/12/2024 14:00,,,,,,,,,,,,,,,,,,,157.41,(vau),,,,,,,,,,,,,,,
21/12/2024 15:00,,,,,,,,,,,,,,,,,,,157.4,(vau),,,,,,,,,,,,,,,
21/12/2024 16:00,,,,,,,,,,,,,,,,,,,157.4,(vau),,,,,,,,,,,,,,,
21/12/2024 17:00,,,,,,,,,,,,,,,,,,,157.56,(vau),,,,,,,,,,,,,,,
21/12/2024 18:00,,,,,,,,,,,,,,,,,,,157.75,(vau),,,,,,,,,,,,,,,
21/12/2024 19:00,,,,,,,,,,,,,,,,,,,157.8,(vau),,,,,,,,,,,,,,,
21/12/2024 20:00,,,,,,,,,,,,,,,,,,,157.8,(vau),,,,,,,,,,,,,,,
21/12/2024 21:00,,,,,,,,,,,,,,,,,,,157.87,(vau),,,,,,,,,,,,,,,
21/12/2024 22:00,,,,,,,,,,,,,,,,,,,157.96,(vau),,,,,,,,,,,,,,,
21/12/2024 23:00,,,,,,,,,,,,,,,,,,,158.03,(vau),158.03,(vau),,,,,,,,,,,135352,,
22/12/2024 00:00,54.82,(vau),,,,,0,(vau),13.11,(vc),,,13.11,(vau),,,,,158.12,(vau),,,,,,,,,,,,,,,
22/12/2024 01:00,,,,,,,,,,,,,,,,,,,158.2,(vau),,,,,,,,,,,,,,,
22/12/2024 02:00,,,,,,,,,,,,,,,,,,,158.13,(vau),,,,,,,,,,,,,,,
22/12/2024 03:00,,,,,,,,,,,,,,,,,,,158.18,(vau),,,,,,,,,,,,,,,
22/12/2024 04:00,,,,,,,,,,,,,,,,,,,158.19,(vau),,,,,,,,,,,,,,,
22/12/2024 05:00,,,,,,,,,,,,,,,,,,,158.12,(vau),,,,,,,,,,,,,,,
22/12/2024 06:00,,,,,,,,,,,,,,,,,,,158.19,(vau),,,,,,,,,,,,,,,
22/12/2024 07:00,,,,,,,,,,,,,,,,,,,158.2,(vau),,,,,,,,,,,,,,,
22/12/2024 08:00,,,,,,,,,,,,,,,,,,,158.19,(vau),,,,,,,,,,,,,,,
22/12/2024 09:00,,,,,,,,,,,,,,,,,,,158.21,(vau),,,,,,,,,,,,,,,
22/12/2024 10:00,,,,,,,,,,,,,,,,,,,158.19,(vau),,,,,,,,,,,,,,,
22/12/2024 11:00,,,,,,,,,,,,,,,,,,,158.03,(vau),,,,,,,,,,,,,,,
22/12/2024 12:00,,,,,,,,,,,,,,,,,,,157.96,(vau),,,,,,,,,,,,,,,
22/12/2024 13:00,,,,,,,,,,,,,,,,,,,157.88,(vau),,,,,,,,,,,,,,,
22/12/2024 14:00,,,,,,,,,,,,,,,,,,,157.72,(vau),,,,,,,,,,,,,,,
22/12/2024 15:00,,,,,,,,,,,,,,,,,,,157.63,(vau),,,,,,,,,,,,,,,
22/12/2024 16:00,,,,,,,,,,,,,,,,,,,157.54,(vau),,,,,,,,,,,,,,,
22/12/2024 17:00,,,,,,,,,,,,,,,,,,,157.41,(vau),,,,,,,,,,,,,,,
22/12/2024 18:00,,,,,,,,,,,,,,,,,,,157.65,(vau),,,,,,,,,,,,,,,
22/12/2024 19:00,,,,,,,,,,,,,,,,,,,157.8,(vau),,,,,,,,,,,,,,,
22/12/2024 20:00,,,,,,,,,,,,,,,,,,,157.72,(vau),,,,,,,,,,,,,,,
22/12/2024 21:00,,,,,,,,,,,,,,,,,,,157.87,(vau),,,,,,,,,,,,,,,
22/12/2024 22:00,,,,,,,,,,,,,,,,,,,157.96,(vau),,,,,,,,,,,,,,,
22/12/2024 23:00,,,,,,,,,,,,,,,,,,,157.96,(vau),157.96,(vau),,,,,,,,,,,135000,,
23/12/2024 00:00,46.84,(vau),,,,,0,(vau),15.47,(vc),,,15.47,(vau),,,,,,,,,,,,,,,,,,,,,
23/12/2024 23:00,,,,,,,,,,,,,,,,,,,157.24,(vco),157.24,(vco),,,,,,,131410,,,,131410,,
24/12/2024 00:00,86.25,(vau),,,,,0,(vau),17.24,(vc),,,17.24,(vau),,,,,,,,,,,,,,,,,,,,,
24/12/2024 23:00,,,,,,,,,,,,,,,,,,,,,156.91,,,,,,,,,,,,129760,,
25/12/2024 00:00,63.39,(vau),,,,,0,(vau),16.38,(vc),,,16.38,(vau),,,,,,,,,,,,,,,,,,,,,
25/12/2024 23:00,,,,,,,,,,,,,,,,,,,,,156.43,,,,,,,,,,,,127380,,
26/12/2024 00:00,93.91,(vau),,,,,0,(vau),15.49,(vc),,,15.49,(vau),,,,,,,,,,,,,,,,,,,,,
26/12/2024 23:00,,,,,,,,,,,,,,,,,,,,,157.88,,,,,,,,,,,,134600,,
27/12/2024 00:00,67.69,(vau),,,,,0,(vau),14.17,(vc),,,14.17,(vau),,,,,,,,,,,,,,,,,,,,,
27/12/2024 23:00,,,,,,,,,,,,,,,,,,,,,158.83,,,,,,,,,,,,139560,,
28/12/2024 00:00,42,(vau),,,,,0,(vau),13.01,(vc),,,13.01,(vau),,,,,,,,,,,,,,,,,,,,,
28/12/2024 23:00,,,,,,,,,,,,,,,,,,,,,158.51,,,,,,,,,,,,137840,,
29/12/2024 00:00,53.29,(vau),,,,,0,(vau),12.99,(vc),,,12.99,(vau),,,,,,,,,,,,,,,,,,,,,
29/12/2024 23:00,,,,,,,,,,,,,,,,,,,,,159.15,,,,,,,,,,,,141340,,
30/12/2024 00:00,63.6,(vau),,,,,0,(vau),15.81,(vc),,,15.81,(vau),,,,,,,,,,,,,,,,,,,,,
30/12/2024 23:00,,,,,,,,,,,,,,,,,,,158.83,(vco),159.54,,,,,,,,139564,,,,139564,,
31/12/2024 00:00,110.73,(vau),,,,,0,(vau),18.35,(vc),,,18.35,(vau),,,,,,,,,,,,,,,,,,,,,
31/12/2024 23:00,,,,,,,,,,,,,,,,,,,,,160.85,,,,,,,,,,151660,,151660,,
01/01/2025 00:00,17.92,(vau),,,,,0,(vau),18.37,(vc),,,18.37,(vau),,,,,161,(vau),,,,,,,,,,,,,,,
01/01/2025 01:00,,,,,,,,,,,,,,,,,,,161.07,(vau),,,,,,,,,,,,,,,
01/01/2025 02:00,,,,,,,,,,,,,,,,,,,161.16,(vau),,,,,,,,,,,,,,,
01/01/2025 03:00,,,,,,,,,,,,,,,,,,,161.16,(vau),,,,,,,,,,,,,,,
01/01/2025 04:00,,,,,,,,,,,,,,,,,,,161.07,(vau),,,,,,,,,,,,,,,
01/01/2025 05:00,,,,,,,,,,,,,,,,,,,161.16,(vau),,,,,,,,,,,,,,,
01/01/2025 06:00,,,,,,,,,,,,,,,,,,,161,(vau),,,,,,,,,,,,,,,
01/01/2025 07:00,,,,,,,,,,,,,,,,,,,160.84,(vau),,,,,,,,,,,,,,,
01/01/2025 08:00,,,,,,,,,,,,,,,,,,,160.85,(vau),,,,,,,,,,,,,,,
01/01/2025 09:00,,,,,,,,,,,,,,,,,,,160.75,(vau),,,,,,,,,,,,,,,
01/01/2025 10:00,,,,,,,,,,,,,,,,,,,160.66,(vau),,,,,,,,,,,,,,,
01/01/2025 11:00,,,,,,,,,,,,,,,,,,,160.44,(vau),,,,,,,,,,,,,,,
01/01/2025 12:00,,,,,,,,,,,,,,,,,,,160.43,(vau),,,,,,,,,,,,,,,
01/01/2025 13:00,,,,,,,,,,,,,,,,,,,160.28,(vau),,,,,,,,,,,,,,,
01/01/2025 14:00,,,,,,,,,,,,,,,,,,,160.19,(vau),,,,,,,,,,,,,,,
01/01/2025 15:00,,,,,,,,,,,,,,,,,,,160.04,(vau),,,,,,,,,,,,,,,
01/01/2025 16:00,,,,,,,,,,,,,,,,,,,159.95,(vau),,,,,,,,,,,,,,,
01/01/2025 17:00,,,,,,,,,,,,,,,,,,,159.88,(vau),,,,,,,,,,,,,,,
01/01/2025 18:00,,,,,,,,,,,,,,,,,,,160.13,(vau),,,,,,,,,,,,,,,
01/01/2025 19:00,,,,,,,,,,,,,,,,,,,160.1,(vau),,,,,,,,,,,,,,,
01/01/2025 20:00,,,,,,,,,,,,,,,,,,,160.29,(vau),,,,,,,,,,,,,,,
01/01/2025 21:00,,,,,,,,,,,,,,,,,,,160.35,(vau),,,,,,,,,,,,,,,
01/01/2025 22:00,,,,,,,,,,,,,,,,,,,160.36,(vau),,,,,,,,,,,,,,,
01/01/2025 23:00,,,,,,,,,,,,,,,,,,,160.52,(vau),160.52,(vau),,,,,,,,,,,150108,,
02/01/2025 00:00,43.79,(vau),,,,,0,(vau),19.83,(vc),,,19.83,(vau),,,,,160.6,(vau),,,,,,,,,,,,,,,
02/01/2025 01:00,,,,,,,,,,,,,,,,,,,160.68,(vau),,,,,,,,,,,,,,,
02/01/2025 02:00,,,,,,,,,,,,,,,,,,,160.69,(vau),,,,,,,,,,,,,,,
02/01/2025 03:00,,,,,,,,,,,,,,,,,,,160.59,(vau),,,,,,,,,,,,,,,
02/01/2025 04:00,,,,,,,,,,,,,,,,,,,160.68,(vau),,,,,,,,,,,,,,,
02/01/2025 05:00,,,,,,,,,,,,,,,,,,,160.56,(vau),,,,,,,,,,,,,,,
02/01/2025 06:00,,,,,,,,,,,,,,,,,,,160.71,(vau),,,,,,,,,,,,,,,
02/01/2025 07:00,,,,,,,,,,,,,,,,,,,160.69,(vau),,,,,,,,,,,,,,,
02/01/2025 08:00,,,,,,,,,,,,,,,,,,,160.56,(vau),,,,,,,,,,,,,,,
02/01/2025 09:00,,,,,,,,,,,,,,,,,,,160.68,(vau),,,,,,,,,,,,,,,
02/01/2025 10:00,,,,,,,,,,,,,,,,,,,160.66,(vau),,,,,,,,,,,,,,,
02/01/2025 11:00,,,,,,,,,,,,,,,,,,,160.63,(vau),,,,,,,,,,,,,,,
02/01/2025 12:00,,,,,,,,,,,,,,,,,,,160.66,(vau),,,,,,,,,,,,,,,
02/01/2025 13:00,,,,,,,,,,,,,,,,,,,160.65,(vau),,,,,,,,,,,,,,,
02/01/2025 14:00,,,,,,,,,,,,,,,,,,,160.66,(vau),,,,,,,,,,,,,,,
02/01/2025 15:00,,,,,,,,,,,,,,,,,,,160.66,(vau),,,,,,,,,,,,,,,
02/01/2025 16:00,,,,,,,,,,,,,,,,,,,160.66,(vau),,,,,,,,,,,,,,,
02/01/2025 17:00,,,,,,,,,,,,,,,,,,,160.63,(vau),,,,,,,,,,,,,,,
02/01/2025 18:00,,,,,,,,,,,,,,,,,,,160.64,(vau),,,,,,,,,,,,,,,
02/01/2025 19:00,,,,,,,,,,,,,,,,,,,160.75,(vau),,,,,,,,,,,,,,,
02/01/2025 20:00,,,,,,,,,,,,,,,,,,,160.85,(vau),,,,,,,,,,,,,,,
02/01/2025 21:00,,,,,,,,,,,,,,,,,,,161,(vau),,,,,,,,,,,,,,,
02/01/2025 22:00,,,,,,,,,,,,,,,,,,,161.03,(vau),,,,,,,,,,,,,,,
02/01/2025 23:00,,,,,,,,,,,,,,,,,,,0,(vau),161.07,,,,,,,,,,,,152600,,
03/01/2025 00:00,,,,,,,,,,,,,,,,,,,161.07,(vau),,,,,,,,,,,,,,,
03/01/2025 01:00,,,,,,,,,,,,,,,,,,,161.07,(vau),,,,,,,,,,,,,,,
03/01/2025 02:00,,,,,,,,,,,,,,,,,,,161.08,(vau),,,,,,,,,,,,,,,
03/01/2025 03:00,,,,,,,,,,,,,,,,,,,161.09,(vau),,,,,,,,,,,,,,,
03/01/2025 05:00,,,,,,,,,,,,,,,,,,,161.09,(vau),,,,,,,,,,,,,,,
03/01/2025 06:00,,,,,,,,,,,,,,,,,,,161.06,(vau),,,,,,,,,,,,,,,
03/01/2025 07:00,,,,,,,,,,,,,,,,,,,160.91,(vau),,,,,,,,,,,,,,,
03/01/2025 08:00,,,,,,,,,,,,,,,,,,,160.84,(vau),,,,,,,,,,,,,,,
03/01/2025 09:00,,,,,,,,,,,,,,,,,,,160.68,(vau),,,,,,,,,,,,,,,
03/01/2025 10:00,,,,,,,,,,,,,,,,,,,160.68,(vau),,,,,,,,,,,,,,,
03/01/2025 11:00,,,,,,,,,,,,,,,,,,,160.63,(vau),,,,,,,,,,,,,,,
03/01/2025 12:00,,,,,,,,,,,,,,,,,,,160.56,(vau),,,,,,,,,,,,,,,
03/01/2025 13:00,,,,,,,,,,,,,,,,,,,160.59,(vau),,,,,,,,,,,,,,,
03/01/2025 14:00,,,,,,,,,,,,,,,,,,,160.61,(vau),,,,,,,,,,,,,,,
03/01/2025 15:00,,,,,,,,,,,,,,,,,,,160.59,(vau),,,,,,,,,,,,,,,
03/01/2025 16:00,,,,,,,,,,,,,,,,,,,160.85,(vau),,,,,,,,,,,,,,,
03/01/2025 17:00,,,,,,,,,,,,,,,,,,,160.85,(vau),,,,,,,,,,,,,,,
03/01/2025 18:00,,,,,,,,,,,,,,,,,,,160.98,(vau),,,,,,,,,,,,,,,
03/01/2025 19:00,,,,,,,,,,,,,,,,,,,161.06,(vau),,,,,,,,,,,,,,,
03/01/2025 20:00,,,,,,,,,,,,,,,,,,,161.06,(vau),,,,,,,,,,,,,,,
03/01/2025 21:00,,,,,,,,,,,,,,,,,,,161.2,(vau),,,,,,,,,,,,,,,
03/01/2025 22:00,,,,,,,,,,,,,,,,,,,161.17,(vau),,,,,,,,,,,,,,,
03/01/2025 23:00,,,,,,,,,,,,,,,,,,,161.27,(vau),161.27,,,,,,,,,,,,153531,,
04/01/2025 00:00,64.04,(vau),,,,,0,(vau),35.13,(vc),,,35.13,(vau),,,,,,,,,,,,,,,,,,,,,
04/01/2025 23:00,,,,,,,,,,,,,,,,,,,,,161.62,,,,,,,,,,,,155700,,
05/01/2025 00:00,32.89,(vau),,,,,0,(vau),32.48,(vc),,,32.48,(vau),,,,,,,,,,,,,,,,,,,,,
05/01/2025 23:00,,,,,,,,,,,,,,,,,,,,,161.39,,,,,,,,,,,,154180,,
06/01/2025 00:00,54.24,(vau),,,,,0,(vau),15.48,(vc),,,15.48,(vau),,,,,,,,,,,,,,,,,,,,,
06/01/2025 23:00,,,,,,,,,,,,,,,,,,,,,160.67,,,,,,,,,,,,150840,,
07/01/2025 00:00,72.35,(vau),,,,,0,(vau),32.72,(vc),,,32.72,(vau),,,,,,,,,,,,,,,,,,,,,
07/01/2025 23:00,,,,,,,,,,,,,,,,,,,,,161.23,,,,,,,,,,,,153340,,
08/01/2025 00:00,115.81,(vau),,,,,0,(vau),59.28,(vc),,,59.28,(vau),,,,,,,,,,,,,,,,,,,,,
08/01/2025 23:00,,,,,,,,,,,,,,,,,,,,,161.63,,,,,,,,,,,,155730,,
09/01/2025 00:00,72.97,(vau),,,,,0,(vau),67.91,(vc),,,67.91,(vau),,,,,,,,,,,,,,,,,,,,,
09/01/2025 23:00,,,,,,,,,,,,,,,,,,,,,161.64,,,,,,,,,,,,155830,,
10/01/2025 00:00,64.6,(vau),,,,,0,(vau),68,(vc),,,68,(vau),,,,,,,,,,,,,,,,,,,,,
10/01/2025 23:00,,,,,,,,,,,,,,,,,,,,,161.56,,,,,,,,,,,,155280,,
11/01/2025 00:00,53.61,(vau),,,,,0,(vau),68,(vc),,,68,(vau),,,,,,,,,,,,,,,,,,,,,
11/01/2025 23:00,,,,,,,,,,,,,,,,,,,,,161.29,,,,,,,,,,,,153620,,
12/01/2025 00:00,50.01,(vau),,,,,0,(vau),60.3,(vc),,,60.3,(vau),,,,,,,,,,,,,,,,,,,,,
12/01/2025 23:00,,,,,,,,,,,,,,,,,,,,,160.68,,,,,,,,,,,,150910,,
13/01/2025 00:00,67.14,(vau),,,,,0,(vau),68,(vc),,,68,(vau),,,,,,,,,,,,,,,,,,,,,
13/01/2025 23:00,,,,,,,,,,,,,,,,,,,160.75,(vco),160.75,(vco),,,,,,,151000,,,,151000,,
14/01/2025 00:00,76.76,(vau),,,,,0,(vau),67.06,(vc),,,67.06,(vau),,,,,,,,,,,,,,,,,,,,,
14/01/2025 23:00,,,,,,,,,,,,,,,,,,,,,160.43,,,,,,,,,,,,149600,,
15/01/2025 00:00,64.17,(vau),,,,,0,(vau),68,(vc),,,68,(vau),,,,,,,,,,,,,,,,,,,,,
15/01/2025 23:00,,,,,,,,,,,,,,,,,,,,,160.2,,,,,,,,,,,,148040,,
16/01/2025 00:00,63.79,(vau),,,,,0,(vau),68,(vc),,,68,(vau),,,,,,,,,,,,,,,,,,,,,
16/01/2025 23:00,,,,,,,,,,,,,,,,,,,,,160.09,,,,,,,,,,,,147180,,
17/01/2025 00:00,101,(vau),,,,,0,(vau),68,(vc),,,68,(vau),,,,,,,,,,,,,,,,,,,,,
17/01/2025 23:00,,,,,,,,,,,,,,,,,,,,,160.53,,,,,,,,,,,,150180,,
18/01/2025 00:00,95.9,(vau),,,,,0,(vau),67.63,(vc),,,67.63,(vau),,,,,,,,,,,,,,,,,,,,,
18/01/2025 23:00,,,,,,,,,,,,,,,,,,,,,160.91,,,,,,,,,,,,151930,,
19/01/2025 00:00,123.32,(vau),,,,,7.04,(vau),75.04,(vc),,,68,(vau),,,,,,,,,,,,,,,,,,,,,
19/01/2025 23:00,,,,,,,,,,,,,,,,,,,,,161.65,,,,,,,,,,,,155880,,
20/01/2025 00:00,191.59,(vau),,,,,115.91,(vau),183.91,(vc),,,68,(vau),,,,,,,,,,,,,,,,,,,,,
20/01/2025 23:00,,,,,,,,,,,,,,,,,,,161.07,(vco),161.59,,,,,,,,153000,,,,153000,,
21/01/2025 00:00,97.74,(vau),,,,,52.62,(vau),120.62,(vc),,,68,(vau),,,,,,,,,,,,,,,,,,,,,
21/01/2025 23:00,,,,,,,,,,,,,,,,,,,,,160.59,,,,,,,,,,,,150470,,
22/01/2025 00:00,151.45,(vau),,,,,37.07,(vau),105.07,(vc),,,68,(vau),,,,,,,,,,,,,,,,,,,,,
22/01/2025 23:00,,,,,,,,,,,,,,,,,,,,,161.48,,,,,,,,,,,,154740,,
23/01/2025 00:00,101.69,(vau),,,,,37.5,(vau),105.14,(vc),,,67.65,(vau),,,,,,,,,,,,,,,,,,,,,
23/01/2025 23:00,,,,,,,,,,,,,,,,,,,,,160.65,,,,,,,,,,,,150740,,
24/01/2025 00:00,84.04,(vau),,,,,36.24,(vau),104.24,(vc),,,68,(vau),,,,,,,,,,,,,,,,,,,,,
24/01/2025 23:00,,,,,,,,,,,,,,,,,,,,,160.28,,,,,,,,,,,,148630,,
25/01/2025 00:00,136.9,(vau),,,,,49.63,(vau),117.63,(vc),,,68,(vau),,,,,,,,,,,,,,,,,,,,,
25/01/2025 23:00,,,,,,,,,,,,,,,,,,,,,160.42,,,,,,,,,,,,149520,,
26/01/2025 00:00,233.98,(vau),,,,,129.95,(vau),197.95,(vc),,,68,(vau),,,,,,,,,,,,,,,,,,,,,
26/01/2025 23:00,,,,,,,,,,,,,,,,,,,,,161.23,,,,,,,,,,,,153340,,
27/01/2025 00:00,309.84,(vau),,,,,312.99,(vau),380.99,(vc),,,68,(vau),,,,,,,,,,,,,,,,,,,,,
27/01/2025 23:00,,,,,,,,,,,,,,,,,,,161.07,(vco),161.07,(vco),,,,,,,153000,,,,153000,,
28/01/2025 00:00,109.38,(vau),,,,,33.39,(vau),101.39,(vc),,,68,(vau),,,,,,,,,,,,,,,,,,,,,
28/01/2025 23:00,,,,,,,,,,,,,,,,,,,,,159.16,,,,,,,,,,,,141390,,
29/01/2025 00:00,199.25,(vau),,,,,17.63,(vau),75.88,(vc),,,58.24,(vau),,,,,,,,,,,,,,,,,,,,,
29/01/2025 23:00,,,,,,,,,,,,,,,,,,,,,160.89,,,,,,,,,,,,151840,,
30/01/2025 00:00,116.48,(vau),,,,,60.25,(vau),126.67,(vc),,,66.41,(vau),,,,,,,,,,,,,,,,,,,,,
30/01/2025 23:00,,,,,,,,,,,,,,,,,,,,,160.91,,,,,,,,,,,,151900,,
31/01/2025 00:00,156.78,(vau),,,,,32.73,(vau),100.73,(vc),,,68,(vau),,,,,,,,,,,,,,,,,,,,,
31/01/2025 23:00,,,,,,,,,,,,,,,,,,,161.47,(vco),161.12,,,,,,,,155000,,155000,,155000,,
01/02/2025 00:00,83.96,(vau),95.43,(vc),,,0,(vau),68,(vc),,,68,(vau),,,,,,,,,,,,,230864.26,(vc),,,,,,,
01/02/2025 23:00,,,,,,,,,,,,,,,,,,,,,161.35,,,,,,,,,,,,153960,,
02/02/2025 00:00,54.61,(vau),,,,,0,(vau),68,(vc),,,68,(vau),,,,,,,,,,,,,,,,,,,,,
02/02/2025 23:00,,,,,,,,,,,,,,,,,,,,,160.75,,,,,,,,,,,,151220,,
03/02/2025 00:00,106.88,(vau),,,,,0,(vau),60.92,(vc),,,60.92,(vau),,,,,,,,,,,,,,,,,,,,,
03/02/2025 23:00,,,,,,,,,,,,,,,,,,,159.94,(vco),159.94,(vco),,,,,,,146000,,,,146000,,
04/02/2025 00:00,159.33,(vau),,,,,0,(vau),68,(vc),,,68,(vau),,,,,,,,,,,,,,,,,,,,,
04/02/2025 23:00,,,,,,,,,,,,,,,,,,,,,161.27,,,,,,,,,,,,153530,,
05/02/2025 00:00,111.94,(vau),,,,,0,(vau),68,(vc),,,68,(vau),,,,,161.33,(vau),,,,,,,,,,,,,,,
05/02/2025 01:00,,,,,,,,,,,,,,,,,,,161.39,(vau),,,,,,,,,,,,,,,
05/02/2025 02:00,,,,,,,,,,,,,,,,,,,161.41,(vau),,,,,,,,,,,,,,,
05/02/2025 03:00,,,,,,,,,,,,,,,,,,,161.41,(vau),,,,,,,,,,,,,,,
05/02/2025 04:00,,,,,,,,,,,,,,,,,,,161.35,(vau),,,,,,,,,,,,,,,
05/02/2025 05:00,,,,,,,,,,,,,,,,,,,161.33,(vau),,,,,,,,,,,,,,,
05/02/2025 06:00,,,,,,,,,,,,,,,,,,,161.33,(vau),,,,,,,,,,,,,,,
05/02/2025 07:00,,,,,,,,,,,,,,,,,,,161.39,(vau),,,,,,,,,,,,,,,
05/02/2025 08:00,,,,,,,,,,,,,,,,,,,161.55,(vau),,,,,,,,,,,,,,,
05/02/2025 09:00,,,,,,,,,,,,,,,,,,,161.61,(vau),,,,,,,,,,,,,,,
05/02/2025 10:00,,,,,,,,,,,,,,,,,,,161.49,(vau),,,,,,,,,,,,,,,
05/02/2025 11:00,,,,,,,,,,,,,,,,,,,161.32,(vau),,,,,,,,,,,,,,,
05/02/2025 12:00,,,,,,,,,,,,,,,,,,,161.16,(vau),,,,,,,,,,,,,,,
05/02/2025 13:00,,,,,,,,,,,,,,,,,,,161,(vau),,,,,,,,,,,,,,,
05/02/2025 14:00,,,,,,,,,,,,,,,,,,,160.84,(vau),,,,,,,,,,,,,,,
05/02/2025 15:00,,,,,,,,,,,,,,,,,,,160.69,(vau),,,,,,,,,,,,,,,
05/02/2025 16:00,,,,,,,,,,,,,,,,,,,160.52,(vau),,,,,,,,,,,,,,,
05/02/2025 17:00,,,,,,,,,,,,,,,,,,,160.43,(vau),,,,,,,,,,,,,,,
05/02/2025 18:00,,,,,,,,,,,,,,,,,,,160.59,(vau),,,,,,,,,,,,,,,
05/02/2025 19:00,,,,,,,,,,,,,,,,,,,160.74,(vau),,,,,,,,,,,,,,,
05/02/2025 20:00,,,,,,,,,,,,,,,,,,,160.85,(vau),,,,,,,,,,,,,,,
05/02/2025 21:00,,,,,,,,,,,,,,,,,,,160.91,(vau),,,,,,,,,,,,,,,
05/02/2025 22:00,,,,,,,,,,,,,,,,,,,161.03,(vau),,,,,,,,,,,,,,,
05/02/2025 23:00,,,,,,,,,,,,,,,,,,,161.11,(vau),161.11,(vau),,,,,,,,,,,152764,,
06/02/2025 00:00,114.8,(vau),,,,,0,(vau),68,(vc),,,68,(vau),,,,,161.23,(vau),,,,,,,,,,,,,,,
06/02/2025 01:00,,,,,,,,,,,,,,,,,,,161.33,(vau),,,,,,,,,,,,,,,
06/02/2025 02:00,,,,,,,,,,,,,,,,,,,161.43,(vau),,,,,,,,,,,,,,,
06/02/2025 03:00,,,,,,,,,,,,,,,,,,,161.48,(vau),,,,,,,,,,,,,,,
06/02/2025 04:00,,,,,,,,,,,,,,,,,,,161.39,(vau),,,,,,,,,,,,,,,
06/02/2025 05:00,,,,,,,,,,,,,,,,,,,161.39,(vau),,,,,,,,,,,,,,,
06/02/2025 06:00,,,,,,,,,,,,,,,,,,,161.34,(vau),,,,,,,,,,,,,,,
06/02/2025 07:00,,,,,,,,,,,,,,,,,,,161.25,(vau),,,,,,,,,,,,,,,
06/02/2025 08:00,,,,,,,,,,,,,,,,,,,161.36,(vau),,,,,,,,,,,,,,,
06/02/2025 09:00,,,,,,,,,,,,,,,,,,,161.54,(vau),,,,,,,,,,,,,,,
06/02/2025 10:00,,,,,,,,,,,,,,,,,,,161.49,(vau),,,,,,,,,,,,,,,
06/02/2025 11:00,,,,,,,,,,,,,,,,,,,161.39,(vau),,,,,,,,,,,,,,,
06/02/2025 12:00,,,,,,,,,,,,,,,,,,,161.39,(vau),,,,,,,,,,,,,,,
06/02/2025 13:00,,,,,,,,,,,,,,,,,,,161.29,(vau),,,,,,,,,,,,,,,
06/02/2025 14:00,,,,,,,,,,,,,,,,,,,161.07,(vau),,,,,,,,,,,,,,,
06/02/2025 15:00,,,,,,,,,,,,,,,,,,,161.04,(vau),,,,,,,,,,,,,,,
06/02/2025 16:00,,,,,,,,,,,,,,,,,,,160.88,(vau),,,,,,,,,,,,,,,
06/02/2025 17:00,,,,,,,,,,,,,,,,,,,160.94,(vau),,,,,,,,,,,,,,,
06/02/2025 18:00,,,,,,,,,,,,,,,,,,,161.09,(vau),,,,,,,,,,,,,,,
06/02/2025 19:00,,,,,,,,,,,,,,,,,,,161.19,(vau),,,,,,,,,,,,,,,
06/02/2025 20:00,,,,,,,,,,,,,,,,,,,161.35,(vau),,,,,,,,,,,,,,,
06/02/2025 21:00,,,,,,,,,,,,,,,,,,,161.41,(vau),,,,,,,,,,,,,,,
06/02/2025 22:00,,,,,,,,,,,,,,,,,,,161.47,(vau),,,,,,,,,,,,,,,
06/02/2025 23:00,,,,,,,,,,,,,,,,,,,161.52,(vau),161.52,(vau),,,,,,,,,,,154981,,
07/02/2025 00:00,103.93,(vau),,,,,20.81,(vau),88.12,(vc),,,67.31,(vau),,,,,161.56,(vau),,,,,,,,,,,,,,,
07/02/2025 01:00,,,,,,,,,,,,,,,,,,,161.54,(vau),,,,,,,,,,,,,,,
07/02/2025 02:00,,,,,,,,,,,,,,,,,,,161.48,(vau),,,,,,,,,,,,,,,
07/02/2025 03:00,,,,,,,,,,,,,,,,,,,161.43,(vau),,,,,,,,,,,,,,,
07/02/2025 04:00,,,,,,,,,,,,,,,,,,,161.39,(vau),,,,,,,,,,,,,,,
07/02/2025 05:00,,,,,,,,,,,,,,,,,,,161.36,(vau),,,,,,,,,,,,,,,
07/02/2025 06:00,,,,,,,,,,,,,,,,,,,161.32,(vau),,,,,,,,,,,,,,,
07/02/2025 07:00,,,,,,,,,,,,,,,,,,,161.32,(vau),,,,,,,,,,,,,,,
07/02/2025 08:00,,,,,,,,,,,,,,,,,,,161.38,(vau),,,,,,,,,,,,,,,
07/02/2025 09:00,,,,,,,,,,,,,,,,,,,161.54,(vau),,,,,,,,,,,,,,,
07/02/2025 10:00,,,,,,,,,,,,,,,,,,,161.51,(vau),,,,,,,,,,,,,,,
07/02/2025 11:00,,,,,,,,,,,,,,,,,,,161.39,(vau),,,,,,,,,,,,,,,
07/02/2025 12:00,,,,,,,,,,,,,,,,,,,161.32,(vau),,,,,,,,,,,,,,,
07/02/2025 13:00,,,,,,,,,,,,,,,,,,,161.23,(vau),,,,,,,,,,,,,,,
07/02/2025 14:00,,,,,,,,,,,,,,,,,,,161.06,(vau),,,,,,,,,,,,,,,
07/02/2025 15:00,,,,,,,,,,,,,,,,,,,160.9,(vau),,,,,,,,,,,,,,,
07/02/2025 16:00,,,,,,,,,,,,,,,,,,,160.87,(vau),,,,,,,,,,,,,,,
07/02/2025 17:00,,,,,,,,,,,,,,,,,,,160.87,(vau),,,,,,,,,,,,,,,
07/02/2025 18:00,,,,,,,,,,,,,,,,,,,161,(vau),,,,,,,,,,,,,,,
07/02/2025 19:00,,,,,,,,,,,,,,,,,,,161.17,(vau),,,,,,,,,,,,,,,
07/02/2025 20:00,,,,,,,,,,,,,,,,,,,161.27,(vau),,,,,,,,,,,,,,,
07/02/2025 21:00,,,,,,,,,,,,,,,,,,,161.45,(vau),,,,,,,,,,,,,,,
07/02/2025 22:00,,,,,,,,,,,,,,,,,,,161.54,(vau),,,,,,,,,,,,,,,
07/02/2025 23:00,,,,,,,,,,,,,,,,,,,161.5,(vau),161.5,(vau),,,,,,,,,,,154850,,
08/02/2025 00:00,97.17,(vau),,,,,0,(vau),68,(vc),,,68,(vau),,,,,161.49,(vau),,,,,,,,,,,,,,,
08/02/2025 01:00,,,,,,,,,,,,,,,,,,,161.43,(vau),,,,,,,,,,,,,,,
08/02/2025 02:00,,,,,,,,,,,,,,,,,,,161.39,(vau),,,,,,,,,,,,,,,
08/02/2025 03:00,,,,,,,,,,,,,,,,,,,161.32,(vau),,,,,,,,,,,,,,,
08/02/2025 04:00,,,,,,,,,,,,,,,,,,,161.25,(vau),,,,,,,,,,,,,,,
08/02/2025 05:00,,,,,,,,,,,,,,,,,,,161.23,(vau),,,,,,,,,,,,,,,
08/02/2025 06:00,,,,,,,,,,,,,,,,,,,161.16,(vau),,,,,,,,,,,,,,,
08/02/2025 07:00,,,,,,,,,,,,,,,,,,,161.16,(vau),,,,,,,,,,,,,,,
08/02/2025 08:00,,,,,,,,,,,,,,,,,,,161.16,(vau),,,,,,,,,,,,,,,
08/02/2025 09:00,,,,,,,,,,,,,,,,,,,161.32,(vau),,,,,,,,,,,,,,,
08/02/2025 10:00,,,,,,,,,,,,,,,,,,,161.17,(vau),,,,,,,,,,,,,,,
08/02/2025 11:00,,,,,,,,,,,,,,,,,,,161,(vau),,,,,,,,,,,,,,,
08/02/2025 12:00,,,,,,,,,,,,,,,,,,,160.91,(vau),,,,,,,,,,,,,,,
08/02/2025 13:00,,,,,,,,,,,,,,,,,,,160.68,(vau),,,,,,,,,,,,,,,
08/02/2025 14:00,,,,,,,,,,,,,,,,,,,160.59,(vau),,,,,,,,,,,,,,,
08/02/2025 15:00,,,,,,,,,,,,,,,,,,,160.4,(vau),,,,,,,,,,,,,,,
08/02/2025 16:00,,,,,,,,,,,,,,,,,,,160.21,(vau),,,,,,,,,,,,,,,
08/02/2025 17:00,,,,,,,,,,,,,,,,,,,160.32,(vau),,,,,,,,,,,,,,,
08/02/2025 18:00,,,,,,,,,,,,,,,,,,,160.36,(vau),,,,,,,,,,,,,,,
08/02/2025 19:00,,,,,,,,,,,,,,,,,,,160.59,(vau),,,,,,,,,,,,,,,
08/02/2025 20:00,,,,,,,,,,,,,,,,,,,160.75,(vau),,,,,,,,,,,,,,,
08/02/2025 21:00,,,,,,,,,,,,,,,,,,,160.85,(vau),,,,,,,,,,,,,,,
08/02/2025 22:00,,,,,,,,,,,,,,,,,,,161.06,(vau),,,,,,,,,,,,,,,
08/02/2025 23:00,,,,,,,,,,,,,,,,,,,161.16,(vau),161.16,(vau),,,,,,,,,,,153010,,
09/02/2025 00:00,81.25,(vau),,,,,0,(vau),68,(vc),,,68,(vau),,,,,161.28,(vau),,,,,,,,,,,,,,,
09/02/2025 01:00,,,,,,,,,,,,,,,,,,,161.25,(vau),,,,,,,,,,,,,,,
09/02/2025 02:00,,,,,,,,,,,,,,,,,,,161.16,(vau),,,,,,,,,,,,,,,
09/02/2025 03:00,,,,,,,,,,,,,,,,,,,161.16,(vau),,,,,,,,,,,,,,,
09/02/2025 04:00,,,,,,,,,,,,,,,,,,,161.07,(vau),,,,,,,,,,,,,,,
09/02/2025 05:00,,,,,,,,,,,,,,,,,,,161.04,(vau),,,,,,,,,,,,,,,
09/02/2025 06:00,,,,,,,,,,,,,,,,,,,161,(vau),,,,,,,,,,,,,,,
09/02/2025 07:00,,,,,,,,,,,,,,,,,,,161.01,(vau),,,,,,,,,,,,,,,
09/02/2025 08:00,,,,,,,,,,,,,,,,,,,161.16,(vau),,,,,,,,,,,,,,,
09/02/2025 09:00,,,,,,,,,,,,,,,,,,,161.07,(vau),,,,,,,,,,,,,,,
09/02/2025 10:00,,,,,,,,,,,,,,,,,,,160.94,(vau),,,,,,,,,,,,,,,
09/02/2025 11:00,,,,,,,,,,,,,,,,,,,160.81,(vau),,,,,,,,,,,,,,,
09/02/2025 12:00,,,,,,,,,,,,,,,,,,,160.59,(vau),,,,,,,,,,,,,,,
09/02/2025 13:00,,,,,,,,,,,,,,,,,,,160.48,(vau),,,,,,,,,,,,,,,
09/02/2025 14:00,,,,,,,,,,,,,,,,,,,160.27,(vau),,,,,,,,,,,,,,,
09/02/2025 15:00,,,,,,,,,,,,,,,,,,,160.1,(vau),,,,,,,,,,,,,,,
09/02/2025 16:00,,,,,,,,,,,,,,,,,,,159.96,(vau),,,,,,,,,,,,,,,
09/02/2025 17:00,,,,,,,,,,,,,,,,,,,159.81,(vau),,,,,,,,,,,,,,,
09/02/2025 18:00,,,,,,,,,,,,,,,,,,,159.97,(vau),,,,,,,,,,,,,,,
09/02/2025 19:00,,,,,,,,,,,,,,,,,,,160.12,(vau),,,,,,,,,,,,,,,
09/02/2025 20:00,,,,,,,,,,,,,,,,,,,160.14,(vau),,,,,,,,,,,,,,,
09/02/2025 21:00,,,,,,,,,,,,,,,,,,,160.36,(vau),,,,,,,,,,,,,,,
09/02/2025 22:00,,,,,,,,,,,,,,,,,,,160.42,(vau),,,,,,,,,,,,,,,
09/02/2025 23:00,,,,,,,,,,,,,,,,,,,160.43,(vau),160.43,(vau),,,,,,,,,,,149604,,
10/02/2025 00:00,112.27,(vau),,,,,0,(vau),68,(vc),,,68,(vau),,,,,160.56,(vau),,,,,,,,,,,,,,,
10/02/2025 01:00,,,,,,,,,,,,,,,,,,,160.52,(vau),,,,,,,,,,,,,,,
10/02/2025 02:00,,,,,,,,,,,,,,,,,,,160.52,(vau),,,,,,,,,,,,,,,
10/02/2025 03:00,,,,,,,,,,,,,,,,,,,160.43,(vau),,,,,,,,,,,,,,,
10/02/2025 04:00,,,,,,,,,,,,,,,,,,,160.36,(vau),,,,,,,,,,,,,,,
10/02/2025 05:00,,,,,,,,,,,,,,,,,,,160.36,(vau),,,,,,,,,,,,,,,
10/02/2025 06:00,,,,,,,,,,,,,,,,,,,160.28,(vau),,,,,,,,,,,,,,,
10/02/2025 07:00,,,,,,,,,,,,,,,,,,,160.27,(vau),,,,,,,,,,,,,,,
10/02/2025 08:00,,,,,,,,,,,,,,,,,,,160.36,(vau),,,,,,,,,,,,,,,
10/02/2025 09:00,,,,,,,,,,,,,,,,,,,160.47,(vau),,,,,,,,,,,,,,,
10/02/2025 10:00,,,,,,,,,,,,,,,,,,,160.61,(vau),,,,,,,,,,,,,,,
10/02/2025 11:00,,,,,,,,,,,,,,,,,,,160.56,(vau),,,,,,,,,,,,,,,
10/02/2025 12:00,,,,,,,,,,,,,,,,,,,160.59,(vau),,,,,,,,,,,,,,,
10/02/2025 13:00,,,,,,,,,,,,,,,,,,,160.52,(vau),,,,,,,,,,,,,,,
10/02/2025 14:00,,,,,,,,,,,,,,,,,,,160.36,(vau),,,,,,,,,,,,,,,
10/02/2025 15:00,,,,,,,,,,,,,,,,,,,160.4,(vau),,,,,,,,,,,,,,,
10/02/2025 16:00,,,,,,,,,,,,,,,,,,,160.32,(vau),,,,,,,,,,,,,,,
10/02/2025 17:00,,,,,,,,,,,,,,,,,,,160.4,(vau),,,,,,,,,,,,,,,
10/02/2025 18:00,,,,,,,,,,,,,,,,,,,160.6,(vau),,,,,,,,,,,,,,,
10/02/2025 19:00,,,,,,,,,,,,,,,,,,,160.63,(vau),,,,,,,,,,,,,,,
10/02/2025 20:00,,,,,,,,,,,,,,,,,,,160.74,(vau),,,,,,,,,,,,,,,
10/02/2025 21:00,,,,,,,,,,,,,,,,,,,160.86,(vau),,,,,,,,,,,,,,,
10/02/2025 22:00,,,,,,,,,,,,,,,,,,,160.91,(vau),,,,,,,,,,,,,,,
10/02/2025 23:00,,,,,,,,,,,,,,,,,,,160.47,(vdd),160.47,(vdd),,,,,,,150000,,,,150000,,
11/02/2025 00:00,105.62,(vau),,,,,0,(vau),68,(vc),,,68,(vau),,,,,161,(vau),,,,,,,,,,,,,,,
11/02/2025 01:00,,,,,,,,,,,,,,,,,,,160.92,(vau),,,,,,,,,,,,,,,
11/02/2025 02:00,,,,,,,,,,,,,,,,,,,160.91,(vau),,,,,,,,,,,,,,,
11/02/2025 03:00,,,,,,,,,,,,,,,,,,,160.85,(vau),,,,,,,,,,,,,,,
11/02/2025 04:00,,,,,,,,,,,,,,,,,,,160.85,(vau),,,,,,,,,,,,,,,
11/02/2025 05:00,,,,,,,,,,,,,,,,,,,160.81,(vau),,,,,,,,,,,,,,,
11/02/2025 06:00,,,,,,,,,,,,,,,,,,,160.75,(vau),,,,,,,,,,,,,,,
11/02/2025 07:00,,,,,,,,,,,,,,,,,,,160.85,(vau),,,,,,,,,,,,,,,
11/02/2025 08:00,,,,,,,,,,,,,,,,,,,160.85,(vau),,,,,,,,,,,,,,,
11/02/2025 09:00,,,,,,,,,,,,,,,,,,,161.06,(vau),,,,,,,,,,,,,,,
11/02/2025 10:00,,,,,,,,,,,,,,,,,,,160.98,(vau),,,,,,,,,,,,,,,
11/02/2025 11:00,,,,,,,,,,,,,,,,,,,160.91,(vau),,,,,,,,,,,,,,,
11/02/2025 12:00,,,,,,,,,,,,,,,,,,,160.92,(vau),,,,,,,,,,,,,,,
11/02/2025 13:00,,,,,,,,,,,,,,,,,,,160.85,(vau),,,,,,,,,,,,,,,
11/02/2025 14:00,,,,,,,,,,,,,,,,,,,160.85,(vau),,,,,,,,,,,,,,,
11/02/2025 15:00,,,,,,,,,,,,,,,,,,,160.77,(vau),,,,,,,,,,,,,,,
11/02/2025 16:00,,,,,,,,,,,,,,,,,,,160.69,(vau),,,,,,,,,,,,,,,
11/02/2025 17:00,,,,,,,,,,,,,,,,,,,160.85,(vau),,,,,,,,,,,,,,,
11/02/2025 18:00,,,,,,,,,,,,,,,,,,,160.96,(vau),,,,,,,,,,,,,,,
11/02/2025 19:00,,,,,,,,,,,,,,,,,,,161.09,(vau),,,,,,,,,,,,,,,
11/02/2025 20:00,,,,,,,,,,,,,,,,,,,161.27,(vau),,,,,,,,,,,,,,,
11/02/2025 21:00,,,,,,,,,,,,,,,,,,,161.36,(vau),,,,,,,,,,,,,,,
11/02/2025 22:00,,,,,,,,,,,,,,,,,,,161.51,(vau),,,,,,,,,,,,,,,
11/02/2025 23:00,,,,,,,,,,,,,,,,,,,161.6,(vau),161.6,(vau),,,,,,,,,,,155521,,
12/02/2025 00:00,96.71,(vau),,,,,0,(vau),68,(vc),,,68,(vau),,,,,161.71,(vau),,,,,,,,,,,,,,,
12/02/2025 01:00,,,,,,,,,,,,,,,,,,,161.63,(vau),,,,,,,,,,,,,,,
12/02/2025 02:00,,,,,,,,,,,,,,,,,,,161.62,(vau),,,,,,,,,,,,,,,
12/02/2025 03:00,,,,,,,,,,,,,,,,,,,161.63,(vau),,,,,,,,,,,,,,,
12/02/2025 04:00,,,,,,,,,,,,,,,,,,,161.55,(vau),,,,,,,,,,,,,,,
12/02/2025 05:00,,,,,,,,,,,,,,,,,,,161.58,(vau),,,,,,,,,,,,,,,
12/02/2025 06:00,,,,,,,,,,,,,,,,,,,161.52,(vau),,,,,,,,,,,,,,,
12/02/2025 07:00,,,,,,,,,,,,,,,,,,,161.5,(vau),,,,,,,,,,,,,,,
12/02/2025 08:00,,,,,,,,,,,,,,,,,,,161.64,(vau),,,,,,,,,,,,,,,
12/02/2025 09:00,,,,,,,,,,,,,,,,,,,161.56,(vau),,,,,,,,,,,,,,,
12/02/2025 10:00,,,,,,,,,,,,,,,,,,,161.39,(vau),,,,,,,,,,,,,,,
12/02/2025 11:00,,,,,,,,,,,,,,,,,,,161.31,(vau),,,,,,,,,,,,,,,
12/02/2025 12:00,,,,,,,,,,,,,,,,,,,161.07,(vau),,,,,,,,,,,,,,,
12/02/2025 13:00,,,,,,,,,,,,,,,,,,,160.99,(vau),,,,,,,,,,,,,,,
12/02/2025 14:00,,,,,,,,,,,,,,,,,,,160.79,(vau),,,,,,,,,,,,,,,
12/02/2025 15:00,,,,,,,,,,,,,,,,,,,160.59,(vau),,,,,,,,,,,,,,,
12/02/2025 16:00,,,,,,,,,,,,,,,,,,,160.52,(vau),,,,,,,,,,,,,,,
12/02/2025 17:00,,,,,,,,,,,,,,,,,,,160.36,(vau),,,,,,,,,,,,,,,
12/02/2025 18:00,,,,,,,,,,,,,,,,,,,160.52,(vau),,,,,,,,,,,,,,,
12/02/2025 19:00,,,,,,,,,,,,,,,,,,,160.68,(vau),,,,,,,,,,,,,,,
12/02/2025 20:00,,,,,,,,,,,,,,,,,,,160.77,(vau),,,,,,,,,,,,,,,
12/02/2025 21:00,,,,,,,,,,,,,,,,,,,160.91,(vau),,,,,,,,,,,,,,,
12/02/2025 22:00,,,,,,,,,,,,,,,,,,,161.07,(vau),,,,,,,,,,,,,,,
12/02/2025 23:00,,,,,,,,,,,,,,,,,,,161.16,(vau),161.16,(vau),,,,,,,,,,,153010,,
13/02/2025 00:00,116.64,(vau),,,,,0,(vau),67.6,(vc),,,67.6,(vau),,,,,161.3,(vau),,,,,,,,,,,,,,,
13/02/2025 01:00,,,,,,,,,,,,,,,,,,,161.23,(vau),,,,,,,,,,,,,,,
13/02/2025 02:00,,,,,,,,,,,,,,,,,,,161.25,(vau),,,,,,,,,,,,,,,
13/02/2025 03:00,,,,,,,,,,,,,,,,,,,161.33,(vau),,,,,,,,,,,,,,,
13/02/2025 04:00,,,,,,,,,,,,,,,,,,,161.23,(vau),,,,,,,,,,,,,,,
13/02/2025 05:00,,,,,,,,,,,,,,,,,,,161.19,(vau),,,,,,,,,,,,,,,
13/02/2025 06:00,,,,,,,,,,,,,,,,,,,161.07,(vau),,,,,,,,,,,,,,,
13/02/2025 07:00,,,,,,,,,,,,,,,,,,,161.07,(vau),,,,,,,,,,,,,,,
13/02/2025 08:00,,,,,,,,,,,,,,,,,,,161.28,(vau),,,,,,,,,,,,,,,
13/02/2025 09:00,,,,,,,,,,,,,,,,,,,161.33,(vau),,,,,,,,,,,,,,,
13/02/2025 10:00,,,,,,,,,,,,,,,,,,,161.19,(vau),,,,,,,,,,,,,,,
13/02/2025 11:00,,,,,,,,,,,,,,,,,,,161.06,(vau),,,,,,,,,,,,,,,
13/02/2025 12:00,,,,,,,,,,,,,,,,,,,160.86,(vau),,,,,,,,,,,,,,,
13/02/2025 13:00,,,,,,,,,,,,,,,,,,,160.74,(vau),,,,,,,,,,,,,,,
13/02/2025 14:00,,,,,,,,,,,,,,,,,,,160.59,(vau),,,,,,,,,,,,,,,
13/02/2025 15:00,,,,,,,,,,,,,,,,,,,160.43,(vau),,,,,,,,,,,,,,,
13/02/2025 16:00,,,,,,,,,,,,,,,,,,,160.36,(vau),,,,,,,,,,,,,,,
13/02/2025 17:00,,,,,,,,,,,,,,,,,,,160.37,(vau),,,,,,,,,,,,,,,
13/02/2025 18:00,,,,,,,,,,,,,,,,,,,160.39,(vau),,,,,,,,,,,,,,,
13/02/2025 19:00,,,,,,,,,,,,,,,,,,,160.58,(vau),,,,,,,,,,,,,,,
13/02/2025 20:00,,,,,,,,,,,,,,,,,,,160.75,(vau),,,,,,,,,,,,,,,
13/02/2025 21:00,,,,,,,,,,,,,,,,,,,160.85,(vau),,,,,,,,,,,,,,,
13/02/2025 22:00,,,,,,,,,,,,,,,,,,,161,(vau),,,,,,,,,,,,,,,
13/02/2025 23:00,,,,,,,,,,,,,,,,,,,161.07,(vau),161.07,,,,,,,,,,,,152604,,
14/02/2025 00:00,117.64,(vau),,,,,0,(vau),68,(vc),,,68,(vau),,,,,,,,,,,,,,,,,,,,,
14/02/2025 23:00,,,,,,,,,,,,,,,,,,,,,160.9,,,,,,,,,,,,151880,,
15/02/2025 00:00,117.29,(vau),,,,,0,(vau),68,(vc),,,68,(vau),,,,,,,,,,,,,,,,,,,,,
15/02/2025 23:00,,,,,,,,,,,,,,,,,,,,,160.64,,,,,,,,,,,,150730,,
16/02/2025 00:00,79.97,(vau),,,,,0,(vau),68,(vc),,,68,(vau),,,,,,,,,,,,,,,,,,,,,
16/02/2025 23:00,,,,,,,,,,,,,,,,,,,,,160.07,,,,,,,,,,,,147000,,
17/02/2025 00:00,136.2,(vau),,,,,0,(vau),68,(vc),,,68,(vau),,,,,,,,,,,,,,,,,,,,,
17/02/2025 23:00,,,,,,,,,,,,,,,,,,,160.9,(vco),160.9,(vco),,,,,,,152000,,,,152000,,
18/02/2025 00:00,63.1,(vau),,,,,0,(vau),68,(vc),,,68,(vau),,,,,,,,,,,,,,,,,,,,,
18/02/2025 23:00,,,,,,,,,,,,,,,,,,,,,160.08,,,,,,,,,,,,147090,,
19/02/2025 00:00,82.19,(vau),,,,,0,(vau),67.43,(vc),,,67.43,(vau),,,,,,,,,,,,,,,,,,,,,
19/02/2025 23:00,,,,,,,,,,,,,,,,,,,,,159.88,,,,,,,,,,,,145550,,
20/02/2025 00:00,59.04,(vau),,,,,0,(vau),68,(vc),,,68,(vau),,,,,,,,,,,,,,,,,,,,,
20/02/2025 23:00,,,,,,,,,,,,,,,,,,,,,158.92,,,,,,,,,,,,140060,,
21/02/2025 00:00,76.82,(vau),,,,,0,(vau),67.55,(vc),,,67.55,(vau),,,,,,,,,,,,,,,,,,,,,
21/02/2025 23:00,,,,,,,,,,,,,,,,,,,,,158.99,,,,,,,,,,,,140420,,
22/02/2025 00:00,89.81,(vau),,,,,0,(vau),68,(vc),,,68,(vau),,,,,,,,,,,,,,,,,,,,,
22/02/2025 23:00,,,,,,,,,,,,,,,,,,,,,159.23,,,,,,,,,,,,141790,,
23/02/2025 00:00,53.05,(vau),,,,,0,(vau),42.5,(vc),,,42.5,(vau),,,,,,,,,,,,,,,,,,,,,
23/02/2025 23:00,,,,,,,,,,,,,,,,,,,,,158.37,,,,,,,,,,,,137080,,
24/02/2025 00:00,93.82,(vau),,,,,0,(vau),67.19,(vc),,,67.19,(vau),,,,,,,,,,,,,,,,,,,,,
24/02/2025 23:00,,,,,,,,,,,,,,,,,,,,,157.77,,,,,,,,,,,,134030,,
25/02/2025 00:00,88.23,(vau),,,,,0,(vau),59.12,(vc),,,59.12,(vau),,,,,,,,,,,,,,,,,,,,,
25/02/2025 23:00,,,,,,,,,,,,,,,,,,,,,157.46,,,,,,,,,,,,132500,,
26/02/2025 00:00,73.81,(vau),,,,,0,(vau),55.56,(vc),,,55.56,(vau),,,,,,,,,,,,,,,,,,,,,
26/02/2025 23:00,,,,,,,,,,,,,,,,,,,,,156.78,,,,,,,,,,,,129090,,
27/02/2025 00:00,117.46,(vau),,,,,0,(vau),68,(vc),,,68,(vau),,,,,,,,,,,,,,,,,,,,,
27/02/2025 23:00,,,,,,,,,,,,,,,,,,,,,157.6,,,,,,,,,,,,133200,,
28/02/2025 00:00,78.41,(vau),,,,,0,(vau),56.49,(vc),,,56.49,(vau),,,,,,,,,,,,,,,,,,,,,
28/02/2025 23:00,,,,,,,,,,,,,,,,,,,157.32,(vco),157.32,(vco),,,,,,,132000,,132000,,132000,,
01/03/2025 00:00,46.51,(vau),,,,,0,(vau),25.5,(vc),,,25.5,(vau),,,,,,,,,,,,,,,,,,,,,
01/03/2025 23:00,,,,,,,,,,,,,,,,,,,,,156.78,,,,,,,,,,,,129130,,
02/03/2025 00:00,41.63,(vau),,,,,0,(vau),19.9,(vc),,,19.9,(vau),,,,,,,,,,,,,,,,,,,,,
02/03/2025 23:00,,,,,,,,,,,,,,,,,,,,,155.27,,,,,,,,,,,,121640,,
03/03/2025 00:00,76.28,(vau),,,,,0,(vau),46.54,(vc),,,46.54,(vau),,,,,,,,,,,,,,,,,,,,,
03/03/2025 23:00,,,,,,,,,,,,,,,,,,,154.96,(vco),154.96,(vco),,,,,,,120000,,,,120000,,
04/03/2025 00:00,72.87,(vau),,,,,0,(vau),56.72,(vc),,,56.72,(vau),,,,,,,,,,,,,,,,,,,,,
04/03/2025 23:00,,,,,,,,,,,,,,,,,,,,,155.95,,,,,,,,,,,,125000,,
05/03/2025 00:00,27.15,(vau),,,,,0,(vau),65.5,(vc),,,65.5,(vau),,,,,,,,,,,,,,,,,,,,,
05/03/2025 23:00,,,,,,,,,,,,,,,,,,,,,155.07,,,,,,,,,,,,120680,,
06/03/2025 00:00,56.92,(vau),,,,,0,(vau),63.92,(vc),,,63.92,(vau),,,,,,,,,,,,,,,,,,,,,
06/03/2025 23:00,,,,,,,,,,,,,,,,,,,,,154.43,,,,,,,,,,,,117550,,
07/03/2025 00:00,78.25,(vau),,,,,0,(vau),19.37,(vc),,,19.37,(vau),,,,,,,,,,,,,,,,,,,,,
07/03/2025 23:00,,,,,,,,,,,,,,,,,,,,,154.55,,,,,,,,,,,,118130,,
08/03/2025 00:00,33.57,(vau),,,,,0,(vau),1.25,(vc),,,1.25,(vau),,,,,,,,,,,,,,,,,,,,,
08/03/2025 23:00,,,,,,,,,,,,,,,,,,,,,154.33,,,,,,,,,,,,117080,,
09/03/2025 00:00,45.64,(vau),,,,,0,(vau),12.28,(vc),,,12.28,(vau),,,,,,,,,,,,,,,,,,,,,
09/03/2025 23:00,,,,,,,,,,,,,,,,,,,,,154.22,,,,,,,,,,,,116520,,
10/03/2025 00:00,108.68,(vau),,,,,0,(vau),55.14,(vc),,,55.14,(vau),,,,,,,,,,,,,,,,,,,,,
10/03/2025 23:00,,,,,,,,,,,,,,,,,,,154.45,(vco),155.4,,,,,,,,118000,,,,118000,,
11/03/2025 00:00,93.43,(vau),,,,,0,(vau),55.3,(vc),,,55.3,(vau),,,,,,,,,,,,,,,,,,,,,
11/03/2025 23:00,,,,,,,,,,,,,,,,,,,,,155.39,,,,,,,,,,,,122210,,
12/03/2025 00:00,107.11,(vau),,,,,0,(vau),67.23,(vc),,,67.23,(vau),,,,,,,,,,,,,,,,,,,,,
12/03/2025 23:00,,,,,,,,,,,,,,,,,,,,,155.79,,,,,,,,,,,,124210,,
13/03/2025 00:00,99.35,(vau),,,,,0,(vau),60.43,(vc),,,60.43,(vau),,,,,,,,,,,,,,,,,,,,,
13/03/2025 23:00,,,,,,,,,,,,,,,,,,,,,156.06,,,,,,,,,,,,125540,,
14/03/2025 00:00,43.16,(vau),,,,,0,(vau),14.17,(vc),,,14.17,(vau),,,,,,,,,,,,,,,,,,,,,
14/03/2025 23:00,,,,,,,,,,,,,,,,,,,,,155.33,,,,,,,,,,,,121940,,
15/03/2025 00:00,100.66,(vau),,,,,0,(vau),21.1,(vc),,,21.1,(vau),,,,,,,,,,,,,,,,,,,,,
15/03/2025 23:00,,,,,,,,,,,,,,,,,,,,,155.58,,,,,,,,,,,,123150,,
16/03/2025 00:00,79.82,(vau),,,,,0,(vau),14.45,(vc),,,14.45,(vau),,,,,,,,,,,,,,,,,,,,,
16/03/2025 23:00,,,,,,,,,,,,,,,,,,,,,156.29,,,,,,,,,,,,126660,,
17/03/2025 00:00,78.97,(vau),,,,,0,(vau),14.53,(vc),,,14.53,(vau),,,,,,,,,,,,,,,,,,,,,
17/03/2025 23:00,,,,,,,,,,,,,,,,,,,156.34,(vco),156.34,(vco),,,,,,,127000,,,,127000,,
18/03/2025 00:00,72.94,(vau),,,,,0,(vau),18.65,(vc),,,18.65,(vau),,,,,,,,,,,,,,,,,,,,,
18/03/2025 23:00,,,,,,,,,,,,,,,,,,,,,157.59,,,,,,,,,,,,133160,,
19/03/2025 00:00,31.75,(vau),,,,,0,(vau),19.24,(vc),,,19.24,(vau),,,,,,,,,,,,,,,,,,,,,
19/03/2025 23:00,,,,,,,,,,,,,,,,,,,,,156.74,,,,,,,,,,,,128930,,
20/03/2025 00:00,59.32,(vau),,,,,0,(vau),18.77,(vc),,,18.77,(vau),,,,,,,,,,,,,,,,,,,,,
20/03/2025 23:00,,,,,,,,,,,,,,,,,,,,,155.65,,,,,,,,,,,,123520,,
21/03/2025 00:00,76.18,(vau),,,,,0,(vau),15.49,(vc),,,15.49,(vau),,,,,,,,,,,,,,,,,,,,,
21/03/2025 23:00,,,,,,,,,,,,,,,,,,,,,156.41,,,,,,,,,,,,127290,,
22/03/2025 00:00,58.88,(vau),,,,,0,(vau),12.58,(vc),,,12.58,(vau),,,,,,,,,,,,,,,,,,,,,
22/03/2025 23:00,,,,,,,,,,,,,,,,,,,,,155.49,,,,,,,,,,,,122720,,
23/03/2025 00:00,88.18,(vau),,,,,0,(vau),12.18,(vc),,,12.18,(vau),,,,,,,,,,,,,,,,,,,,,
23/03/2025 23:00,,,,,,,,,,,,,,,,,,,,,155.88,,,,,,,,,,,,124630,,
24/03/2025 00:00,74.37,(vau),,,,,0,(vau),15.94,(vc),,,15.94,(vau),,,,,,,,,,,,,,,,,,,,,
24/03/2025 23:00,,,,,,,,,,,,,,,,,,,155.63,(vco),156.25,,,,,,,,123000,,,,123000,,
25/03/2025 00:00,68.04,(vau),,,,,0,(vau),16.24,(vc),,,16.24,(vau),,,,,,,,,,,,,,,,,,,,,
25/03/2025 23:00,,,,,,,,,,,,,,,,,,,,,155.84,,,,,,,,,,,,124480,,
26/03/2025 00:00,99.62,(vau),,,,,0,(vau),16.76,(vc),,,16.76,(vau),,,,,,,,,,,,,,,,,,,,,
26/03/2025 23:00,,,,,,,,,,,,,,,,,,,,,156.11,,,,,,,,,,,,125790,,
27/03/2025 00:00,43.8,(vau),,,,,0,(vau),15.42,(vc),,,15.42,(vau),,,,,,,,,,,,,,,,,,,,,
27/03/2025 23:00,,,,,,,,,,,,,,,,,,,,,155.72,,,,,,,,,,,,123860,,
28/03/2025 00:00,69.48,(vau),,,,,0,(vau),17.54,(vc),,,17.54,(vau),,,,,,,,,,,,,,,,,,,,,
28/03/2025 23:00,,,,,,,,,,,,,,,,,,,,,155.68,,,,,,,,,,,,123690,,
29/03/2025 00:00,36.59,(vau),,,,,0,(vau),12.78,(vc),,,12.78,(vau),,,,,,,,,,,,,,,,,,,,,
29/03/2025 23:00,,,,,,,,,,,,,,,,,,,,,154.92,,,,,,,,,,,,119940,,
30/03/2025 23:00,,,,,,,,,,,,,,,,,,,,,154.32,,,,,,,,,,,,117000,,
31/03/2025 00:00,50.02,(vau),,,,,0,(vau),14.08,(vc),,,14.08,(vau),,,,,,,,,,,,,,,,,,,,,
31/03/2025 23:00,,,,,,,,,,,,,,,,,,,154.6,(vco),154.6,(vco),,,,,,,118000,,118000,,118000,,
01/04/2025 00:00,120.08,(vau),75.33,(vc),,,0,(vau),19.71,(vc),,,19.71,(vau),,,,,,,,,,,,,195255.36,(vc),,,,,,,
01/04/2025 23:00,,,,,,,,,,,,,,,,,,,,,155.6,,,,,,,,,,,,123260,,
02/04/2025 00:00,67.48,(vau),,,,,0,(vau),17.68,(vc),,,17.68,(vau),,,,,,,,,,,,,,,,,,,,,
02/04/2025 23:00,,,,,,,,,,,,,,,,,,,,,155.8,,,,,,,,,,,,124250,,
03/04/2025 00:00,81.66,(vau),,,,,0,(vau),16.53,(vc),,,16.53,(vau),,,,,,,,,,,,,,,,,,,,,
03/04/2025 23:00,,,,,,,,,,,,,,,,,,,,,156.43,,,,,,,,,,,,127380,,
04/04/2025 00:00,38.69,(vau),,,,,0,(vau),15.68,(vc),,,15.68,(vau),,,,,,,,,,,,,,,,,,,,,
04/04/2025 23:00,,,,,,,,,,,,,,,,,,,,,156.15,,,,,,,,,,,,125970,,
05/04/2025 00:00,55.24,(vau),,,,,0,(vau),12.34,(vc),,,12.34,(vau),,,,,,,,,,,,,,,,,,,,,
05/04/2025 23:00,,,,,,,,,,,,,,,,,,,,,156.05,,,,,,,,,,,,125490,,
06/04/2025 00:00,74.76,(vau),,,,,0,(vau),12.98,(vc),,,12.98,(vau),,,,,,,,,,,,,,,,,,,,,
06/04/2025 23:00,,,,,,,,,,,,,,,,,,,,,156.51,,,,,,,,,,,,127770,,
07/04/2025 00:00,108.87,(vau),,,,,0,(vau),16.49,(vc),,,16.49,(vau),,,,,,,,,,,,,,,,,,,,,
07/04/2025 23:00,,,,,,,,,,,,,,,,,,,157.39,(vco),157.39,(vco),,,,,,,132000,,,,132000,,
08/04/2025 00:00,106.01,(vau),,,,,0,(vau),18.8,(vc),,,18.8,(vau),,,,,,,,,,,,,,,,,,,,,
08/04/2025 23:00,,,,,,,,,,,,,,,,,,,,,158.3,,,,,,,,,,,,136760,,
09/04/2025 00:00,91.19,(vau),,,,,0,(vau),16.89,(vc),,,16.89,(vau),,,,,,,,,,,,,,,,,,,,,
09/04/2025 23:00,,,,,,,,,,,,,,,,,,,,,158.83,,,,,,,,,,,,139550,,
10/04/2025 00:00,56.7,(vau),,,,,0,(vau),15.61,(vc),,,15.61,(vau),,,,,,,,,,,,,,,,,,,,,
10/04/2025 23:00,,,,,,,,,,,,,,,,,,,,,158.28,,,,,,,,,,,,136630,,
11/04/2025 00:00,59.18,(vau),,,,,0,(vau),21.73,(vc),,,21.73,(vau),,,,,,,,,,,,,,,,,,,,,
11/04/2025 23:00,,,,,,,,,,,,,,,,,,,,,158.92,,,,,,,,,,,,140060,,
12/04/2025 00:00,92.92,(vau),,,,,0,(vau),13.97,(vc),,,13.97,(vau),,,,,,,,,,,,,,,,,,,,,
12/04/2025 23:00,,,,,,,,,,,,,,,,,,,,,159.39,,,,,,,,,,,,142680,,
13/04/2025 00:00,29.03,(vau),,,,,0,(vau),12.99,(vc),,,12.99,(vau),,,,,,,,,,,,,,,,,,,,,
13/04/2025 23:00,,,,,,,,,,,,,,,,,,,,,158.53,,,,,,,,,,,,137940,,
14/04/2025 00:00,20.5,(vau),,,,,0,(vau),15.07,(vc),,,15.07,(vau),,,,,,,,,,,,,,,,,,,,,
14/04/2025 23:00,,,,,,,,,,,,,,,,,,,158.44,(vco),158.44,(vco),,,,,,,137000,,,,137000,,
15/04/2025 00:00,87.48,(vau),,,,,0,(vau),16.36,(vc),,,16.36,(vau),,,,,,,,,,,,,,,,,,,,,
15/04/2025 23:00,,,,,,,,,,,,,,,,,,,,,158.05,,,,,,,,,,,,135440,,
16/04/2025 00:00,48.58,(vau),,,,,0,(vau),16.38,(vc),,,16.38,(vau),,,,,,,,,,,,,,,,,,,,,
16/04/2025 23:00,,,,,,,,,,,,,,,,,,,,,157.27,,,,,,,,,,,,131540,,
17/04/2025 00:00,72.14,(vau),,,,,0,(vau),19.19,(vc),,,19.19,(vau),,,,,,,,,,,,,,,,,,,,,
17/04/2025 23:00,,,,,,,,,,,,,,,,,,,,,157.39,,,,,,,,,,,,132160,,
18/04/2025 00:00,106.51,(vau),,,,,0,(vau),17.62,(vc),,,17.62,(vau),,,,,,,,,,,,,,,,,,,,,
18/04/2025 23:00,,,,,,,,,,,,,,,,,,,,,157.69,,,,,,,,,,,,133640,,
19/04/2025 00:00,62.68,(vau),,,,,0,(vau),12.81,(vc),,,12.81,(vau),,,,,,,,,,,,,,,,,,,,,
19/04/2025 23:00,,,,,,,,,,,,,,,,,,,,,156.99,,,,,,,,,,,,130150,,
20/04/2025 00:00,70.32,(vau),,,,,0,(vau),13.9,(vc),,,13.9,(vau),,,,,,,,,,,,,,,,,,,,,
20/04/2025 23:00,,,,,,,,,,,,,,,,,,,,,156.86,,,,,,,,,,,,129490,,
21/04/2025 00:00,159.34,(vau),,,,,0,(vau),33.05,(vc),,,33.05,(vau),,,,,,,,,,,,,,,,,,,,,
21/04/2025 23:00,,,,,,,,,,,,,,,,,,,157.74,(vco),157.74,(vco),,,,,,,134000,,,,134000,,
22/04/2025 00:00,161.41,(vau),,,,,0,(vau),27.91,(vc),,,27.91,(vau),,,,,,,,,,,,,,,,,,,,,
22/04/2025 23:00,,,,,,,,,,,,,,,,,,,,,160.75,,,,,,,,,,,,151220,,
23/04/2025 00:00,91.92,(vau),,,,,0,(vau),28.62,(vc),,,28.62,(vau),,,,,,,,,,,,,,,,,,,,,
23/04/2025 23:00,,,,,,,,,,,,,,,,,,,,,161,,,,,,,,,,,,152300,,
24/04/2025 00:00,82.97,(vau),,,,,0,(vau),45.5,(vc),,,45.5,(vau),,,,,,,,,,,,,,,,,,,,,
24/04/2025 23:00,,,,,,,,,,,,,,,,,,,,,160.85,,,,,,,,,,,,151640,,
25/04/2025 00:00,80.97,(vau),,,,,0,(vau),40.1,(vc),,,40.1,(vau),,,,,,,,,,,,,,,,,,,,,
25/04/2025 23:00,,,,,,,,,,,,,,,,,,,,,160.94,,,,,,,,,,,,152050,,
26/04/2025 00:00,3.76,(vau),,,,,0,(vau),13.26,(vc),,,13.26,(vau),,,,,,,,,,,,,,,,,,,,,
26/04/2025 23:00,,,,,,,,,,,,,,,,,,,,,160.04,,,,,,,,,,,,146710,,
27/04/2025 00:00,21.93,(vau),,,,,0,(vau),11.22,(vc),,,11.22,(vau),,,,,,,,,,,,,,,,,,,,,
27/04/2025 23:00,,,,,,,,,,,,,,,,,,,,,159.5,,,,,,,,,,,,143330,,
28/04/2025 00:00,19.82,(vau),,,,,0,(vau),7.7,(vc),,,7.7,(vau),,,,,,,,,,,,,,,,,,,,,
28/04/2025 23:00,,,,,,,,,,,,,,,,,,,159.6,(vco),159.3,,,,,,,,144000,,,,144000,,
29/04/2025 00:00,53.43,(vau),,,,,0,(vau),14.63,(vc),,,14.63,(vau),,,,,,,,,,,,,,,,,,,,,
29/04/2025 23:00,,,,,,,,,,,,,,,,,,,,,158.35,,,,,,,,,,,,136980,,
30/04/2025 00:00,134.29,(vau),,,,,0,(vau),14.36,(vc),,,14.36,(vau),,,,,,,,,,,,,,,,,,,,,
30/04/2025 23:00,,,,,,,,,,,,,,,,,,,158.86,(vco),160.06,,,,,,,,140000,,140000,,140000,,
01/05/2025 00:00,96.91,(vau),58.42,(vc),,,0,(vau),12.28,(vc),,,12.28,(vau),,,,,,,,,,,,,156472.13,(vc),,,,,,,
01/05/2025 23:00,,,,,,,,,,,,,,,,,,,,,160.43,,,,,,,,,,,,149600,,
02/05/2025 00:00,31.41,(vau),,,,,0,(vau),16.83,(vc),,,16.83,(vau),,,,,,,,,,,,,,,,,,,,,
02/05/2025 23:00,,,,,,,,,,,,,,,,,,,,,160.03,,,,,,,,,,,,146570,,
03/05/2025 00:00,75.68,(vau),,,,,0,(vau),21.12,(vc),,,21.12,(vau),,,,,,,,,,,,,,,,,,,,,
03/05/2025 23:00,,,,,,,,,,,,,,,,,,,,,160.59,,,,,,,,,,,,150470,,
04/05/2025 00:00,68.48,(vau),,,,,0,(vau),52.44,(vc),,,52.44,(vau),,,,,,,,,,,,,,,,,,,,,
04/05/2025 23:00,,,,,,,,,,,,,,,,,,,,,160.85,,,,,,,,,,,,151650,,
05/05/2025 00:00,42.59,(vau),,,,,0,(vau),28.1,(vc),,,28.1,(vau),,,,,,,,,,,,,,,,,,,,,
05/05/2025 23:00,,,,,,,,,,,,,,,,,,,160.98,(vco),161,,,,,,,,152000,,,,152000,,
06/05/2025 00:00,51.96,(vau),,,,,0,(vau),24.55,(vc),,,24.55,(vau),,,,,,,,,,,,,,,,,,,,,
06/05/2025 23:00,,,,,,,,,,,,,,,,,,,,,161.33,,,,,,,,,,,,153830,,
07/05/2025 00:00,78.73,(vau),,,,,0,(vau),51.59,(vc),,,51.59,(vau),,,,,,,,,,,,,,,,,,,,,
07/05/2025 23:00,,,,,,,,,,,,,,,,,,,,,161.48,,,,,,,,,,,,154750,,
08/05/2025 00:00,67.24,(vau),,,,,0,(vau),58.56,(vc),,,58.56,(vau),,,,,,,,,,,,,,,,,,,,,
08/05/2025 23:00,,,,,,,,,,,,,,,,,,,,,161.54,,,,,,,,,,,,155110,,
09/05/2025 00:00,35.65,(vau),,,,,0,(vau),62.17,(vc),,,62.17,(vau),,,,,,,,,,,,,,,,,,,,,
09/05/2025 23:00,,,,,,,,,,,,,,,,,,,,,161.16,,,,,,,,,,,,153010,,
10/05/2025 00:00,12.3,(vau),,,,,0,(vau),24.25,(vc),,,24.25,(vau),,,,,,,,,,,,,,,,,,,,,
10/05/2025 23:00,,,,,,,,,,,,,,,,,,,,,160.24,,,,,,,,,,,,148340,,
11/05/2025 00:00,4.15,(vau),,,,,0,(vau),8.08,(vc),,,8.08,(vau),,,,,,,,,,,,,,,,,,,,,
11/05/2025 23:00,,,,,,,,,,,,,,,,,,,159.7,(vco),158.44,,,,,,,,144507,,,,144507,,
12/05/2025 00:00,51.61,(vau),,,,,0,(vau),14.98,(vc),,,14.98,(vau),,,,,,,,,,,,,,,,,,,,,
12/05/2025 23:00,,,,,,,,,,,,,,,,,,,,,158.32,,,,,,,,,,,,136840,,
13/05/2025 00:00,138.49,(vau),,,,,0,(vau),48.34,(vc),,,48.34,(vau),,,,,,,,,,,,,,,,,,,,,
13/05/2025 23:00,,,,,,,,,,,,,,,,,,,,,159.71,,,,,,,,,,,,144580,,
14/05/2025 00:00,81.19,(vau),,,,,0,(vau),19,(vc),,,19,(vau),,,,,,,,,,,,,,,,,,,,,
14/05/2025 23:00,,,,,,,,,,,,,,,,,,,,,160.24,,,,,,,,,,,,148380,,
15/05/2025 00:00,41.88,(vau),,,,,0,(vau),16.61,(vc),,,16.61,(vau),,,,,,,,,,,,,,,,,,,,,
15/05/2025 23:00,,,,,,,,,,,,,,,,,,,,,160.33,,,,,,,,,,,,149000,,
16/05/2025 00:00,19.32,(vau),,,,,0,(vau),14.87,(vc),,,14.87,(vau),,,,,,,,,,,,,,,,,,,,,
16/05/2025 23:00,,,,,,,,,,,,,,,,,,,,,159.87,,,,,,,,,,,,145520,,
17/05/2025 00:00,50.66,(vau),,,,,0,(vau),11.76,(vc),,,11.76,(vau),,,,,,,,,,,,,,,,,,,,,
17/05/2025 23:00,,,,,,,,,,,,,,,,,,,,,159.17,,,,,,,,,,,,141470,,
18/05/2025 00:00,68.82,(vau),,,,,0,(vau),15.35,(vc),,,15.35,(vau),,,,,,,,,,,,,,,,,,,,,
18/05/2025 23:00,,,,,,,,,,,,,,,,,,,,,158.6,,,,,,,,,,,,138320,,
19/05/2025 00:00,66.65,(vau),,,,,0,(vau),15.72,(vc),,,15.72,(vau),,,,,,,,,,,,,,,,,,,,,
19/05/2025 23:00,,,,,,,,,,,,,,,,,,,158.92,(vco),159.31,,,,,,,,140000,,,,140000,,
20/05/2025 00:00,47.32,(vau),,,,,0,(vau),13.93,(vc),,,13.93,(vau),,,,,,,,,,,,,,,,,,,,,
20/05/2025 23:00,,,,,,,,,,,,,,,,,,,,,158.6,,,,,,,,,,,,138320,,
21/05/2025 00:00,101.41,(vau),,,,,0,(vau),15.73,(vc),,,15.73,(vau),,,,,,,,,,,,,,,,,,,,,
21/05/2025 23:00,,,,,,,,,,,,,,,,,,,,,159.46,,,,,,,,,,,,143130,,
22/05/2025 00:00,28.6,(vau),,,,,0,(vau),12.67,(vc),,,12.67,(vau),,,,,,,,,,,,,,,,,,,,,
22/05/2025 23:00,,,,,,,,,,,,,,,,,,,,,159.54,,,,,,,,,,,,143550,,
23/05/2025 00:00,11.92,(vau),,,,,0,(vau),18.37,(vc),,,18.37,(vau),,,,,,,,,,,,,,,,,,,,,
23/05/2025 23:00,,,,,,,,,,,,,,,,,,,,,159.25,,,,,,,,,,,,141930,,
24/05/2025 00:00,57.25,(vau),,,,,0,(vau),12.36,(vc),,,12.36,(vau),,,,,,,,,,,,,,,,,,,,,
24/05/2025 23:00,,,,,,,,,,,,,,,,,,,,,159.65,,,,,,,,,,,,144240,,
25/05/2025 00:00,48.95,(vau),,,,,0,(vau),10.93,(vc),,,10.93,(vau),,,,,,,,,,,,,,,,,,,,,
25/05/2025 23:00,,,,,,,,,,,,,,,,,,,,,159.43,,,,,,,,,,,,142940,,
26/05/2025 00:00,68.02,(vau),,,,,0,(vau),34.59,(vc),,,34.59,(vau),,,,,,,,,,,,,,,,,,,,,
26/05/2025 23:00,,,,,,,,,,,,,,,,,,,159.64,(vco),159.64,(vco),,,,,,,144000,,,,144000,,
27/05/2025 00:00,72.1,(vau),,,,,0,(vau),54.82,(vc),,,54.82,(vau),,,,,,,,,,,,,,,,,,,,,
27/05/2025 23:00,,,,,,,,,,,,,,,,,,,,,159.56,,,,,,,,,,,,143700,,
28/05/2025 00:00,104.1,(vau),,,,,0,(vau),67.08,(vc),,,67.08,(vau),,,,,,,,,,,,,,,,,,,,,
28/05/2025 23:00,,,,,,,,,,,,,,,,,,,,,159.72,,,,,,,,,,,,144640,,
29/05/2025 00:00,86.61,(vau),,,,,0,(vau),67.4,(vc),,,67.4,(vau),,,,,,,,,,,,,,,,,,,,,
29/05/2025 23:00,,,,,,,,,,,,,,,,,,,,,159.39,,,,,,,,,,,,142700,,
30/05/2025 00:00,66.53,(vau),,,,,0,(vau),58.85,(vc),,,58.85,(vau),,,,,,,,,,,,,,,,,,,,,
30/05/2025 23:00,,,,,,,,,,,,,,,,,,,,,159.43,,,,,,,,,,,,142920,,
31/05/2025 00:00,34.61,(vau),,,,,0,(vau),68,(vc),,,68,(vau),,,,,,,,,,,,,,,,,,,,,
31/05/2025 23:00,,,,,,,,,,,,,,,,,,,159.74,(vco),157.87,,,,,,,,144732,,144732,,144732,,
01/06/2025 00:00,26.13,(vau),,,,,0,(vau),15.56,(vc),,,15.56,(vau),,,,,,,,,,,,,,,,,,,,,
01/06/2025 23:00,,,,,,,,,,,,,,,,,,,,,156.51,,,,,,,,,,,,127790,,
02/06/2025 00:00,64.37,(vau),,,,,0,(vau),17.2,(vc),,,17.2,(vau),,,,,,,,,,,,,,,,,,,,,
02/06/2025 23:00,,,,,,,,,,,,,,,,,,,,,157.28,,,,,,,,,,,,131630,,
03/06/2025 00:00,54.08,(vau),,,,,0,(vau),19.14,(vc),,,19.14,(vau),,,,,,,,,,,,,,,,,,,,,
03/06/2025 23:00,,,,,,,,,,,,,,,,,,,,,157.18,,,,,,,,,,,,131120,,
04/06/2025 00:00,50.08,(vau),,,,,0,(vau),17.4,(vc),,,17.4,(vau),,,,,,,,,,,,,,,,,,,,,
04/06/2025 23:00,,,,,,,,,,,,,,,,,,,,,157.69,,,,,,,,,,,,133640,,
05/06/2025 00:00,26.19,(vau),,,,,0,(vau),36.61,(vc),,,36.61,(vau),,,,,,,,,,,,,,,,,,,,,
05/06/2025 23:00,,,,,,,,,,,,,,,,,,,,,157.49,,,,,,,,,,,,132650,,
06/06/2025 00:00,39.55,(vau),,,,,0,(vau),31.65,(vc),,,31.65,(vau),,,,,,,,,,,,,,,,,,,,,
06/06/2025 23:00,,,,,,,,,,,,,,,,,,,,,157.46,,,,,,,,,,,,132500,,
07/06/2025 00:00,4.8,(vau),,,,,0,(vau),12.82,(vc),,,12.82,(vau),,,,,,,,,,,,,,,,,,,,,
07/06/2025 23:00,,,,,,,,,,,,,,,,,,,,,156.21,,,,,,,,,,,,126300,,
08/06/2025 00:00,5.24,(vau),,,,,0,(vau),12.11,(vc),,,12.11,(vau),,,,,,,,,,,,,,,,,,,,,
08/06/2025 23:00,,,,,,,,,,,,,,,,,,,,,155.8,,,,,,,,,,,,124250,,
09/06/2025 00:00,65.84,(vau),,,,,0,(vau),15.06,(vc),,,15.06,(vau),,,,,,,,,,,,,,,,,,,,,
09/06/2025 23:00,,,,,,,,,,,,,,,,,,,,,156.67,,,,,,,,,,,,128550,,
10/06/2025 00:00,69.4,(vau),,,,,0,(vau),19.1,(vc),,,19.1,(vau),,,,,,,,,,,,,,,,,,,,,
10/06/2025 23:00,,,,,,,,,,,,,,,,,,,,,157.43,,,,,,,,,,,,132370,,
11/06/2025 00:00,19.83,(vau),,,,,0,(vau),15.62,(vc),,,15.62,(vau),,,,,,,,,,,,,,,,,,,,,
11/06/2025 23:00,,,,,,,,,,,,,,,,,,,,,157.31,,,,,,,,,,,,131760,,
13/06/2025 00:00,21.2,(vau),,,,,0,(vau),25.14,(vc),,,25.14,(vau),,,,,,,,,,,,,,,,,,,,,
13/06/2025 23:00,,,,,,,,,,,,,,,,,,,,,157.35,,,,,,,,,,,,131940,,
14/06/2025 00:00,26.42,(vau),,,,,0,(vau),12.42,(vc),,,12.42,(vau),,,,,,,,,,,,,,,,,,,,,
14/06/2025 23:00,,,,,,,,,,,,,,,,,,,,,156.48,,,,,,,,,,,,127610,,
15/06/2025 00:00,12.55,(vau),,,,,0,(vau),11.77,(vc),,,11.77,(vau),,,,,,,,,,,,,,,,,,,,,
15/06/2025 23:00,,,,,,,,,,,,,,,,,,,,,155.67,,,,,,,,,,,,123610,,
16/06/2025 00:00,64.22,(vau),,,,,0,(vau),16.94,(vc),,,16.94,(vau),,,,,,,,,,,,,,,,,,,,,
16/06/2025 23:00,,,,,,,,,,,,,,,,,,,155.74,(vco),155.74,(vco),,,,,,,124000,,,,124000,,
17/06/2025 00:00,81.93,(vau),,,,,0,(vau),27.88,(vc),,,27.88,(vau),,,,,,,,,,,,,,,,,,,,,
17/06/2025 23:00,,,,,,,,,,,,,,,,,,,,,157.34,,,,,,,,,,,,131920,,
18/06/2025 00:00,51.56,(vau),,,,,0,(vau),46.03,(vc),,,46.03,(vau),,,,,,,,,,,,,,,,,,,,,
18/06/2025 23:00,,,,,,,,,,,,,,,,,,,,,157.42,,,,,,,,,,,,132310,,
19/06/2025 00:00,42.45,(vau),,,,,0,(vau),44.53,(vc),,,44.53,(vau),,,,,,,,,,,,,,,,,,,,,
19/06/2025 23:00,,,,,,,,,,,,,,,,,,,,,157.37,,,,,,,,,,,,132040,,
20/06/2025 00:00,28.6,(vau),,,,,0,(vau),16.76,(vc),,,16.76,(vau),,,,,,,,,,,,,,,,,,,,,
20/06/2025 23:00,,,,,,,,,,,,,,,,,,,,,156.69,,,,,,,,,,,,128690,,
21/06/2025 00:00,75.33,(vau),,,,,0,(vau),9.46,(vc),,,9.46,(vau),,,,,,,,,,,,,,,,,,,,,
21/06/2025 23:00,,,,,,,,,,,,,,,,,,,,,156.64,,,,,,,,,,,,128440,,
22/06/2025 00:00,76.48,(vau),,,,,0,(vau),10.95,(vc),,,10.95,(vau),,,,,,,,,,,,,,,,,,,,,
22/06/2025 23:00,,,,,,,,,,,,,,,,,,,,,156.63,,,,,,,,,,,,128350,,
23/06/2025 00:00,57.91,(vau),,,,,0,(vau),16.76,(vc),,,16.76,(vau),,,,,,,,,,,,,,,,,,,,,
23/06/2025 23:00,,,,,,,,,,,,,,,,,,,156.82,(vco),156.82,(vco),,,,,,,129000,,,,129000,,
24/06/2025 00:00,48.18,(vau),,,,,0,(vau),12.35,(vc),,,12.35,(vau),,,,,,,,,,,,,,,,,,,,,
24/06/2025 23:00,,,,,,,,,,,,,,,,,,,,,157.14,,,,,,,,,,,,130920,,
25/06/2025 00:00,52.26,(vau),,,,,0,(vau),22.31,(vc),,,22.31,(vau),,,,,,,,,,,,,,,,,,,,,
25/06/2025 23:00,,,,,,,,,,,,,,,,,,,,,157.37,,,,,,,,,,,,132060,,
26/06/2025 00:00,0.53,(vau),,,,,0,(vau),18.59,(vc),,,18.59,(vau),,,,,,,,,,,,,,,,,,,,,
26/06/2025 23:00,,,,,,,,,,,,,,,,,,,,,156.6,,,,,,,,,,,,128210,,
27/06/2025 00:00,54.99,(vau),,,,,0,(vau),12.56,(vc),,,12.56,(vau),,,,,,,,,,,,,,,,,,,,,
27/06/2025 23:00,,,,,,,,,,,,,,,,,,,,,157.3,,,,,,,,,,,,131690,,
28/06/2025 00:00,39.31,(vau),,,,,0,(vau),14.28,(vc),,,14.28,(vau),,,,,,,,,,,,,,,,,,,,,
28/06/2025 23:00,,,,,,,,,,,,,,,,,,,,,156.76,,,,,,,,,,,,129010,,
29/06/2025 00:00,36.68,(vau),,,,,0,(vau),10.85,(vc),,,10.85,(vau),,,,,,,,,,,,,,,,,,,,,
29/06/2025 23:00,,,,,,,,,,,,,,,,,,,,,155.96,,,,,,,,,,,,125030,,
30/06/2025 00:00,72.42,(vau),,,,,0,(vau),15.22,(vc),,,15.22,(vau),,,,,,,,,,,,,,,,,,,,,
30/06/2025 23:00,,,,,,,,,,,,,,,,,,,156.26,(vco),156.26,(vco),,,,,,,127000,,127000,,127000,,
01/07/2025 00:00,47.09,(vau),,,,,0,(vau),19.31,(vc),,,19.31,(vau),,,,,,,,,,,,,,,,,,,,,
01/07/2025 23:00,,,,,,,,,,,,,,,,,,,,,157.27,,,,,,,,,,,,131580,,
02/07/2025 00:00,29.84,(vau),,,,,0,(vau),17.59,(vc),,,17.59,(vau),,,,,,,,,,,,,,,,,,,,,
02/07/2025 23:00,,,,,,,,,,,,,,,,,,,,,156.49,,,,,,,,,,,,127690,,
03/07/2025 00:00,59.1,(vau),,,,,0,(vau),14.45,(vc),,,14.45,(vau),,,,,,,,,,,,,,,,,,,,,
03/07/2025 23:00,,,,,,,,,,,,,,,,,,,,,157.04,,,,,,,,,,,,130410,,
04/07/2025 00:00,30.28,(vau),,,,,0,(vau),10.2,(vc),,,10.2,(vau),,,,,,,,,,,,,,,,,,,,,
04/07/2025 23:00,,,,,,,,,,,,,,,,,,,,,157.38,,,,,,,,,,,,132100,,
05/07/2025 00:00,20.24,(vau),,,,,0,(vau),14.82,(vc),,,14.82,(vau),,,,,,,,,,,,,,,,,,,,,
05/07/2025 23:00,,,,,,,,,,,,,,,,,,,,,156.46,,,,,,,,,,,,127500,,
06/07/2025 00:00,82.93,(vau),,,,,0,(vau),13.25,(vc),,,13.25,(vau),,,,,,,,,,,,,,,,,,,,,
06/07/2025 23:00,,,,,,,,,,,,,,,,,,,,,156.37,,,,,,,,,,,,127100,,
07/07/2025 00:00,83.49,(vau),,,,,0,(vau),13.92,(vc),,,13.92,(vau),,,,,,,,,,,,,,,,,,,,,
07/07/2025 23:00,,,,,,,,,,,,,,,,,,,157.1,(vco),156.61,,,,,,,,131000,,,,131000,,
08/07/2025 00:00,64.9,(vau),,,,,0,(vau),18.09,(vc),,,18.09,(vau),,,,,,,,,,,,,,,,,,,,,
08/07/2025 23:00,,,,,,,,,,,,,,,,,,,,,156.63,,,,,,,,,,,,128390,,
09/07/2025 00:00,58.04,(vau),,,,,0,(vau),15.49,(vc),,,15.49,(vau),,,,,,,,,,,,,,,,,,,,,
09/07/2025 23:00,,,,,,,,,,,,,,,,,,,,,157.36,,,,,,,,,,,,132020,,
10/07/2025 00:00,33.9,(vau),,,,,0,(vau),22.97,(vc),,,22.97,(vau),,,,,,,,,,,,,,,,,,,,,
10/07/2025 23:00,,,,,,,,,,,,,,,,,,,,,157.15,,,,,,,,,,,,130950,,
11/07/2025 00:00,27.51,(vau),,,,,0,(vau),23.36,(vc),,,23.36,(vau),,,,,,,,,,,,,,,,,,,,,
11/07/2025 23:00,,,,,,,,,,,,,,,,,,,,,157.21,,,,,,,,,,,,131270,,
12/07/2025 00:00,34.79,(vau),,,,,0,(vau),12.37,(vc),,,12.37,(vau),,,,,,,,,,,,,,,,,,,,,
12/07/2025 23:00,,,,,,,,,,,,,,,,,,,,,156.67,,,,,,,,,,,,128590,,
13/07/2025 00:00,53.06,(vau),,,,,0,(vau),11.03,(vc),,,11.03,(vau),,,,,,,,,,,,,,,,,,,,,
13/07/2025 23:00,,,,,,,,,,,,,,,,,,,,,156.51,,,,,,,,,,,,127790,,
14/07/2025 00:00,23.4,(vau),,,,,0,(vau),16.06,(vc),,,16.06,(vau),,,,,,,,,,,,,,,,,,,,,
14/07/2025 23:00,,,,,,,,,,,,,,,,,,,156.57,(vco),156.6,,,,,,,,128000,,,,128000,,
15/07/2025 00:00,29.68,(vau),,,,,0,(vau),16.01,(vc),,,16.01,(vau),,,,,,,,,,,,,,,,,,,,,
15/07/2025 23:00,,,,,,,,,,,,,,,,,,,,,156.06,,,,,,,,,,,,125550,,
16/07/2025 00:00,90.9,(vau),,,,,0,(vau),16.76,(vc),,,16.76,(vau),,,,,,,,,,,,,,,,,,,,,
16/07/2025 23:00,,,,,,,,,,,,,,,,,,,,,157.33,,,,,,,,,,,,131860,,
17/07/2025 00:00,14.23,(vau),,,,,0,(vau),16.77,(vc),,,16.77,(vau),,,,,,,,,,,,,,,,,,,,,
17/07/2025 23:00,,,,,,,,,,,,,,,,,,,,,157.11,,,,,,,,,,,,130760,,
18/07/2025 00:00,21.62,(vau),,,,,0.16,(vau),16.43,(vc),,,16.27,(vau),,,,,,,,,,,,,,,,,,,,,
18/07/2025 23:00,,,,,,,,,,,,,,,,,,,,,156.45,,,,,,,,,,,,127500,,
20/07/2025 00:00,18.21,(vau),,,,,0,(vau),12.27,(vc),,,12.27,(vau),,,,,,,,,,,,,,,,,,,,,
20/07/2025 23:00,,,,,,,,,,,,,,,,,,,,,155.7,,,,,,,,,,,,123760,,
21/07/2025 00:00,53.84,(vau),,,,,0,(vau),15.69,(vc),,,15.69,(vau),,,,,,,,,,,,,,,,,,,,,
21/07/2025 23:00,,,,,,,,,,,,,,,,,,,155.88,(vco),155.88,(vco),,,,,,,125000,,,,125000,,
22/07/2025 00:00,80.55,(vau),,,,,0,(vau),13.38,(vc),,,13.38,(vau),,,,,,,,,,,,,,,,,,,,,
22/07/2025 23:00,,,,,,,,,,,,,,,,,,,,,156.36,,,,,,,,,,,,127040,,
23/07/2025 00:00,87.13,(vau),,,,,0,(vau),16.88,(vc),,,16.88,(vau),,,,,,,,,,,,,,,,,,,,,
23/07/2025 23:00,,,,,,,,,,,,,,,,,,,,,156.93,,,,,,,,,,,,129840,,
24/07/2025 00:00,53.5,(vau),,,,,0,(vau),15.34,(vc),,,15.34,(vau),,,,,,,,,,,,,,,,,,,,,
24/07/2025 23:00,,,,,,,,,,,,,,,,,,,,,156.52,,,,,,,,,,,,127840,,
25/07/2025 00:00,55.67,(vau),,,,,0,(vau),16.37,(vc),,,16.37,(vau),,,,,,,,,,,,,,,,,,,,,
25/07/2025 23:00,,,,,,,,,,,,,,,,,,,,,156.29,,,,,,,,,,,,126660,,
26/07/2025 00:00,45.71,(vau),,,,,0,(vau),12.44,(vc),,,12.44,(vau),,,,,,,,,,,,,,,,,,,,,
26/07/2025 23:00,,,,,,,,,,,,,,,,,,,,,156.27,,,,,,,,,,,,126590,,
27/07/2025 00:00,74.06,(vau),,,,,0,(vau),14.09,(vc),,,14.09,(vau),,,,,,,,,,,,,,,,,,,,,
27/07/2025 23:00,,,,,,,,,,,,,,,,,,,,,156.16,,,,,,,,,,,,126060,,
28/07/2025 00:00,55.49,(vau),,,,,0,(vau),11.25,(vc),,,11.25,(vau),,,,,,,,,,,,,,,,,,,,,
28/07/2025 23:00,,,,,,,,,,,,,,,,,,,156.58,(vco),156.58,(vco),,,,,,,128000,,,,128000,,
29/07/2025 00:00,67.98,(vau),,,,,0,(vau),12.69,(vc),,,12.69,(vau),,,,,,,,,,,,,,,,,,,,,
29/07/2025 23:00,,,,,,,,,,,,,,,,,,,,,156.23,,,,,,,,,,,,126360,,
30/07/2025 00:00,77.96,(vau),,,,,0,(vau),18.08,(vc),,,18.08,(vau),,,,,,,,,,,,,,,,,,,,,
30/07/2025 23:00,,,,,,,,,,,,,,,,,,,,,157.2,,,,,,,,,,,,131200,,
31/07/2025 00:00,34.92,(vau),,,,,0,(vau),20.24,(vc),,,20.24,(vau),,,,,,,,,,,,,,,,,,,,,
31/07/2025 23:00,,,,,,,,,,,,,,,,,,,157.41,(vco),157.43,,,,,,,,132230,,132230,,132230,,
01/08/2025 00:00,46.54,(vau),54.26,(vc),,,0,(vau),18.6,(vc),,,18.6,(vau),,,,,,,,,,,,,145329.98,(vc),,,,,,,
01/08/2025 23:00,,,,,,,,,,,,,,,,,,,,,156.74,,,,,,,,,,,,128930,,
02/08/2025 00:00,49.11,(vau),,,,,0,(vau),10.59,(vc),,,10.59,(vau),,,,,,,,,,,,,,,,,,,,,
02/08/2025 23:00,,,,,,,,,,,,,,,,,,,,,156.11,,,,,,,,,,,,125790,,
03/08/2025 00:00,45.4,(vau),,,,,0,(vau),10.93,(vc),,,10.93,(vau),,,,,,,,,,,,,,,,,,,,,
03/08/2025 23:00,,,,,,,,,,,,,,,,,,,,,156.19,,,,,,,,,,,,126170,,
04/08/2025 00:00,73.53,(vau),,,,,0,(vau),16.6,(vc),,,16.6,(vau),,,,,,,,,,,,,,,,,,,,,
04/08/2025 23:00,,,,,,,,,,,,,,,,,,,156.6,(vco),156.6,(vco),,,,,,,128000,,,,128000,,
05/08/2025 00:00,65.33,(vau),,,,,0,(vau),18.3,(vc),,,18.3,(vau),,,,,,,,,,,,,,,,,,,,,
05/08/2025 23:00,,,,,,,,,,,,,,,,,,,,,157.56,,,,,,,,,,,,133010,,
06/08/2025 00:00,40.54,(vau),,,,,0,(vau),15.08,(vc),,,15.08,(vau),,,,,,,,,,,,,,,,,,,,,
06/08/2025 23:00,,,,,,,,,,,,,,,,,,,,,157.16,,,,,,,,,,,,131020,,
07/08/2025 00:00,41.51,(vau),,,,,0,(vau),28.17,(vc),,,28.17,(vau),,,,,,,,,,,,,,,,,,,,,
07/08/2025 23:00,,,,,,,,,,,,,,,,,,,,,157.33,,,,,,,,,,,,131850,,
08/08/2025 00:00,23.66,(vau),,,,,0,(vau),19.57,(vc),,,19.57,(vau),,,,,,,,,,,,,,,,,,,,,
08/08/2025 23:00,,,,,,,,,,,,,,,,,,,,,157.35,,,,,,,,,,,,131960,,
09/08/2025 00:00,27.83,(vau),,,,,0,(vau),13.1,(vc),,,13.1,(vau),,,,,,,,,,,,,,,,,,,,,
09/08/2025 23:00,,,,,,,,,,,,,,,,,,,,,156.45,,,,,,,,,,,,127490,,
10/08/2025 00:00,50.28,(vau),,,,,0,(vau),12.75,(vc),,,12.75,(vau),,,,,,,,,,,,,,,,,,,,,
10/08/2025 23:00,,,,,,,,,,,,,,,,,,,,,156.28,,,,,,,,,,,,126650,,
11/08/2025 00:00,53.54,(vau),,,,,0,(vau),17.28,(vc),,,17.28,(vau),,,,,,,,,,,,,,,,,,,,,
11/08/2025 23:00,,,,,,,,,,,,,,,,,,,156.55,(vco),156.83,,,,,,,,127961,,,,127961,,
12/08/2025 00:00,36.01,(vau),,,,,0,(vau),20.55,(vc),,,20.55,(vau),,,,,,,,,,,,,,,,,,,,,
12/08/2025 23:00,,,,,,,,,,,,,,,,,,,,,156.9,,,,,,,,,,,,129690,,
13/08/2025 00:00,55.04,(vau),,,,,0,(vau),31.7,(vc),,,31.7,(vau),,,,,,,,,,,,,,,,,,,,,
13/08/2025 23:00,,,,,,,,,,,,,,,,,,,,,157.27,,,,,,,,,,,,131550,,
14/08/2025 00:00,46.41,(vau),,,,,0,(vau),17,(vc),,,17,(vau),,,,,,,,,,,,,,,,,,,,,
14/08/2025 23:00,,,,,,,,,,,,,,,,,,,,,157.16,,,,,,,,,,,,130990,,
15/08/2025 00:00,62.23,(vau),,,,,0,(vau),14.04,(vc),,,14.04,(vau),,,,,,,,,,,,,,,,,,,,,
15/08/2025 23:00,,,,,,,,,,,,,,,,,,,,,156.87,,,,,,,,,,,,129560,,
16/08/2025 00:00,77.78,(vau),,,,,0,(vau),16.32,(vc),,,16.32,(vau),,,,,,,,,,,,,,,,,,,,,
16/08/2025 23:00,,,,,,,,,,,,,,,,,,,,,157.25,,,,,,,,,,,,131440,,
17/08/2025 00:00,47.15,(vau),,,,,0,(vau),22.43,(vc),,,22.43,(vau),,,,,,,,,,,,,,,,,,,,,
17/08/2025 23:00,,,,,,,,,,,,,,,,,,,,,156.65,,,,,,,,,,,,128450,,
18/08/2025 00:00,57.52,(vau),,,,,0,(vau),25.53,(vc),,,25.53,(vau),,,,,,,,,,,,,,,,,,,,,
18/08/2025 23:00,,,,,,,,,,,,,,,,,,,,,157.12,,,,,,,,,,,,130810,,
19/08/2025 00:00,30,(vau),,,,,0,(vau),13.94,(vc),,,13.94,(vau),,,,,,,,,,,,,,,,,,,,,
19/08/2025 23:00,,,,,,,,,,,,,,,,,,,,,156.45,,,,,,,,,,,,127470,,
20/08/2025 00:00,54,(vau),,,,,0,(vau),14.55,(vc),,,14.55,(vau),,,,,,,,,,,,,,,,,,,,,
20/08/2025 23:00,,,,,,,,,,,,,,,,,,,,,156.1,,,,,,,,,,,,125740,,
21/08/2025 00:00,89.59,(vau),,,,,0,(vau),17.94,(vc),,,17.94,(vau),,,,,,,,,,,,,,,,,,,,,
21/08/2025 23:00,,,,,,,,,,,,,,,,,,,,,156.55,,,,,,,,,,,,127960,,
22/08/2025 00:00,88.46,(vau),,,,,0,(vau),14.57,(vc),,,14.57,(vau),,,,,,,,,,,,,,,,,,,,,
22/08/2025 23:00,,,,,,,,,,,,,,,,,,,,,157.17,,,,,,,,,,,,131080,,
23/08/2025 00:00,49.27,(vau),,,,,0,(vau),9.66,(vc),,,9.66,(vau),,,,,,,,,,,,,,,,,,,,,
23/08/2025 23:00,,,,,,,,,,,,,,,,,,,,,156.93,,,,,,,,,,,,129860,,
24/08/2025 00:00,59.78,(vau),,,,,0,(vau),13.15,(vc),,,13.15,(vau),,,,,,,,,,,,,,,,,,,,,
24/08/2025 23:00,,,,,,,,,,,,,,,,,,,,,156.75,,,,,,,,,,,,128980,,
25/08/2025 00:00,60.54,(vau),,,,,0,(vau),11.32,(vc),,,11.32,(vau),,,,,,,,,,,,,,,,,,,,,
25/08/2025 23:00,,,,,,,,,,,,,,,,,,,157.13,(vco),157.13,(vco),,,,,,,130845,,,,130845,,
26/08/2025 00:00,69.57,(vau),,,,,0,(vau),19.28,(vc),,,19.28,(vau),,,,,,,,,,,,,,,,,,,,,
26/08/2025 23:00,,,,,,,,,,,,,,,,,,,,,157.24,,,,,,,,,,,,131420,,
27/08/2025 00:00,53.78,(vau),,,,,0,(vau),22.79,(vc),,,22.79,(vau),,,,,,,,,,,,,,,,,,,,,
27/08/2025 23:00,,,,,,,,,,,,,,,,,,,,,156.82,,,,,,,,,,,,129330,,
28/08/2025 00:00,61.89,(vau),,,,,0,(vau),10.96,(vc),,,10.96,(vau),,,,,,,,,,,,,,,,,,,,,
28/08/2025 23:00,,,,,,,,,,,,,,,,,,,,,156.77,,,,,,,,,,,,129060,,
29/08/2025 00:00,53.02,(vau),,,,,0,(vau),14.03,(vc),,,14.03,(vau),,,,,,,,,,,,,,,,,,,,,
29/08/2025 23:00,,,,,,,,,,,,,,,,,,,,,157.09,,,,,,,,,,,,130650,,
30/08/2025 00:00,47.55,(vau),,,,,0,(vau),14,(vc),,,14,(vau),,,,,,,,,,,,,,,,,,,,,
30/08/2025 23:00,,,,,,,,,,,,,,,,,,,,,156.59,,,,,,,,,,,,128160,,
31/08/2025 00:00,65.25,(vau),,,,,0,(vau),15.12,(vc),,,15.12,(vau),,,,,,,,,,,,,,,,,,,,,
31/08/2025 23:00,,,,,,,,,,,,,,,,,,,157.13,(vco),157.13,(vco),,,,,,,130877,,130877,,130877,,
01/09/2025 00:00,62.81,(vau),,,,,0,(vau),11.36,(vc),,,11.36,(vau),,,,,,,,,,,,,,,,,,,,,
01/09/2025 23:00,,,,,,,,,,,,,,,,,,,,,155.91,,,,,,,,,,,,124800,,
02/09/2025 00:00,82.92,(vau),,,,,0,(vau),16.64,(vc),,,16.64,(vau),,,,,,,,,,,,,,,,,,,,,
02/09/2025 23:00,,,,,,,,,,,,,,,,,,,,,156.09,,,,,,,,,,,,125700,,
03/09/2025 00:00,62.3,(vau),,,,,0,(vau),14.71,(vc),,,14.71,(vau),,,,,,,,,,,,,,,,,,,,,
03/09/2025 23:00,,,,,,,,,,,,,,,,,,,,,156.39,,,,,,,,,,,,127190,,
04/09/2025 00:00,75.45,(vau),,,,,0,(vau),17.07,(vc),,,17.07,(vau),,,,,,,,,,,,,,,,,,,,,
04/09/2025 23:00,,,,,,,,,,,,,,,,,,,,,156.47,,,,,,,,,,,,127550,,
05/09/2025 23:00,,,,,,,,,,,,,,,,,,,,,156.71,,,,,,,,,,,,128750,,
06/09/2025 00:00,37.25,(vau),,,,,0,(vau),12.63,(vc),,,12.63,(vau),,,,,,,,,,,,,,,,,,,,,
06/09/2025 23:00,,,,,,,,,,,,,,,,,,,,,155.91,,,,,,,,,,,,124780,,
07/09/2025 00:00,43.66,(vau),,,,,0,(vau),12.63,(vc),,,12.63,(vau),,,,,,,,,,,,,,,,,,,,,
07/09/2025 23:00,,,,,,,,,,,,,,,,,,,,,156.08,,,,,,,,,,,,125630,,
08/09/2025 00:00,81.07,(vau),,,,,0,(vau),15.15,(vc),,,15.15,(vau),,,,,,,,,,,,,,,,,,,,,
08/09/2025 23:00,,,,,,,,,,,,,,,,,,,156.43,(vco),156.43,(vco),,,,,,,127385,,,,127385,,
09/09/2025 00:00,38.79,(vau),,,,,0,(vau),8.66,(vc),,,8.66,(vau),,,,,,,,,,,,,,,,,,,,,
09/09/2025 23:00,,,,,,,,,,,,,,,,,,,,,157.03,,,,,,,,,,,,130360,,
10/09/2025 00:00,62.3,(vau),,,,,0,(vau),16.15,(vc),,,16.15,(vau),,,,,,,,,,,,,,,,,,,,,
10/09/2025 23:00,,,,,,,,,,,,,,,,,,,,,156.77,,,,,,,,,,,,129050,,
11/09/2025 00:00,54.89,(vau),,,,,0,(vau),15.44,(vc),,,15.44,(vau),,,,,,,,,,,,,,,,,,,,,
11/09/2025 23:00,,,,,,,,,,,,,,,,,,,,,156.38,,,,,,,,,,,,127150,,
12/09/2025 00:00,65.52,(vau),,,,,0,(vau),16.51,(vc),,,16.51,(vau),,,,,156.42,(vau),,,,,,,,,,,,,,,
12/09/2025 01:00,,,,,,,,,,,,,,,,,,,156.45,(vau),,,,,,,,,,,,,,,
12/09/2025 02:00,,,,,,,,,,,,,,,,,,,156.44,(vau),,,,,,,,,,,,,,,
12/09/2025 03:00,,,,,,,,,,,,,,,,,,,156.46,(vau),,,,,,,,,,,,,,,
12/09/2025 04:00,,,,,,,,,,,,,,,,,,,156.49,(vau),,,,,,,,,,,,,,,
12/09/2025 05:00,,,,,,,,,,,,,,,,,,,156.62,(vau),,,,,,,,,,,,,,,
12/09/2025 06:00,,,,,,,,,,,,,,,,,,,156.64,(vau),,,,,,,,,,,,,,,
12/09/2025 07:00,,,,,,,,,,,,,,,,,,,156.74,(vau),,,,,,,,,,,,,,,
12/09/2025 08:00,,,,,,,,,,,,,,,,,,,156.76,(vau),,,,,,,,,,,,,,,
12/09/2025 09:00,,,,,,,,,,,,,,,,,,,156.77,(vau),,,,,,,,,,,,,,,
12/09/2025 10:00,,,,,,,,,,,,,,,,,,,156.76,(vau),,,,,,,,,,,,,,,
12/09/2025 11:00,,,,,,,,,,,,,,,,,,,156.79,(vau),,,,,,,,,,,,,,,
12/09/2025 12:00,,,,,,,,,,,,,,,,,,,156.77,(vau),,,,,,,,,,,,,,,
12/09/2025 13:00,,,,,,,,,,,,,,,,,,,156.7,(vau),,,,,,,,,,,,,,,
12/09/2025 14:00,,,,,,,,,,,,,,,,,,,156.57,(vau),,,,,,,,,,,,,,,
12/09/2025 15:00,,,,,,,,,,,,,,,,,,,156.42,(vau),,,,,,,,,,,,,,,
12/09/2025 16:00,,,,,,,,,,,,,,,,,,,156.32,(vau),,,,,,,,,,,,,,,
12/09/2025 17:00,,,,,,,,,,,,,,,,,,,156.25,(vau),,,,,,,,,,,,,,,
12/09/2025 18:00,,,,,,,,,,,,,,,,,,,156.28,(vau),,,,,,,,,,,,,,,
12/09/2025 19:00,,,,,,,,,,,,,,,,,,,156.25,(vau),,,,,,,,,,,,,,,
12/09/2025 20:00,,,,,,,,,,,,,,,,,,,156.49,(vau),,,,,,,,,,,,,,,
12/09/2025 21:00,,,,,,,,,,,,,,,,,,,156.58,(vau),,,,,,,,,,,,,,,
12/09/2025 22:00,,,,,,,,,,,,,,,,,,,156.62,(vau),,,,,,,,,,,,,,,
12/09/2025 23:00,,,,,,,,,,,,,,,,,,,156.75,(vau),156.75,(vau),,,,,,,,,,,128945,,
13/09/2025 00:00,74.03,(vau),,,,,0,(vau),13.99,(vc),,,13.99,(vau),,,,,156.8,(vau),,,,,,,,,,,,,,,
13/09/2025 01:00,,,,,,,,,,,,,,,,,,,156.9,(vau),,,,,,,,,,,,,,,
13/09/2025 02:00,,,,,,,,,,,,,,,,,,,157.02,(vau),,,,,,,,,,,,,,,
13/09/2025 03:00,,,,,,,,,,,,,,,,,,,157.06,(vau),,,,,,,,,,,,,,,
13/09/2025 04:00,,,,,,,,,,,,,,,,,,,157.13,(vau),,,,,,,,,,,,,,,
13/09/2025 05:00,,,,,,,,,,,,,,,,,,,157.2,(vau),,,,,,,,,,,,,,,
13/09/2025 06:00,,,,,,,,,,,,,,,,,,,157.23,(vau),,,,,,,,,,,,,,,
13/09/2025 07:00,,,,,,,,,,,,,,,,,,,157.18,(vau),,,,,,,,,,,,,,,
13/09/2025 08:00,,,,,,,,,,,,,,,,,,,157.18,(vau),,,,,,,,,,,,,,,
13/09/2025 09:00,,,,,,,,,,,,,,,,,,,157.15,(vau),,,,,,,,,,,,,,,
13/09/2025 10:00,,,,,,,,,,,,,,,,,,,157.05,(vau),,,,,,,,,,,,,,,
13/09/2025 11:00,,,,,,,,,,,,,,,,,,,156.9,(vau),,,,,,,,,,,,,,,
13/09/2025 12:00,,,,,,,,,,,,,,,,,,,156.8,(vau),,,,,,,,,,,,,,,
13/09/2025 13:00,,,,,,,,,,,,,,,,,,,156.68,(vau),,,,,,,,,,,,,,,
13/09/2025 14:00,,,,,,,,,,,,,,,,,,,156.57,(vau),,,,,,,,,,,,,,,
13/09/2025 15:00,,,,,,,,,,,,,,,,,,,156.45,(vau),,,,,,,,,,,,,,,
13/09/2025 16:00,,,,,,,,,,,,,,,,,,,156.34,(vau),,,,,,,,,,,,,,,
13/09/2025 17:00,,,,,,,,,,,,,,,,,,,156.21,(vau),,,,,,,,,,,,,,,
13/09/2025 18:00,,,,,,,,,,,,,,,,,,,156.09,(vau),,,,,,,,,,,,,,,
13/09/2025 19:00,,,,,,,,,,,,,,,,,,,156.11,(vau),,,,,,,,,,,,,,,
13/09/2025 20:00,,,,,,,,,,,,,,,,,,,156.27,(vau),,,,,,,,,,,,,,,
13/09/2025 21:00,,,,,,,,,,,,,,,,,,,156.31,(vau),,,,,,,,,,,,,,,
13/09/2025 22:00,,,,,,,,,,,,,,,,,,,156.49,(vau),,,,,,,,,,,,,,,
13/09/2025 23:00,,,,,,,,,,,,,,,,,,,156.62,(vau),156.62,(vau),,,,,,,,,,,128319,,
14/09/2025 00:00,77.06,(vau),,,,,0,(vau),12.42,(vc),,,12.42,(vau),,,,,,,,,,,,,,,,,,,,,
14/09/2025 23:00,,,,,,,,,,,,,,,,,,,,,156.58,,,,,,,,,,,,128130,,
15/09/2025 00:00,32.31,(vau),,,,,0,(vau),14.6,(vc),,,14.6,(vau),,,,,,,,,,,,,,,,,,,,,
15/09/2025 23:00,,,,,,,,,,,,,,,,,,,156.86,(vco),156.86,(vco),,,,,,,130000,,,,130000,,
16/09/2025 00:00,39.26,(vau),,,,,0,(vau),16.43,(vc),,,16.43,(vau),,,,,,,,,,,,,,,,,,,,,
16/09/2025 23:00,,,,,,,,,,,,,,,,,,,,,157.05,,,,,,,,,,,,130440,,
17/09/2025 00:00,62.92,(vau),,,,,0,(vau),19.24,(vc),,,19.24,(vau),,,,,,,,,,,,,,,,,,,,,
17/09/2025 23:00,,,,,,,,,,,,,,,,,,,,,156.75,,,,,,,,,,,,128980,,
18/09/2025 00:00,85.2,(vau),,,,,0,(vau),18.6,(vc),,,18.6,(vau),,,,,,,,,,,,,,,,,,,,,
18/09/2025 23:00,,,,,,,,,,,,,,,,,,,,,157.46,,,,,,,,,,,,132490,,
19/09/2025 00:00,16.09,(vau),,,,,0,(vau),16.36,(vc),,,16.36,(vau),,,,,,,,,,,,,,,,,,,,,
19/09/2025 23:00,,,,,,,,,,,,,,,,,,,,,157.32,,,,,,,,,,,,131790,,
20/09/2025 00:00,20.56,(vau),,,,,0,(vau),11.48,(vc),,,11.48,(vau),,,,,,,,,,,,,,,,,,,,,
20/09/2025 23:00,,,,,,,,,,,,,,,,,,,,,156.61,,,,,,,,,,,,128260,,
21/09/2025 00:00,55.27,(vau),,,,,0,(vau),16.17,(vc),,,16.17,(vau),,,,,,,,,,,,,,,,,,,,,
21/09/2025 23:00,,,,,,,,,,,,,,,,,,,,,156.06,,,,,,,,,,,,125550,,
22/09/2025 00:00,56.98,(vau),,,,,0,(vau),12.6,(vc),,,12.6,(vau),,,,,,,,,,,,,,,,,,,,,
22/09/2025 23:00,,,,,,,,,,,,,,,,,,,156.53,(vco),155.78,,,,,,,,128000,,,,128000,,
23/09/2025 00:00,99.01,(vau),,,,,0,(vau),17.51,(vc),,,17.51,(vau),,,,,,,,,,,,,,,,,,,,,
23/09/2025 23:00,,,,,,,,,,,,,,,,,,,,,156.18,,,,,,,,,,,,126130,,
24/09/2025 00:00,89.85,(vau),,,,,0,(vau),15.27,(vc),,,15.27,(vau),,,,,,,,,,,,,,,,,,,,,
24/09/2025 23:00,,,,,,,,,,,,,,,,,,,,,156.65,,,,,,,,,,,,128460,,
25/09/2025 00:00,83.58,(vau),,,,,0,(vau),13.57,(vc),,,13.57,(vau),,,,,,,,,,,,,,,,,,,,,
25/09/2025 23:00,,,,,,,,,,,,,,,,,,,,,157.03,,,,,,,,,,,,130350,,
26/09/2025 00:00,60.61,(vau),,,,,0,(vau),14.59,(vc),,,14.59,(vau),,,,,,,,,,,,,,,,,,,,,
26/09/2025 23:00,,,,,,,,,,,,,,,,,,,,,156.81,,,,,,,,,,,,129240,,
27/09/2025 00:00,76.89,(vau),,,,,0,(vau),14.86,(vc),,,14.86,(vau),,,,,,,,,,,,,,,,,,,,,
27/09/2025 23:00,,,,,,,,,,,,,,,,,,,,,156.92,,,,,,,,,,,,129830,,
28/09/2025 00:00,32.67,(vau),,,,,0,(vau),12.17,(vc),,,12.17,(vau),,,,,,,,,,,,,,,,,,,,,
28/09/2025 23:00,,,,,,,,,,,,,,,,,,,,,156.29,,,,,,,,,,,,126690,,
29/09/2025 00:00,80.19,(vau),,,,,0,(vau),13.51,(vc),,,13.51,(vau),,,,,,,,,,,,,,,,,,,,,
29/09/2025 23:00,,,,,,,,,,,,,,,,,,,156.93,(vco),156.93,(vco),,,,,,,130000,,,,130000,,
30/09/2025 00:00,88.43,(vau),,,,,0,(vau),12.59,(vc),,,12.59,(vau),,,,,,,,,,,,,,,,,,,,,
30/09/2025 23:00,,,,,,,,,,,,,,,,,,,157.36,(vco),157.31,,,,,,,,132000,,132000,,132000,,
01/10/2025 00:00,93.19,(vau),,,,,0,(vau),20.63,(vc),,,20.63,(vau),,,,,,,,,,,,,,,,,,,,,
01/10/2025 23:00,,,,,,,,,,,,,,,,,,,,,158.33,,,,,,,,,,,,136880,,
02/10/2025 00:00,82.95,(vau),,,,,0,(vau),13.65,(vc),,,13.65,(vau),,,,,,,,,,,,,,,,,,,,,
02/10/2025 23:00,,,,,,,,,,,,,,,,,,,,,158.63,,,,,,,,,,,,138470,,
03/10/2025 00:00,84.57,(vau),,,,,0,(vau),13.33,(vc),,,13.33,(vau),,,,,,,,,,,,,,,,,,,,,
03/10/2025 23:00,,,,,,,,,,,,,,,,,,,,,158.95,,,,,,,,,,,,140220,,
04/10/2025 00:00,31.09,(vau),,,,,0,(vau),13.58,(vc),,,13.58,(vau),,,,,,,,,,,,,,,,,,,,,
04/10/2025 23:00,,,,,,,,,,,,,,,,,,,,,158.04,,,,,,,,,,,,135400,,
05/10/2025 00:00,1.57,(vau),,,,,0,(vau),10.9,(vc),,,10.9,(vau),,,,,,,,,,,,,,,,,,,,,
05/10/2025 23:00,,,,,,,,,,,,,,,,,,,,,156.44,,,,,,,,,,,,127450,,
06/10/2025 00:00,75.71,(vau),,,,,0,(vau),17.37,(vc),,,17.37,(vau),,,,,,,,,,,,,,,,,,,,,
06/10/2025 23:00,,,,,,,,,,,,,,,,,,,156.28,(vco),156.28,(vco),,,,,,,127000,,,,127000,,
07/10/2025 00:00,68.93,(vau),,,,,0,(vau),17.66,(vc),,,17.66,(vau),,,,,,,,,,,,,,,,,,,,,
07/10/2025 23:00,,,,,,,,,,,,,,,,,,,,,157.26,,,,,,,,,,,,131530,,
08/10/2025 00:00,111.68,(vau),,,,,0,(vau),17.43,(vc),,,17.43,(vau),,,,,,,,,,,,,,,,,,,,,
08/10/2025 23:00,,,,,,,,,,,,,,,,,,,,,158.84,,,,,,,,,,,,139600,,
09/10/2025 00:00,41,(vau),,,,,0,(vau),13.21,(vc),,,13.21,(vau),,,,,,,,,,,,,,,,,,,,,
09/10/2025 23:00,,,,,,,,,,,,,,,,,,,,,158.84,,,,,,,,,,,,139610,,
10/10/2025 00:00,19.08,(vau),,,,,0,(vau),16.29,(vc),,,16.29,(vau),,,,,,,,,,,,,,,,,,,,,
10/10/2025 23:00,,,,,,,,,,,,,,,,,,,,,158.08,,,,,,,,,,,,135630,,
11/10/2025 00:00,25.7,(vau),,,,,0,(vau),12.14,(vc),,,12.14,(vau),,,,,,,,,,,,,,,,,,,,,
11/10/2025 23:00,,,,,,,,,,,,,,,,,,,,,157.68,,,,,,,,,,,,133610,,
12/10/2025 00:00,39.48,(vau),,,,,0,(vau),9.44,(vc),,,9.44,(vau),,,,,,,,,,,,,,,,,,,,,
12/10/2025 23:00,,,,,,,,,,,,,,,,,,,,,157.24,,,,,,,,,,,,131420,,
13/10/2025 00:00,73.86,(vau),,,,,0,(vau),20.36,(vc),,,20.36,(vau),,,,,,,,,,,,,,,,,,,,,
13/10/2025 23:00,,,,,,,,,,,,,,,,,,,157.68,(vco),157.68,(vco),,,,,,,134000,,,,134000,,
14/10/2025 00:00,67.77,(vau),,,,,0,(vau),24.9,(vc),,,24.9,(vau),,,,,,,,,,,,,,,,,,,,,
14/10/2025 23:00,,,,,,,,,,,,,,,,,,,,,158.69,,,,,,,,,,,,138780,,
15/10/2025 00:00,36.59,(vau),,,,,0,(vau),23.43,(vc),,,23.43,(vau),,,,,,,,,,,,,,,,,,,,,
15/10/2025 23:00,,,,,,,,,,,,,,,,,,,,,158.84,,,,,,,,,,,,139640,,
16/10/2025 00:00,43.32,(vau),,,,,0,(vau),14.2,(vc),,,14.2,(vau),,,,,,,,,,,,,,,,,,,,,
16/10/2025 23:00,,,,,,,,,,,,,,,,,,,,,158.98,,,,,,,,,,,,140410,,
17/10/2025 00:00,31.27,(vau),,,,,0,(vau),19.3,(vc),,,19.3,(vau),,,,,,,,,,,,,,,,,,,,,
17/10/2025 23:00,,,,,,,,,,,,,,,,,,,,,159.16,,,,,,,,,,,,141370,,
18/10/2025 00:00,26.55,(vau),,,,,0,(vau),13.49,(vc),,,13.49,(vau),,,,,,,,,,,,,,,,,,,,,
18/10/2025 23:00,,,,,,,,,,,,,,,,,,,,,158.63,,,,,,,,,,,,138490,,
19/10/2025 00:00,21.54,(vau),,,,,0,(vau),14.32,(vc),,,14.32,(vau),,,,,,,,,,,,,,,,,,,,,
19/10/2025 23:00,,,,,,,,,,,,,,,,,,,,,157.27,,,,,,,,,,,,131580,,
20/10/2025 00:00,57.94,(vau),,,,,0,(vau),5.71,(vc),,,5.71,(vau),,,,,,,,,,,,,,,,,,,,,
20/10/2025 23:00,,,,,,,,,,,,,,,,,,,157.02,(vco),157.02,(vco),,,,,,,130000,,,,130000,,
21/10/2025 00:00,56.15,(vau),,,,,0,(vau),16.91,(vc),,,16.91,(vau),,,,,,,,,,,,,,,,,,,,,
21/10/2025 23:00,,,,,,,,,,,,,,,,,,,,,156.55,,,,,,,,,,,,127960,,
22/10/2025 00:00,31.04,(vau),,,,,0,(vau),15.16,(vc),,,15.16,(vau),,,,,,,,,,,,,,,,,,,,,
22/10/2025 23:00,,,,,,,,,,,,,,,,,,,,,156.01,,,,,,,,,,,,125320,,
23/10/2025 00:00,81.52,(vau),,,,,0,(vau),19.79,(vc),,,19.79,(vau),,,,,,,,,,,,,,,,,,,,,
23/10/2025 23:00,,,,,,,,,,,,,,,,,,,,,156.03,,,,,,,,,,,,125390,,
24/10/2025 00:00,135.21,(vau),,,,,0,(vau),41.72,(vc),,,41.72,(vau),,,,,,,,,,,,,,,,,,,,,
24/10/2025 23:00,,,,,,,,,,,,,,,,,,,,,157.64,,,,,,,,,,,,133400,,
25/10/2025 22:00,,,,,,,,,,,,,,,,,,,,,,,,,,,,,,,137310,,,,
